network_id,structure,rho_12,rho_13,rho_23,num_edges
0,positive,0.7883314216788259,0.7941263138117053,0.7853497907154666,753
0,independent,0.013692540358609765,-0.010282479361044742,-0.025015929487448733,753
0,tradeoff,-0.3712709390035486,-0.3846465026073412,-0.40640857647177575,753
0,mixed,0.5837159240757298,-0.3844382169807918,-0.21085449712469426,753
1,positive,0.8033936335803936,0.779987083307253,0.7697960101539283,825
1,independent,0.01920793846158177,-0.08770727933172885,-0.05846659018811618,825
1,tradeoff,-0.38065644232285395,-0.4414414669642672,-0.3571870900398757,825
1,mixed,0.6073735919512998,-0.4648237995762008,-0.2931889280751793,825
2,positive,0.793748106657759,0.7879449356725127,0.7961958932593483,829
2,independent,0.004563575771288589,-0.027315353781499005,0.013782432722394065,829
2,tradeoff,-0.38958430836900476,-0.43101684147609864,-0.3578277649807967,829
2,mixed,0.5990010613636002,-0.42467493652128374,-0.20921111222011812,829
3,positive,0.8224319455488436,0.818326776443301,0.8124828652043159,814
3,independent,0.06748607818343151,0.1040511253000892,0.02179585721362912,814
3,tradeoff,-0.353227720358645,-0.37503168563556044,-0.38678698300133896,814
3,mixed,0.6455191976276876,-0.3015145605507234,-0.15459530946319458,814
4,positive,0.7854916768266088,0.7751530377390672,0.7686602193882646,772
4,independent,-0.006886344393705969,-0.05751025639341541,-0.028835041764968157,772
4,tradeoff,-0.3674989032923946,-0.4193277286639274,-0.39513504889029877,772
4,mixed,0.5827820501393594,-0.4353805505348416,-0.2419776257353078,772
5,positive,0.7929804907407861,0.7924718496075156,0.7788191899899287,758
5,independent,-0.004226992741825886,0.038681955332945855,-0.007633146820265052,758
5,tradeoff,-0.3829060659753939,-0.36650135897779956,-0.39015652075566787,758
5,mixed,0.5879485770939809,-0.3472507280373861,-0.1863840517180021,758
6,positive,0.7858751643222883,0.7803794946956253,0.7837595077086817,795
6,independent,-0.013210421977636638,0.009353563080420227,-0.0017149619645962708,795
6,tradeoff,-0.3989493836950977,-0.380488173126384,-0.382045293633594,795
6,mixed,0.5819033698191947,-0.38205423811513933,-0.18069774026792002,795
7,positive,0.8209726040274475,0.8118533371177123,0.8002374839390886,767
7,independent,0.08770373819649852,0.015489956748424795,-0.009638866338018087,767
7,tradeoff,-0.3340912017276659,-0.4329897732454744,-0.3823766803317887,767
7,mixed,0.6458077134074479,-0.3816847946710245,-0.22697981256956618,767
8,positive,0.7754470802503044,0.7524278628156892,0.7689057645260503,795
8,independent,0.03354984510992294,-0.02651988580761171,-0.014272877110570995,795
8,tradeoff,-0.33896760565450096,-0.382473813518905,-0.4157782105586919,795
8,mixed,0.5709085384898813,-0.369967562632933,-0.18153673571202514,795
9,positive,0.7907536069108546,0.7792214141224201,0.7918366833417783,777
9,independent,0.03303533771444867,0.0020163052015674614,0.05751957082206045,777
9,tradeoff,-0.3672671535344534,-0.42572220600488714,-0.36496193439376834,777
9,mixed,0.5994653833414195,-0.3936068928237407,-0.1732118273608794,777
10,positive,0.7714240501685666,0.7916307582395524,0.7795772253995663,821
10,independent,0.00565857962049278,0.023407004885346867,-0.03662844151747139,821
10,tradeoff,-0.35224493118928163,-0.36526999075229466,-0.45746825195074614,821
10,mixed,0.5594217095403832,-0.36979647804059007,-0.19999086534847862,821
11,positive,0.781112408475952,0.7938564345854178,0.78542324264286,773
11,independent,0.02704991518335258,-0.02045683945391813,-0.0072461095120237235,773
11,tradeoff,-0.3367930547535544,-0.4071059207144057,-0.41650556402183453,773
11,mixed,0.5761627708835461,-0.4071987271925957,-0.21289909231096654,773
12,positive,0.7688363848639594,0.7798831067134284,0.7816142911921261,768
12,independent,-0.06718360646380853,-0.03453796863735894,-0.01412554087558312,768
12,tradeoff,-0.4353374435306018,-0.37190368631916576,-0.38011864684653934,768
12,mixed,0.5460420967173268,-0.4244953986477291,-0.2070974394678689,768
13,positive,0.7758351105301781,0.781090933747641,0.7834536879231125,781
13,independent,-0.030153997341486154,-0.0230723490308707,0.009474654076263703,781
13,tradeoff,-0.41530191573070824,-0.38745203355472746,-0.364535391046069,781
13,mixed,0.5648770959244178,-0.4066002985268727,-0.19535996973652175,781
14,positive,0.7869904349397727,0.7867377376762927,0.79613939163013,775
14,independent,-0.04558331666421837,-0.01949917586973728,0.03154332451768285,775
14,tradeoff,-0.4228708214945186,-0.38413608991304604,-0.3577126726166478,775
14,mixed,0.5644774149962577,-0.41757674418682356,-0.1680253212037966,775
15,positive,0.7669410889062872,0.7834098181470783,0.789095258457997,811
15,independent,-0.05258470022577885,-0.04381738594390601,0.0005586713517742023,811
15,tradeoff,-0.4265165021809209,-0.3790085028428847,-0.36956769114113047,811
15,mixed,0.5405461924817074,-0.44003149897776334,-0.2043172126897356,811
16,positive,0.7987503814891885,0.8049561682717216,0.8028750270703903,810
16,independent,-0.00814871567598829,0.04105897685453027,0.007816581606803744,810
16,tradeoff,-0.40362812639901874,-0.3689620632260399,-0.3719174908953296,810
16,mixed,0.5978584171097104,-0.37116686132134136,-0.18123499128214954,810
17,positive,0.7586563287217959,0.7886553087302534,0.7686057820441203,799
17,independent,-0.05924837148186468,0.028974429886658243,-0.04068004306853429,799
17,tradeoff,-0.4155593739305957,-0.32858894862342575,-0.41912642128088307,799
17,mixed,0.5326186235637558,-0.36327172568334914,-0.19650835727453228,799
18,positive,0.7793609963407302,0.7823497839679879,0.7638911344048657,783
18,independent,0.034507553983723925,0.006705876620579824,-0.04157151831359065,783
18,tradeoff,-0.3385467882837986,-0.3753880560067211,-0.43439703415935815,783
18,mixed,0.5754309822162034,-0.3568496659712668,-0.21940158433299847,783
19,positive,0.7590321865926359,0.7933505118978387,0.7857246657006457,825
19,independent,-0.00476379170766703,0.0633901805178932,-0.024199569574775207,825
19,tradeoff,-0.34708640076597946,-0.32613039197433225,-0.48775693087938327,825
19,mixed,0.5473705674703163,-0.32885948789081604,-0.1498309127344991,825
20,positive,0.7609207503298678,0.7804267318016584,0.7613559784002353,768
20,independent,-0.03723149682717207,0.017665788842833974,-0.02478317072231381,768
20,tradeoff,-0.40471235525067945,-0.34626025853743925,-0.41057336052453425,768
20,mixed,0.5482813456189207,-0.3640820525726768,-0.1957066437346743,768
21,positive,0.7723588954887491,0.7720147750902,0.7709235769623528,792
21,independent,0.040889305777429004,0.015291144544061813,-0.0434833542750548,792
21,tradeoff,-0.3211476521739216,-0.3627941647344241,-0.4473690925646906,792
21,mixed,0.5832596163076281,-0.35085790851414134,-0.1937007788034327,792
22,positive,0.7859695794942416,0.7595882104612345,0.7439596449429601,772
22,independent,0.012605868279643388,-0.03676106676735682,-0.033115764958806033,772
22,tradeoff,-0.3705734712817249,-0.39856328041286937,-0.36678961224148054,772
22,mixed,0.5831958424927237,-0.3869674315646034,-0.227862960789285,772
23,positive,0.787046211339909,0.790164574308116,0.7945976979966599,783
23,independent,-0.007821707542161207,0.005430823866399186,0.013520669191926337,783
23,tradeoff,-0.377149601609512,-0.38635773952715935,-0.3944107379395621,783
23,mixed,0.5856159411600853,-0.3816760085438191,-0.1777330883713982,783
24,positive,0.7874328455904209,0.8002389339698064,0.7980567215117941,788
24,independent,0.025802749704837733,0.012523138817669928,0.005632270273127045,788
24,tradeoff,-0.3705521653580381,-0.39663347797157766,-0.40301285539130205,788
24,mixed,0.5885922815998187,-0.38391521483158986,-0.19835454028783459,788
25,positive,0.7689433410408721,0.7805440283536041,0.7849581739233149,772
25,independent,-0.03445201276724757,0.003294525998700556,0.002976768820099455,772
25,tradeoff,-0.4098174118701639,-0.3445846442696463,-0.3972927603622283,772
25,mixed,0.54974393054483,-0.36913358380914696,-0.1582855970475183,772
26,positive,0.8005892966516212,0.7800027830451542,0.7878269729595493,755
26,independent,0.03268154043934035,-0.02533745312845749,0.0010138993542452102,755
26,tradeoff,-0.36837213525492746,-0.4039114874585065,-0.3698699389445193,755
26,mixed,0.609735376109445,-0.3900091246235206,-0.1985459100342191,755
27,positive,0.7827249490615636,0.7884405121404631,0.7622297469141247,816
27,independent,-0.03589739339414289,0.005131015837372502,-0.052713740661346334,816
27,tradeoff,-0.41494889620603437,-0.35294944850506843,-0.4090573659955137,816
27,mixed,0.5659306408656322,-0.37746448360658014,-0.2233690071840866,816
28,positive,0.7445441551945191,0.7827857760176095,0.7835059279285347,761
28,independent,-0.09418018523746652,-0.018030975407686632,0.033299426998338426,761
28,tradeoff,-0.4486266832656321,-0.33607136217600614,-0.3801391465317053,761
28,mixed,0.5143652325261538,-0.39830601848128977,-0.15057678415324227,761
29,positive,0.7839511062336945,0.7824540239040114,0.7889749223624677,739
29,independent,-0.03417901397141686,0.026497005506060402,-0.007087800770917349,739
29,tradeoff,-0.4262442561136342,-0.35707290505669786,-0.3846451178331635,739
29,mixed,0.581005542735154,-0.3643669760236898,-0.17627801331582937,739
30,positive,0.7954889320749549,0.7871433394169294,0.7922107642900125,809
30,independent,0.031903051577495345,-0.016918072340422936,0.02391778497957017,809
30,tradeoff,-0.34683804420986103,-0.42957154636841444,-0.3863011327798006,809
30,mixed,0.5989265393673532,-0.41340429055608285,-0.20032587633973095,809
31,positive,0.799905474474096,0.8030003710367853,0.8016207171922812,807
31,independent,0.03399663971572725,0.023257962623823708,0.02670321834277784,807
31,tradeoff,-0.3664935181700802,-0.4074289660212058,-0.37712112139491416,807
31,mixed,0.6130567071251364,-0.37011583440924156,-0.1886200939209988,807
32,positive,0.7875535981944818,0.7677026041008456,0.8160651459080039,811
32,independent,0.004639766611304163,-0.015971453729015966,0.10567130355587576,811
32,tradeoff,-0.3712675211894094,-0.43648708831755695,-0.3437237588998013,811
32,mixed,0.5792803986474585,-0.4159406790431704,-0.12340609380827249,811
33,positive,0.783470434945338,0.7961525122621681,0.783952244378614,818
33,independent,-0.007780247842178838,0.01608581195324639,-0.046475485407919494,818
33,tradeoff,-0.40458303553027564,-0.37952164344189165,-0.4112067280298248,818
33,mixed,0.5758711987651659,-0.39627348158017084,-0.22987922611985853,818
34,positive,0.8131978436064178,0.8117593481598735,0.8072567997254209,758
34,independent,0.07926803250366765,0.052981811711762125,-0.007162013708395936,758
34,tradeoff,-0.32390033052392,-0.4015015662688559,-0.412120689282723,758
34,mixed,0.6345252508326518,-0.34612945458416317,-0.19222308223294976,758
35,positive,0.7677419905471061,0.7651729737364512,0.7815764598985794,785
35,independent,-0.013699892882155852,-0.042448038954340565,0.03727858886514941,785
35,tradeoff,-0.3931842080883942,-0.4054829557720015,-0.35259969826167853,785
35,mixed,0.5573434131537265,-0.4158974552848014,-0.181189646103168,785
36,positive,0.8014947096452644,0.791394268917173,0.7985874705083693,782
36,independent,0.02261160544277432,0.02019301629703577,0.03166441407702456,782
36,tradeoff,-0.37742386560872465,-0.38019934144391593,-0.37371177987198334,782
36,mixed,0.6018214271322911,-0.3557417449538235,-0.15579315985106348,782
37,positive,0.803920613468587,0.7908936127352927,0.8183596737732823,740
37,independent,0.031726136786347114,-0.0006340658262731027,0.07002739686442382,740
37,tradeoff,-0.3688524622793439,-0.4216445604955867,-0.35295737040098385,740
37,mixed,0.6130595780968163,-0.3915647993225973,-0.1520184694862137,740
38,positive,0.7702927265294521,0.7971651175793311,0.7718334546771342,777
38,independent,0.0028945230786117477,0.005724038771956411,-0.047056266837048485,777
38,tradeoff,-0.3817181248666016,-0.37352587055914016,-0.42527064790323893,777
38,mixed,0.5658056867371761,-0.3861595279981478,-0.22846357304886278,777
39,positive,0.7853788625101642,0.7808663586909427,0.7910531880206932,825
39,independent,-0.026044244881294247,0.0028152957374805794,0.023245055479227037,825
39,tradeoff,-0.40849273832264815,-0.37884900463287496,-0.36695057963540706,825
39,mixed,0.5801491039442367,-0.38825845172415374,-0.17275777362257932,825
40,positive,0.785141314597872,0.7761810585139731,0.7976026673294543,796
40,independent,0.02617975393863886,0.0005364805755066533,0.05025521598783084,796
40,tradeoff,-0.36325283466262864,-0.407400231277176,-0.37180399291690347,796
40,mixed,0.5912760761967497,-0.3873918613940824,-0.16058871317565002,796
41,positive,0.8006318729231685,0.7926847749846287,0.8050232487219107,773
41,independent,0.04295421708281931,0.03098090465612555,0.03395727696731042,773
41,tradeoff,-0.36719489803268096,-0.39954307515068865,-0.3661502751221976,773
41,mixed,0.6095463415873337,-0.364579376772059,-0.1677558796238411,773
42,positive,0.7781735919235039,0.7565967797549422,0.7492561535417669,819
42,independent,-0.028009639101680167,-0.07209707213917582,-0.0381417448242204,819
42,tradeoff,-0.3972649987882456,-0.385139898374362,-0.37118234541271056,819
42,mixed,0.5665161267658148,-0.40859616507529994,-0.22930177435889307,819
43,positive,0.7898467909545595,0.7840740845534467,0.7937998698828094,776
43,independent,0.07586475880040795,-0.02182720353804733,0.015814943326562025,776
43,tradeoff,-0.3228144662146262,-0.4218432280684435,-0.3948306974248242,776
43,mixed,0.6097293428328906,-0.37644889825713007,-0.19129480791429715,776
44,positive,0.7827288835093459,0.7890048189814824,0.7732965442183842,781
44,independent,-0.007146210178405942,-0.0009641390795387076,-0.05671398815593745,781
44,tradeoff,-0.37888030429163644,-0.3497771896039981,-0.413848822932914,781
44,mixed,0.5718284091220907,-0.36850528873072963,-0.2158163862718325,781
45,positive,0.7906684898111601,0.7942093580973498,0.796152761361384,852
45,independent,-0.011550909209973113,0.0054911463333319884,0.006845309306874622,852
45,tradeoff,-0.3970610799490472,-0.37256137609776074,-0.3701610337168544,852
45,mixed,0.5851797959725964,-0.37882157067495265,-0.1793525640813742,852
46,positive,0.7904998716070175,0.8032384627520618,0.7905255047903159,820
46,independent,-0.021367651804247847,-0.0048284120772905115,-0.030221793826166403,820
46,tradeoff,-0.40586937139005974,-0.3669276321178729,-0.39549895784077466,820
46,mixed,0.5801591560155028,-0.39182236757840744,-0.21372143986365968,820
47,positive,0.7792344771747072,0.782599637064648,0.7921018753409286,754
47,independent,0.017262410816769318,0.040778268166487275,0.012741501394809512,754
47,tradeoff,-0.3485970830880487,-0.365274578207408,-0.4356435210798831,754
47,mixed,0.5754645820372719,-0.35434438400858875,-0.1474308269344156,754
48,positive,0.7862297964296312,0.7983658751097842,0.7730945489155728,824
48,independent,0.03237350555252255,-0.0018681885206646837,-0.08903397357924357,824
48,tradeoff,-0.34923638034433807,-0.39786150128812175,-0.44917524439647777,824
48,mixed,0.5859436914413101,-0.42060930193748686,-0.26458740832262595,824
49,positive,0.7962129815583107,0.8009760709248018,0.779643183396226,752
49,independent,0.0031380025345827726,-0.0016395518349624557,-0.04771148269555723,752
49,tradeoff,-0.37357843995373835,-0.38235030626721145,-0.4142374332212797,752
49,mixed,0.586804579038358,-0.39506779065008063,-0.23493226879541385,752
