SEQNO,StationID,StationName,StationPosition,StationAddress,BikeAllowOnHoliday,UpdateTime
1,'BR01',"'{動物園,Taipei Zoo}'","'{121.579501,24.998205}'",'11656臺北市文山區新光路2段32號',0,20260902
2,'BR02',"'{木柵,Muzha}'","'{121.573127,24.99824}'",'11656臺北市文山區木柵路4段135號',0,20260902
3,'BR03',"'{萬芳社區,Wanfang Community}'","'{121.568088,24.99857}'",'11653臺北市文山區萬芳路60號',0,20260902
4,'BR04',"'{萬芳醫院,Wanfang Hospital}'","'{121.558092,24.99932}'",'11696臺北市文山區興隆路3段113號',0,20260902
5,'BR05',"'{辛亥,Xinhai}'","'{121.5570455,25.005455}'",'11694臺北市文山區辛亥路4段128號',0,20260902
6,'BR06',"'{麟光,Linguang}'","'{121.5588335,25.018495}'",'10676臺北市大安區和平東路3段410號',0,20260902
7,'BR07',"'{六張犁,Liuzhangli}'","'{121.55302,25.02381}'",'10674臺北市大安區和平東路3段168號',0,20260902
8,'BR08',"'{科技大樓,Technology Building}'","'{121.5434615,25.02612}'",'10667臺北市大安區復興南路2段235號',0,20260902
9,"'BR09,R05'","'{大安,Daan}'","'{121.54237,25.033311}'","'文湖線：10683臺北市大安區信義路4段2號
淡水信義線：10658臺北市大安區信義路3段180號'",0,20260902
10,"'BR10,BL15'","'{忠孝復興,Zhongxiao Fuxing}'","'{121.545026,25.041749}'","'文湖線：10654臺北市大安區忠孝東路3段302號
板南線：10691臺北市大安區忠孝東路4段47號'",0,20260902
11,'BR12',"'{中山國中,Zhongshan Junior High School}'","'{121.544215,25.06085}'",'10476臺北市中山區復興北路376號',0,20260902
12,'BR13',"'{松山機場,Songshan Airport}'","'{121.55201,25.0629075}'",'10576臺北市松山區敦化北路338號',0,20260902
13,'BR14',"'{大直,Dazhi}'","'{121.54679,25.07943}'",'10465臺北市中山區北安路534之1號',0,20260902
14,'BR15',"'{劍南路,Jiannan Rd.}'","'{121.5555825,25.08483}'",'10464臺北市中山區北安路798號',0,20260902
15,'BR16',"'{西湖,Xihu}'","'{121.567227,25.08216}'",'11493臺北市內湖區內湖路1段256號',0,20260902
16,'BR17',"'{港墘,Gangqian}'","'{121.57516,25.08007}'",'11446臺北市內湖區內湖路1段663號',0,20260902
17,'BR18',"'{文德,Wende}'","'{121.5849995,25.078455}'",'11475臺北市內湖區文德路214號',0,20260902
18,'BR19',"'{內湖,Neihu}'","'{121.594363,25.083675}'",'11489臺北市內湖區成功路4段186號',0,20260902
19,'BR20',"'{大湖公園,Dahu Park}'","'{121.602214,25.083805}'",'11477臺北市內湖區成功路5段11號',0,20260902
20,'BR21',"'{葫洲,Huzhou}'","'{121.6071455,25.07271}'",'11486臺北市內湖區康寧路3段16號',0,20260902
21,'BR22',"'{東湖,Donghu}'","'{121.611535,25.067455}'",'11486臺北市內湖區康寧路3段235號',0,20260902
22,'BR23',"'{南港軟體園區,Nangang Software Park}'","'{121.615,25.05992}'",'11568臺北市南港區經貿二路183號',0,20260902
23,'BR24',"'{南港展覽館,Taipei Nangang Exhibition Center}'","'{121.616861,25.054919}'",'文湖線：11568臺北市南港區南港路1段32號',0,20260902
24,'BL23',"'{南港展覽館,Taipei Nangang Exhibition Center}'","'{121.616861,25.054919}'",'板南線：11568臺北市南港區研究院路1段1號',1,20260902
25,'R01',"'{廣慈/奉天宮,Guangci/Fengtian Temple}'","'{121.581789,25.0375827}'",'110038臺北市信義區福德街86-1號B1',1,20260902
26,'R02',"'{象山,Xiangshan}'","'{121.570116,25.032395}'",'11080臺北市信義區信義路5段152號B1',1,20260902
27,'R03',"'{台北101/世貿,Taipei 101/World Trade Center}'","'{121.563667,25.032865}'",'11049臺北市信義區信義路5段20號B1',1,20260902
28,'R04',"'{信義安和,Xinyi Anhe}'","'{121.552326,25.033015}'",'10681臺北市大安區信義路4段212之1號B1',1,20260902
29,'R06',"'{大安森林公園,Daan Park}'","'{121.536151,25.033225}'",'10656臺北市大安區信義路3段100號B1 ',1,20260902
30,'R07',"'{東門,Dongmen}'","'{121.528766,25.033894}'",'10650臺北市大安區信義路2段166號B1',1,20260902
31,"'R08,G10'","'{中正紀念堂,Chiang Kai-Shek Memorial Hall}'","'{121.518273,25.032767}'",'10074臺北市中正區羅斯福路1段8之1號B1  ',1,20260902
32,'R09',"'{台大醫院,NTU Hospital}'","'{121.51602,25.041399}'",'10048臺北市中正區公園路52號B1',1,20260902
33,"'R10,BL12'","'{台北車站,Taipei Main Station}'","'{121.517415,25.04631}'",'10041臺北市中正區忠孝西路1段49號',0,20260902
34,"'R11,G14'","'{中山,Zhongshan}'","'{121.520364,25.052621}'","'淡水信義線：10444臺北市中山區南京西路16號
松山新店線：10352臺北市大同區南京西路55號'",1,20260902
35,'R12',"'{雙連,Shuanglian}'","'{121.520685,25.057575}'",'10354臺北市大同區民生西路47號',1,20260902
36,"'R13,O11'","'{民權西路,Minzuan W. Rd.}'","'{121.519585,25.06235}'",'10365臺北市大同區民權西路72號',1,20260902
37,'R14',"'{圓山,Yuanshan}'","'{121.520074,25.0714085}'",'10367臺北市大同區酒泉街9之1號',1,20260902
38,'R15',"'{劍潭,Jiantan}'","'{121.5249545,25.0842015}'",'11163臺北市士林區中山北路5段65號',1,20260902
39,'R16',"'{士林,Shilin}'","'{121.52623,25.0934925}'",'11163臺北市士林區福德路1號',1,20260902
40,'R17',"'{芝山,Zhishan}'","'{121.522546,25.102718}'",'11158臺北市士林區福國路70號',1,20260902
41,'R18',"'{明德,Mingde}'","'{121.518785,25.109815}'",'11280臺北市北投區明德路95號',1,20260902
42,'R19',"'{石牌,Shipai}'","'{121.515572,25.114455}'",'11271臺北市北投區石牌路1段200號',1,20260902
43,'R20',"'{唭哩岸,Qilian}'","'{121.506234,25.1208515}'",'11265臺北市北投區東華街2段301號',1,20260902
44,'R21',"'{奇岩,Qiyan}'","'{121.50114,25.1254705}'",'11270臺北市北投區三合街2段489號',1,20260902
45,'R22',"'{北投,Beitou}'","'{121.4986475,25.1318185}'",'11246臺北市北投區光明路1號',1,20260902
46,'R22A',"'{新北投,Xinbeitou}'","'{121.5025955,25.1369315}'",'11268臺北市北投區大業路700號',1,20260902
47,'R23',"'{復興崗,Fuxinggang}'","'{121.485456,25.137497}'",'11257臺北市北投區中央北路3段53巷10號',1,20260902
48,'R24',"'{忠義,Zhongyi}'","'{121.4732975,25.1309225}'",'11257臺北市北投區中央北路4段301號',1,20260902
49,'R25',"'{關渡,Guandu}'","'{121.467,25.12551}'",'11259臺北市北投區大度路3段296巷51號',1,20260902
50,'R26',"'{竹圍,Zhuwei}'","'{121.45955,25.1369}'",'25173新北市淡水區民權路50號',1,20260902
51,'R27',"'{紅樹林,Hongshulin}'","'{121.4588,25.15399}'",'25173新北市淡水區中正東路2段68號',1,20260902
52,'R28',"'{淡水,Tamsui}'","'{121.445805,25.167745}'",'25158新北市淡水區中正路1號',0,20260902
53,'G01',"'{新店,Xindian}'","'{121.53746,24.95761}'",'23152新北市新店區北宜路1段2號',1,20260902
54,'G02',"'{新店區公所,Xindian District Office}'","'{121.5413,24.96744}'",'23147新北市新店區北新路1段295號',1,20260902
55,'G03',"'{七張,Qizhang}'","'{121.542985,24.97545}'",'23143新北市新店區北新路2段150號',1,20260902
56,'G01A',"'{小碧潭,Xiaobitan}'","'{121.53058,24.97188}'",'23150新北市新店區中央路151號4樓',1,20260902
57,'G04',"'{大坪林,Dapinglin}'","'{121.54134,24.9827205}'",'23143新北市新店區北新路3段190號',1,20260902
58,'G05',"'{景美,Jingmei}'","'{121.5406975,24.992824}'",'11674臺北市文山區羅斯福路6段393號',1,20260902
59,'G06',"'{萬隆,Wanlong}'","'{121.539008,25.001978}'",'11678臺北市文山區羅斯福路5段214號',1,20260902
60,'G07',"'{公館,Gongguan}'","'{121.534358,25.014781}'",'10091臺北市中正區羅斯福路4段74號B1',1,20260902
61,'G08',"'{台電大樓,Taipower Building}'","'{121.5281435,25.020733}'",'10089臺北市中正區羅斯福路3段126之5號B1',1,20260902
62,"'G09,O05'","'{古亭,Guting}'","'{121.522868,25.026373}'",'10084臺北市中正區羅斯福路2段164之1號B1 ',1,20260902
63,'G11',"'{小南門,Xiaonanmen}'","'{121.51088,25.035585}'",'10066臺北市中正區愛國西路22號B1',1,20260902
64,'G13',"'{北門,Beimen}'","'{121.510184,25.049554}'",'10341臺北市大同區塔城街10號',1,20260902
65,"'G15,O08'","'{松江南京,Songliang Nanjing}'","'{121.53285,25.052693}'",'10457臺北市中山區松江路126號B1',1,20260902
66,"'G16,BR11'","'{南京復興,Nanjing Fuxing}'","'{121.544303,25.052044}'",'10550臺北市松山區南京東路3段253號',1,20260902
67,'G17',"'{台北小巨蛋,Taipei Arena}'","'{121.552549,25.05152}'",'10553臺北市松山區南京東路4段10-1號',1,20260902
68,'G18',"'{南京三民,Nanjing Sanmin}'","'{121.56471,25.051588}'",'10569臺北市松山區南京東路5段237號',1,20260902
69,'G19',"'{松山,Songshan}'","'{121.577706,25.050118}'",'10567臺北市松山區八德路4段742號',1,20260902
70,'O01',"'{南勢角,Nanshijiao}'","'{121.509237,24.990065}'",'23566新北市中和區捷運路6號  ',1,20260902
71,'O02',"'{景安,Jingan}'","'{121.505114,24.99392}'",'23582新北市中和區景平路486號',1,20260902
72,'O03',"'{永安市場,Yongan Market}'","'{121.511225,25.002895}'",'23574新北市中和區中和路388號',1,20260902
73,'O04',"'{頂溪,Dingxi}'","'{121.515462,25.013858}'",'23445新北市永和區永和路2段168號B1  ',1,20260902
74,'O09',"'{行天宮,Xingtian Temple}'","'{121.53315,25.05924}'",'10468臺北市中山區松江路316號B1',1,20260902
75,'O10',"'{中山國小,Zhongshan Elementary School}'","'{121.526609,25.062665}'",'10452臺北市中山區民權東路1段71號B1',1,20260902
76,'O12',"'{大橋頭,Daqiaotou}'","'{121.5130035,25.06322}'",'10357臺北市大同區民權西路223號B1',1,20260902
77,'O13',"'{台北橋,Taipei Bridge}'","'{121.500575,25.063075}'",'24142新北市三重區重新路1段108號B1',1,20260902
78,'O14',"'{菜寮,Cailiao}'","'{121.491421,25.059451}'",'24143新北市三重區重新路3段150號B1 ',1,20260902
79,'O15',"'{三重,Sanchong}'","'{121.48422,25.05571}'",'24161新北市三重區捷運路36號B1 ',1,20260902
80,'O16',"'{先嗇宮,Xianse Temple}'","'{121.47165,25.04632}'",'24158新北市三重區重新路5段515號B1',1,20260902
81,'O17',"'{頭前庄,Touqianzhuang}'","'{121.461655,25.039735}'",'24251新北市新莊區思源路18號B1',1,20260902
82,'O18',"'{新莊,Xinzhuang}'","'{121.45218,25.03608}'",'24243新北市新莊區中正路138號B1',1,20260902
83,'O19',"'{輔大,Fu Jen University}'","'{121.435735,25.03279}'",'24205新北市新莊區中正路510之1號B1',1,20260902
84,'O20',"'{丹鳳,Danfeng}'","'{121.422422,25.029073}'",'24256新北市新莊區中正路624之1號B1',1,20260902
85,'O21',"'{迴龍,Huilong}'","'{121.411757,25.022107}'",'24257新北市新莊區中正路758號B1',1,20260902
86,'O50',"'{三重國小,Sanchong Elementary School}'","'{121.49701,25.070275}'",'24149新北市三重區三和路3段5號B1',1,20260902
87,'O51',"'{三和國中,Sanhe Junior High School}'","'{121.486795,25.07646}'",'24152新北市三重區三和路4段107號B1',1,20260902
88,'O52',"'{徐匯中學,St.lgnatius High School}'","'{121.479945,25.080485}'",'24753新北市蘆洲區中山一路3號B1',1,20260902
89,'O53',"'{三民高中,Sanmin Senior High School}'","'{121.473365,25.085425}'",'24760新北市蘆洲區三民路105號B1',1,20260902
90,'O54',"'{蘆洲,Luzhou}'","'{121.46471,25.09152}'",'24760新北市蘆洲區三民路386號B1',1,20260902
91,'BL01',"'{頂埔,Dingpu}'","'{121.4205,24.96012}'",'23671新北市土城區中央路4段51-6號B3',1,20260902
92,'BL02',"'{永寧,Yongning}'","'{121.43613,24.96682}'",'23671新北市土城區中央路3段105號B1',1,20260902
93,'BL03',"'{土城,Tucheng}'","'{121.44432,24.97313}'",'23671新北市土城區金城路1段105號B1',1,20260902
94,'BL04',"'{海山,Haishan}'","'{121.44873,24.985305}'",'23660新北市土城區海山路39號B2',1,20260902
95,'BL05',"'{亞東醫院,Far Eastern Hospital}'","'{121.452465,24.99828}'",'22060新北市板橋區南雅南路2段17號B1',1,20260902
96,'BL06',"'{府中,Fuzhong}'","'{121.459276,25.008465}'",'22055新北市板橋區縣民大道1段193號B1',1,20260902
97,'BL07',"'{板橋,Banqiao}'","'{121.462305,25.013825}'",'22041新北市板橋區站前路5號B1',1,20260902
98,'BL08',"'{新埔,Xinpu}'","'{121.468055,25.02327}'",'22047新北市板橋區民生路3段2號B1',1,20260902
99,'BL09',"'{江子翠,Jiangzicui}'","'{121.47257,25.030265}'",'22044新北市板橋區文化路2段296號B1',1,20260902
100,'BL10',"'{龍山寺,Longshan Temple}'","'{121.500325,25.03528}'",'10855臺北市萬華區西園路1段153號',1,20260902
101,"'BL11,G12'","'{西門,Ximen}'","'{121.508175,25.042025}'",'10042臺北市中正區寶慶路32之1號B1  ',1,20260902
102,'BL13',"'{善導寺,Shandao Temple}'","'{121.523885,25.04468}'",'10049臺北市中正區忠孝東路1段58號B1',1,20260902
103,"'BL14,O07'","'{忠孝新生,Zhongxiao Xinsheng}'","'{121.53321,25.042498}'",'10652臺北市大安區新生南路1段67號',1,20260902
104,'BL16',"'{忠孝敦化,Xhongxiao Dunhua}'","'{121.55045,25.041505}'",'10686臺北市大安區忠孝東路4段182號',1,20260902
105,'BL17',"'{國父紀念館,Sun Yat-Sen Memorial Hall}'","'{121.557815,25.04137}'",'11072臺北市信義區忠孝東路4段400號',1,20260902
106,'BL18',"'{市政府,Taipei City Hall}'","'{121.565685,25.041135}'",'11071臺北市信義區忠孝東路5段2號',1,20260902
107,'BL19',"'{永春,Yongchun}'","'{121.5762,25.040855}'",'11061臺北市信義區忠孝東路5段455號',1,20260902
108,'BL20',"'{後山埤,Houshanpi}'","'{121.58227,25.044715}'",'11575臺北市南港區忠孝東路6段2號',1,20260902
109,'BL21',"'{昆陽,Kunyang}'","'{121.5932285,25.0504585}'",'11558臺北市南港區忠孝東路6段451號',1,20260902
110,'BL22',"'{南港,Nangang}'","'{121.60697,25.052035}'",'11561臺北市南港區忠孝東路7段380號',1,20260902
