SeqNo,stationbus,stationA,stationB,traveltime,SeqNo,stoptime,UpdateTime,EffectiveDate
1,淡水-廣慈/奉天宮,捷運淡水站,捷運紅樹林站,175,1,0,20260830,20260830
2,淡水-廣慈/奉天宮,捷運紅樹林站,捷運竹圍站,142,2,27,20260830,20260830
3,淡水-廣慈/奉天宮,捷運竹圍站,捷運關渡站,150,3,27,20260830,20260830
4,淡水-廣慈/奉天宮,捷運關渡站,捷運忠義站,80,4,27,20260830,20260830
5,淡水-廣慈/奉天宮,捷運忠義站,捷運復興崗站,117,5,27,20260830,20260830
6,淡水-廣慈/奉天宮,捷運復興崗站,捷運北投站,135,6,27,20260830,20260830
7,淡水-廣慈/奉天宮,捷運北投站,捷運奇岩站,91,7,27,20260830,20260830
8,淡水-廣慈/奉天宮,捷運奇岩站,捷運唭哩岸站,75,8,27,20260830,20260830
9,淡水-廣慈/奉天宮,捷運唭哩岸站,捷運石牌站,109,9,27,20260830,20260830
10,淡水-廣慈/奉天宮,捷運石牌站,捷運明德站,63,10,27,20260830,20260830
11,淡水-廣慈/奉天宮,捷運明德站,捷運芝山站,79,11,27,20260830,20260830
12,淡水-廣慈/奉天宮,捷運芝山站,捷運士林站,94,12,27,20260830,20260830
13,淡水-廣慈/奉天宮,捷運士林站,捷運劍潭站,101,13,27,20260830,20260830
14,淡水-廣慈/奉天宮,捷運劍潭站,捷運圓山站,114,14,27,20260830,20260830
15,淡水-廣慈/奉天宮,捷運圓山站,捷運民權西路站,90,15,27,20260830,20260830
16,淡水-廣慈/奉天宮,捷運民權西路站,捷運雙連站,60,16,30,20260830,20260830
17,淡水-廣慈/奉天宮,捷運雙連站,捷運中山站,62,17,30,20260830,20260830
18,淡水-廣慈/奉天宮,捷運中山站,捷運台北車站,68,18,30,20260830,20260830
19,淡水-廣慈/奉天宮,捷運台北車站,捷運台大醫院站,67,19,35,20260830,20260830
20,淡水-廣慈/奉天宮,捷運台大醫院站,捷運中正紀念堂站,95,20,27,20260830,20260830
21,淡水-廣慈/奉天宮,捷運中正紀念堂站,捷運東門站,175,21,30,20260830,20260830
22,淡水-廣慈/奉天宮,捷運東門站,捷運大安森林公園站,75,22,30,20260830,20260830
23,淡水-廣慈/奉天宮,捷運大安森林公園站,捷運大安站,74,23,27,20260830,20260830
24,淡水-廣慈/奉天宮,捷運大安站,捷運信義安和站,90,24,30,20260830,20260830
25,淡水-廣慈/奉天宮,捷運信義安和站,捷運台北101/世貿站,83,25,27,20260830,20260830
26,淡水-廣慈/奉天宮,捷運台北101/世貿站,捷運象山站,69,26,27,20260830,20260830
27,淡水-廣慈/奉天宮,捷運象山站,捷運廣慈/奉天宮站,150,27,27,20260830,20260830
28,北投-大安,捷運北投站,捷運奇岩站,91,1,0,20260830,20260830
29,北投-大安,捷運奇岩站,捷運唭哩岸站,75,2,27,20260830,20260830
30,北投-大安,捷運唭哩岸站,捷運石牌站,109,3,27,20260830,20260830
31,北投-大安,捷運石牌站,捷運明德站,63,4,27,20260830,20260830
32,北投-大安,捷運明德站,捷運芝山站,79,5,27,20260830,20260830
33,北投-大安,捷運芝山站,捷運士林站,94,6,27,20260830,20260830
34,北投-大安,捷運士林站,捷運劍潭站,101,7,27,20260830,20260830
35,北投-大安,捷運劍潭站,捷運圓山站,114,8,27,20260830,20260830
36,北投-大安,捷運圓山站,捷運民權西路站,90,9,27,20260830,20260830
37,北投-大安,捷運民權西路站,捷運雙連站,60,10,30,20260830,20260830
38,北投-大安,捷運雙連站,捷運中山站,62,11,30,20260830,20260830
39,北投-大安,捷運中山站,捷運台北車站,68,12,30,20260830,20260830
40,北投-大安,捷運台北車站,捷運台大醫院站,67,13,35,20260830,20260830
41,北投-大安,捷運台大醫院站,捷運中正紀念堂站,95,14,27,20260830,20260830
42,北投-大安,捷運中正紀念堂站,捷運東門站,175,15,30,20260830,20260830
43,北投-大安,捷運東門站,捷運大安森林公園站,75,16,30,20260830,20260830
44,北投-大安,捷運大安森林公園站,捷運大安站,74,17,27,20260830,20260830
45,松山-新店,捷運松山站,捷運南京三民站,138,1,0,20260830,20260830
46,松山-新店,捷運南京三民站,捷運台北小巨蛋站,102,2,27,20260830,20260830
47,松山-新店,捷運台北小巨蛋站,捷運南京復興站,84,3,27,20260830,20260830
48,松山-新店,捷運南京復興站,捷運松江南京站,92,4,33,20260830,20260830
49,松山-新店,捷運松江南京站,捷運中山站,106,5,35,20260830,20260830
50,松山-新店,捷運中山站,捷運北門站,116,6,35,20260830,20260830
51,松山-新店,捷運北門站,捷運西門站,86,7,28,20260830,20260830
52,松山-新店,捷運西門站,捷運小南門站,83,8,34,20260830,20260830
53,松山-新店,捷運小南門站,捷運中正紀念堂站,76,9,27,20260830,20260830
54,松山-新店,捷運中正紀念堂站,捷運古亭站,87,10,38,20260830,20260830
55,松山-新店,捷運古亭站,捷運台電大樓站,85,11,33,20260830,20260830
56,松山-新店,捷運台電大樓站,捷運公館站,79,12,30,20260830,20260830
57,松山-新店,捷運公館站,捷運萬隆站,122,13,29,20260830,20260830
58,松山-新店,捷運萬隆站,捷運景美站,89,14,27,20260830,20260830
59,松山-新店,捷運景美站,捷運大坪林站,92,15,27,20260830,20260830
60,松山-新店,捷運大坪林站,捷運七張站,78,16,27,20260830,20260830
61,松山-新店,捷運七張站,捷運新店區公所站,81,17,24,20260830,20260830
62,松山-新店,捷運新店區公所站,捷運新店站,111,18,25,20260830,20260830
63,松山-台電大樓,捷運松山站,捷運南京三民站,138,1,0,20260830,20260830
64,松山-台電大樓,捷運南京三民站,捷運台北小巨蛋站,102,2,27,20260830,20260830
65,松山-台電大樓,捷運台北小巨蛋站,捷運南京復興站,84,3,27,20260830,20260830
66,松山-台電大樓,捷運南京復興站,捷運松江南京站,92,4,33,20260830,20260830
67,松山-台電大樓,捷運松江南京站,捷運中山站,106,5,35,20260830,20260830
68,松山-台電大樓,捷運中山站,捷運北門站,116,6,35,20260830,20260830
69,松山-台電大樓,捷運北門站,捷運西門站,86,7,28,20260830,20260830
70,松山-台電大樓,捷運西門站,捷運小南門站,83,8,34,20260830,20260830
71,松山-台電大樓,捷運小南門站,捷運中正紀念堂站,76,9,27,20260830,20260830
72,松山-台電大樓,捷運中正紀念堂站,捷運古亭站,87,10,38,20260830,20260830
73,松山-台電大樓,捷運古亭站,捷運台電大樓站,85,11,33,20260830,20260830
74,七張-小碧潭,捷運七張站,捷運小碧潭站,203,1,0,20260830,20260830
75,北投-新北投,捷運北投站,捷運新北投站,157,1,0,20260830,20260830
76,南港展覽館-頂埔,捷運南港展覽館站,捷運南港站,112,1,0,20260830,20260830
77,南港展覽館-頂埔,捷運南港站,捷運昆陽站,109,2,24,20260830,20260830
78,南港展覽館-頂埔,捷運昆陽站,捷運後山埤站,107,3,25,20260830,20260830
79,南港展覽館-頂埔,捷運後山埤站,捷運永春站,76,4,29,20260830,20260830
80,南港展覽館-頂埔,捷運永春站,捷運市政府站,87,5,25,20260830,20260830
81,南港展覽館-頂埔,捷運市政府站,捷運國父紀念館站,77,6,28,20260830,20260830
82,南港展覽館-頂埔,捷運國父紀念館站,捷運忠孝敦化站,71,7,28,20260830,20260830
83,南港展覽館-頂埔,捷運忠孝敦化站,捷運忠孝復興站,65,8,28,20260830,20260830
84,南港展覽館-頂埔,捷運忠孝復興站,捷運忠孝新生站,90,9,40,20260830,20260830
85,南港展覽館-頂埔,捷運忠孝新生站,捷運善導寺站,81,10,40,20260830,20260830
86,南港展覽館-頂埔,捷運善導寺站,捷運台北車站,66,11,25,20260830,20260830
87,南港展覽館-頂埔,捷運台北車站,捷運西門站,120,12,42,20260830,20260830
88,南港展覽館-頂埔,捷運西門站,捷運龍山寺站,110,13,35,20260830,20260830
89,南港展覽館-頂埔,捷運龍山寺站,捷運江子翠站,192,14,29,20260830,20260830
90,南港展覽館-頂埔,捷運江子翠站,捷運新埔站,77,15,28,20260830,20260830
91,南港展覽館-頂埔,捷運新埔站,捷運板橋站,107,16,28,20260830,20260830
92,南港展覽館-頂埔,捷運板橋站,捷運府中站,67,17,28,20260830,20260830
93,南港展覽館-頂埔,捷運府中站,捷運亞東醫院站,102,18,28,20260830,20260830
94,南港展覽館-頂埔,捷運亞東醫院站,捷運海山站,142,19,26,20260830,20260830
95,南港展覽館-頂埔,捷運海山站,捷運土城站,106,20,26,20260830,20260830
96,南港展覽館-頂埔,捷運土城站,捷運永寧站,95,21,26,20260830,20260830
97,南港展覽館-頂埔,捷運永寧站,捷運頂埔站,180,22,28,20260830,20260830
98,南港展覽館-亞東醫院,捷運南港展覽館站,捷運南港站,112,1,0,20260830,20260830
99,南港展覽館-亞東醫院,捷運南港站,捷運昆陽站,109,2,24,20260830,20260830
100,南港展覽館-亞東醫院,捷運昆陽站,捷運後山埤站,107,3,25,20260830,20260830
101,南港展覽館-亞東醫院,捷運後山埤站,捷運永春站,76,4,29,20260830,20260830
102,南港展覽館-亞東醫院,捷運永春站,捷運市政府站,87,5,25,20260830,20260830
103,南港展覽館-亞東醫院,捷運市政府站,捷運國父紀念館站,77,6,28,20260830,20260830
104,南港展覽館-亞東醫院,捷運國父紀念館站,捷運忠孝敦化站,71,7,28,20260830,20260830
105,南港展覽館-亞東醫院,捷運忠孝敦化站,捷運忠孝復興站,65,8,28,20260830,20260830
106,南港展覽館-亞東醫院,捷運忠孝復興站,捷運忠孝新生站,90,9,40,20260830,20260830
107,南港展覽館-亞東醫院,捷運忠孝新生站,捷運善導寺站,81,10,40,20260830,20260830
108,南港展覽館-亞東醫院,捷運善導寺站,捷運台北車站,66,11,25,20260830,20260830
109,南港展覽館-亞東醫院,捷運台北車站,捷運西門站,120,12,42,20260830,20260830
110,南港展覽館-亞東醫院,捷運西門站,捷運龍山寺站,110,13,35,20260830,20260830
111,南港展覽館-亞東醫院,捷運龍山寺站,捷運江子翠站,192,14,29,20260830,20260830
112,南港展覽館-亞東醫院,捷運江子翠站,捷運新埔站,77,15,28,20260830,20260830
113,南港展覽館-亞東醫院,捷運新埔站,捷運板橋站,107,16,28,20260830,20260830
114,南港展覽館-亞東醫院,捷運板橋站,捷運府中站,67,17,28,20260830,20260830
115,南港展覽館-亞東醫院,捷運府中站,捷運亞東醫院站,102,18,28,20260830,20260830
116,動物園-南港展覽館,捷運南港展覽館站,捷運南港軟體園區站,78,1,0,20260830,20260830
117,動物園-南港展覽館,捷運南港軟體園區站,捷運東湖站,85,2,25,20260830,20260830
118,動物園-南港展覽館,捷運東湖站,捷運葫洲站,78,3,25,20260830,20260830
119,動物園-南港展覽館,捷運葫洲站,捷運大湖公園站,121,4,25,20260830,20260830
120,動物園-南港展覽館,捷運大湖公園站,捷運內湖站,71,5,25,20260830,20260830
121,動物園-南港展覽館,捷運內湖站,捷運文德站,78,6,25,20260830,20260830
122,動物園-南港展覽館,捷運文德站,捷運港墘站,72,7,25,20260830,20260830
123,動物園-南港展覽館,捷運港墘站,捷運西湖站,65,8,25,20260830,20260830
124,動物園-南港展覽館,捷運西湖站,捷運劍南路站,110,9,25,20260830,20260830
125,動物園-南港展覽館,捷運劍南路站,捷運大直站,104,10,25,20260830,20260830
126,動物園-南港展覽館,捷運大直站,捷運松山機場站,172,11,25,20260830,20260830
127,動物園-南港展覽館,捷運松山機場站,捷運中山國中站,162,12,30,20260830,20260830
128,動物園-南港展覽館,捷運中山國中站,捷運南京復興站,66,13,30,20260830,20260830
129,動物園-南港展覽館,捷運南京復興站,捷運忠孝復興站,86,14,35,20260830,20260830
130,動物園-南港展覽館,捷運忠孝復興站,捷運大安站,67,15,45,20260830,20260830
131,動物園-南港展覽館,捷運大安站,捷運科技大樓站,69,16,35,20260830,20260830
132,動物園-南港展覽館,捷運科技大樓站,捷運六張犁站,122,17,25,20260830,20260830
133,動物園-南港展覽館,捷運六張犁站,捷運麟光站,72,18,25,20260830,20260830
134,動物園-南港展覽館,捷運麟光站,捷運辛亥站,141,19,25,20260830,20260830
135,動物園-南港展覽館,捷運辛亥站,捷運萬芳醫院站,106,20,25,20260830,20260830
136,動物園-南港展覽館,捷運萬芳醫院站,捷運萬芳社區站,99,21,25,20260830,20260830
137,動物園-南港展覽館,捷運萬芳社區站,捷運木柵站,47,22,25,20260830,20260830
138,動物園-南港展覽館,捷運木柵站,捷運動物園站,67,23,25,20260830,20260830
139,南勢角-蘆洲,捷運蘆洲站,捷運三民高中站,111,1,0,20260830,20260830
140,南勢角-蘆洲,捷運三民高中站,捷運徐匯中學站,92,2,25,20260830,20260830
141,南勢角-蘆洲,捷運徐匯中學站,捷運三和國中站,82,3,25,20260830,20260830
142,南勢角-蘆洲,捷運三和國中站,捷運三重國小站,107,4,25,20260830,20260830
143,南勢角-蘆洲,捷運三重國小站,捷運大橋頭站,151,5,25,20260830,20260830
144,南勢角-蘆洲,捷運大橋頭站,捷運民權西路站,72,6,26,20260830,20260830
145,南勢角-蘆洲,捷運民權西路站,捷運中山國小站,72,7,33,20260830,20260830
146,南勢角-蘆洲,捷運中山國小站,捷運行天宮站,96,8,30,20260830,20260830
147,南勢角-蘆洲,捷運行天宮站,捷運松江南京站,78,9,30,20260830,20260830
148,南勢角-蘆洲,捷運松江南京站,捷運忠孝新生站,102,10,30,20260830,20260830
149,南勢角-蘆洲,捷運忠孝新生站,捷運東門站,136,11,38,20260830,20260830
150,南勢角-蘆洲,捷運東門站,捷運古亭站,208,12,33,20260830,20260830
151,南勢角-蘆洲,捷運古亭站,捷運頂溪站,187,13,33,20260830,20260830
152,南勢角-蘆洲,捷運頂溪站,捷運永安市場站,103,14,29,20260830,20260830
153,南勢角-蘆洲,捷運永安市場站,捷運景安站,90,15,29,20260830,20260830
154,南勢角-蘆洲,捷運景安站,捷運南勢角站,97,16,28,20260830,20260830
155,南勢角-迴龍,捷運迴龍站,捷運丹鳳站,168,1,0,20260830,20260830
156,南勢角-迴龍,捷運丹鳳站,捷運輔大站,113,2,25,20260830,20260830
157,南勢角-迴龍,捷運輔大站,捷運新莊站,137,3,25,20260830,20260830
158,南勢角-迴龍,捷運新莊站,捷運頭前庄站,94,4,25,20260830,20260830
159,南勢角-迴龍,捷運頭前庄站,捷運先嗇宮站,108,5,25,20260830,20260830
160,南勢角-迴龍,捷運先嗇宮站,捷運三重站,142,6,25,20260830,20260830
161,南勢角-迴龍,捷運三重站,捷運菜寮站,84,7,25,20260830,20260830
162,南勢角-迴龍,捷運菜寮站,捷運台北橋站,97,8,25,20260830,20260830
163,南勢角-迴龍,捷運台北橋站,捷運大橋頭站,127,9,25,20260830,20260830
164,南勢角-迴龍,捷運大橋頭站,捷運民權西路站,72,10,26,20260830,20260830
165,南勢角-迴龍,捷運民權西路站,捷運中山國小站,72,11,33,20260830,20260830
166,南勢角-迴龍,捷運中山國小站,捷運行天宮站,96,12,30,20260830,20260830
167,南勢角-迴龍,捷運行天宮站,捷運松江南京站,78,13,30,20260830,20260830
168,南勢角-迴龍,捷運松江南京站,捷運忠孝新生站,102,14,30,20260830,20260830
169,南勢角-迴龍,捷運忠孝新生站,捷運東門站,136,15,38,20260830,20260830
170,南勢角-迴龍,捷運東門站,捷運古亭站,208,16,33,20260830,20260830
171,南勢角-迴龍,捷運古亭站,捷運頂溪站,187,17,33,20260830,20260830
172,南勢角-迴龍,捷運頂溪站,捷運永安市場站,103,18,29,20260830,20260830
173,南勢角-迴龍,捷運永安市場站,捷運景安站,90,19,29,20260830,20260830
174,南勢角-迴龍,捷運景安站,捷運南勢角站,97,20,28,20260830,20260830
175,新北產業園區-大坪林,捷運新北產業園區站,捷運幸福站,135,1,0,20250603,20250603
176,新北產業園區-大坪林,捷運幸福站,捷運頭前庄站,95,2,23,20250603,20250603
177,新北產業園區-大坪林,捷運頭前庄站,捷運新埔民生站,143,3,35,20250603,20250603
178,新北產業園區-大坪林,捷運新埔民生站,捷運板橋站,191,4,25,20250603,20250603
179,新北產業園區-大坪林,捷運板橋站,捷運板新站,153,5,40,20250603,20250603
180,新北產業園區-大坪林,捷運板新站,捷運中原站,111,6,25,20250603,20250603
181,新北產業園區-大坪林,捷運中原站,捷運橋和站,72,7,25,20250603,20250603
182,新北產業園區-大坪林,捷運橋和站,捷運中和站,104,8,25,20250603,20250603
183,新北產業園區-大坪林,捷運中和站,捷運景安站,194,9,25,20250603,20250603
184,新北產業園區-大坪林,捷運景安站,捷運景平站,84,10,35,20250603,20250603
185,新北產業園區-大坪林,捷運景平站,捷運秀朗橋站,79,11,25,20250603,20250603
186,新北產業園區-大坪林,捷運秀朗橋站,捷運十四張站,111,12,23,20250603,20250603
187,新北產業園區-大坪林,捷運十四張站,捷運大坪林站,145,13,23,20250603,20250603
