pairwise_overlap,metric,n,prefix_mean,suffix_mean,mean_difference,ci_lower,ci_upper,suffix_prefix_ratio,suffix_greater_pct,equal_pct,suffix_lower_pct
0.25,target_pareto_labels,500,4.344,4.344,0.0,0.0,0.0,1.0,0.0,100.0,0.0
0.25,generated_labels,500,100.0,113.376,13.376,12.87206475517309,13.879935244826909,1.13376,98.0,2.0,0.0
0.25,dominance_checks,500,23.502,89.854,66.352,62.436020163567505,70.2679798364325,3.82324908518424,98.0,2.0,0.0
0.25,comparisons_per_generated_label,500,0.23502,0.770933657190665,0.535913657190665,0.5064591366034429,0.5653681777778871,3.2802895804215173,98.0,2.0,0.0
0.25,max_labels_per_node,500,4.348,4.348,0.0,0.0,0.0,1.0,0.0,100.0,0.0
0.25,pruning_rate,500,0.03424,0.030896921284129242,-0.003343078715870759,-0.003430383123866273,-0.003255774307875245,0.9023633552607839,0.0,2.8000000000000003,97.2
0.25,runtime_seconds,500,0.00036774820031127656,0.0005090672005898748,0.0001413190002785982,0.00013243175848831729,0.00015020624206887913,1.384281962927297,95.8,0.0,4.2
0.5,target_pareto_labels,500,4.408,4.408,0.0,0.0,0.0,1.0,0.0,100.0,0.0
0.5,generated_labels,500,72.0,99.264,27.264,26.270935428191923,28.257064571808076,1.3786666666666667,98.0,2.0,0.0
0.5,dominance_checks,500,24.13,160.322,136.192,128.39809379985695,143.98590620014306,6.644094488188977,98.0,2.0,0.0
0.5,comparisons_per_generated_label,500,0.33513888888888893,1.525242327117327,1.1901034382284383,1.1320952167306162,1.2481116597262605,4.551075323350498,98.0,2.0,0.0
0.5,max_labels_per_node,500,4.42,4.42,0.0,0.0,0.0,1.0,0.0,100.0,0.0
0.5,pruning_rate,500,0.04622222222222216,0.035653263403263365,-0.010568958818958795,-0.010856771012895478,-0.010281146625022112,0.7713446409359873,0.0,3.4000000000000004,96.6
0.5,runtime_seconds,500,0.000283507000160121,0.0005794147997803019,0.00029590779962018076,0.00027988774594572363,0.0003119278532946379,2.04374071699484,98.6,0.0,1.4000000000000001
0.75,target_pareto_labels,500,4.394,4.394,0.0,0.0,0.0,1.0,0.0,100.0,0.0
0.75,generated_labels,500,44.0,84.728,40.728,39.23052475253688,42.22547524746312,1.9256363636363636,98.4,1.6,0.0
0.75,dominance_checks,500,24.694,227.926,203.232,191.19666420364993,215.26733579635007,9.230015388353445,98.4,1.6,0.0
0.75,comparisons_per_generated_label,500,0.5612272727272728,2.455495041562194,1.8942677688349217,1.8108779900195524,1.977657547650291,4.375224015094214,98.4,1.6,0.0
0.75,max_labels_per_node,500,4.424,4.424,0.0,0.0,0.0,1.0,0.0,100.0,0.0
0.75,pruning_rate,500,0.0717272727272727,0.04235151370809275,-0.02937575901917993,-0.030296692172737096,-0.028454825865622764,0.5904520288834226,0.0,4.2,95.8
0.75,runtime_seconds,500,0.00019173740019318242,0.0006455091998213387,0.00045377179962815623,0.00042926019589736863,0.0004782834033589438,3.3666316491772843,98.6,0.0,1.4000000000000001
