origin,destination,pareto_route_count,fastest_travel_time_minutes,minimum_transfers,minimum_walking_minutes,pareto_time_range_minutes,pareto_transfer_range,pareto_walking_range_minutes
中原站,中山站,5,31.8,1,3.0,7.2,2,8.0
中原站,南港軟體園區站,5,53.583333333333336,2,8.0,19.95,2,6.0
中原站,東湖站,5,55.41666666666666,2,8.0,16.283333333333335,2,6.0
中和站,南港軟體園區站,5,49.81666666666667,2,8.0,19.95,2,6.0
中和站,東湖站,5,51.65,2,8.0,16.283333333333335,2,6.0
中山站,中原站,5,31.766666666666666,1,3.0,6.783333333333333,2,8.0
中山站,新埔民生站,5,22.683333333333334,1,3.0,24.95,1,8.0
中山站,板新站,5,29.5,1,3.0,11.316666666666666,1,8.0
南港軟體園區站,中原站,5,53.66666666666666,2,8.0,19.383333333333333,2,6.0
南港軟體園區站,中和站,5,49.9,2,8.0,19.383333333333333,2,6.0
南港軟體園區站,幸福站,5,51.36666666666667,2,8.0,35.733333333333334,2,6.0
南港軟體園區站,新北產業園區站,5,54.0,2,8.0,35.733333333333334,2,6.0
南港軟體園區站,新埔民生站,5,46.4,2,8.0,35.733333333333334,2,6.0
南港軟體園區站,板新站,5,53.21666666666667,2,8.0,22.1,2,6.0
南港軟體園區站,橋和站,5,52.05,2,8.0,19.383333333333333,2,6.0
大安站,新埔民生站,5,30.933333333333334,2,5.0,17.55,1,9.0
幸福站,南港軟體園區站,5,51.41666666666666,2,8.0,36.16666666666666,2,6.0
幸福站,東湖站,5,53.25,2,8.0,32.5,2,6.0
新北產業園區站,南港軟體園區站,5,54.05,2,8.0,36.16666666666666,2,6.0
新北產業園區站,東湖站,5,55.88333333333333,2,8.0,32.5,2,6.0
新埔民生站,中山站,5,23.133333333333333,1,3.0,24.95,1,8.0
新埔民生站,南港軟體園區站,5,46.86666666666667,2,8.0,35.75,2,6.0
新埔民生站,大安站,5,31.25,2,5.0,17.55,1,9.0
新埔民生站,東湖站,5,48.7,2,8.0,32.083333333333336,2,6.0
東湖站,中原站,5,55.5,2,8.0,15.716666666666669,2,6.0
東湖站,中和站,5,51.73333333333333,2,8.0,15.716666666666669,2,6.0
東湖站,幸福站,5,53.2,2,8.0,32.06666666666667,2,6.0
東湖站,新北產業園區站,5,55.833333333333336,2,8.0,32.06666666666667,2,6.0
東湖站,新埔民生站,5,48.23333333333333,2,8.0,32.06666666666667,2,6.0
東湖站,板新站,5,55.05,2,8.0,18.433333333333334,2,6.0
東湖站,橋和站,5,53.88333333333333,2,8.0,15.716666666666669,2,6.0
板新站,中山站,5,29.53333333333333,1,3.0,11.733333333333333,1,8.0
板新站,南港軟體園區站,5,53.266666666666666,2,8.0,22.53333333333333,2,6.0
板新站,東湖站,5,55.1,2,8.0,18.866666666666667,2,6.0
橋和站,南港軟體園區站,5,51.96666666666667,2,8.0,19.95,2,6.0
橋和站,東湖站,5,53.8,2,8.0,16.283333333333335,2,6.0
