origin,destination,route_id,travel_time_seconds,travel_time_minutes,transfers,walking_seconds,walking_minutes,path,physical_path
中原站,中山站,1,1908,31.8,2,660,11.0,中原站[Y] -> 板新站[Y] -> 板橋站[Y] -> 新埔民生站[Y] -> 新埔站[BL] -> 江子翠站[BL] -> 龍山寺站[BL] -> 西門站[BL] -> 西門站[G] -> 北門站[G] -> 中山站[G],中原站 -> 板新站 -> 板橋站 -> 新埔民生站 -> 新埔站 -> 江子翠站 -> 龍山寺站 -> 西門站 -> 西門站 -> 北門站 -> 中山站
中原站,中山站,2,1928,32.13333333333333,3,600,10.0,中原站[Y] -> 橋和站[Y] -> 中和站[Y] -> 景安站[Y] -> 景安站[O#4] -> 永安市場站[O#4] -> 頂溪站[O#4] -> 古亭站[O#4] -> 古亭站[G] -> 中正紀念堂站[G] -> 中正紀念堂站[R] -> 台大醫院站[R] -> 台北車站[R] -> 中山站[R],中原站 -> 橋和站 -> 中和站 -> 景安站 -> 景安站 -> 永安市場站 -> 頂溪站 -> 古亭站 -> 古亭站 -> 中正紀念堂站 -> 中正紀念堂站 -> 台大醫院站 -> 台北車站 -> 中山站
中原站,中山站,3,1974,32.9,2,480,8.0,中原站[Y] -> 橋和站[Y] -> 中和站[Y] -> 景安站[Y] -> 景安站[O#4] -> 永安市場站[O#4] -> 頂溪站[O#4] -> 古亭站[O#4] -> 古亭站[G] -> 中正紀念堂站[G] -> 小南門站[G] -> 西門站[G] -> 北門站[G] -> 中山站[G],中原站 -> 橋和站 -> 中和站 -> 景安站 -> 景安站 -> 永安市場站 -> 頂溪站 -> 古亭站 -> 古亭站 -> 中正紀念堂站 -> 小南門站 -> 西門站 -> 北門站 -> 中山站
中原站,中山站,4,2294,38.23333333333333,2,300,5.0,中原站[Y] -> 橋和站[Y] -> 中和站[Y] -> 景安站[Y] -> 景平站[Y] -> 秀朗橋站[Y] -> 十四張站[Y] -> 大坪林站[Y] -> 大坪林站[G] -> 景美站[G] -> 萬隆站[G] -> 公館站[G] -> 台電大樓站[G] -> 古亭站[G] -> 中正紀念堂站[G] -> 中正紀念堂站[R] -> 台大醫院站[R] -> 台北車站[R] -> 中山站[R],中原站 -> 橋和站 -> 中和站 -> 景安站 -> 景平站 -> 秀朗橋站 -> 十四張站 -> 大坪林站 -> 大坪林站 -> 景美站 -> 萬隆站 -> 公館站 -> 台電大樓站 -> 古亭站 -> 中正紀念堂站 -> 中正紀念堂站 -> 台大醫院站 -> 台北車站 -> 中山站
中原站,中山站,5,2340,39.0,1,180,3.0,中原站[Y] -> 橋和站[Y] -> 中和站[Y] -> 景安站[Y] -> 景平站[Y] -> 秀朗橋站[Y] -> 十四張站[Y] -> 大坪林站[Y] -> 大坪林站[G] -> 景美站[G] -> 萬隆站[G] -> 公館站[G] -> 台電大樓站[G] -> 古亭站[G] -> 中正紀念堂站[G] -> 小南門站[G] -> 西門站[G] -> 北門站[G] -> 中山站[G],中原站 -> 橋和站 -> 中和站 -> 景安站 -> 景平站 -> 秀朗橋站 -> 十四張站 -> 大坪林站 -> 大坪林站 -> 景美站 -> 萬隆站 -> 公館站 -> 台電大樓站 -> 古亭站 -> 中正紀念堂站 -> 小南門站 -> 西門站 -> 北門站 -> 中山站
中原站,南港軟體園區站,1,3215,53.583333333333336,3,780,13.0,中原站[Y] -> 橋和站[Y] -> 中和站[Y] -> 景安站[Y] -> 景安站[O#4] -> 永安市場站[O#4] -> 頂溪站[O#4] -> 古亭站[O#4] -> 東門站[O#4] -> 忠孝新生站[O#4] -> 忠孝新生站[BL] -> 忠孝復興站[BL] -> 忠孝敦化站[BL] -> 國父紀念館站[BL] -> 市政府站[BL] -> 永春站[BL] -> 後山埤站[BL] -> 昆陽站[BL] -> 南港站[BL] -> 南港展覽館站[BL] -> 南港展覽館站[BR] -> 南港軟體園區站[BR],中原站 -> 橋和站 -> 中和站 -> 景安站 -> 景安站 -> 永安市場站 -> 頂溪站 -> 古亭站 -> 東門站 -> 忠孝新生站 -> 忠孝新生站 -> 忠孝復興站 -> 忠孝敦化站 -> 國父紀念館站 -> 市政府站 -> 永春站 -> 後山埤站 -> 昆陽站 -> 南港站 -> 南港展覽館站 -> 南港展覽館站 -> 南港軟體園區站
中原站,南港軟體園區站,2,3332,55.53333333333333,2,840,14.0,中原站[Y] -> 板新站[Y] -> 板橋站[Y] -> 新埔民生站[Y] -> 新埔站[BL] -> 江子翠站[BL] -> 龍山寺站[BL] -> 西門站[BL] -> 台北車站[BL] -> 善導寺站[BL] -> 忠孝新生站[BL] -> 忠孝復興站[BL] -> 忠孝敦化站[BL] -> 國父紀念館站[BL] -> 市政府站[BL] -> 永春站[BL] -> 後山埤站[BL] -> 昆陽站[BL] -> 南港站[BL] -> 南港展覽館站[BL] -> 南港展覽館站[BR] -> 南港軟體園區站[BR],中原站 -> 板新站 -> 板橋站 -> 新埔民生站 -> 新埔站 -> 江子翠站 -> 龍山寺站 -> 西門站 -> 台北車站 -> 善導寺站 -> 忠孝新生站 -> 忠孝復興站 -> 忠孝敦化站 -> 國父紀念館站 -> 市政府站 -> 永春站 -> 後山埤站 -> 昆陽站 -> 南港站 -> 南港展覽館站 -> 南港展覽館站 -> 南港軟體園區站
中原站,南港軟體園區站,3,3821,63.68333333333333,4,720,12.0,中原站[Y] -> 橋和站[Y] -> 中和站[Y] -> 景安站[Y] -> 景平站[Y] -> 秀朗橋站[Y] -> 十四張站[Y] -> 大坪林站[Y] -> 大坪林站[G] -> 景美站[G] -> 萬隆站[G] -> 公館站[G] -> 台電大樓站[G] -> 古亭站[G] -> 古亭站[O#4] -> 東門站[O#4] -> 忠孝新生站[O#4] -> 忠孝新生站[BL] -> 忠孝復興站[BL] -> 忠孝敦化站[BL] -> 國父紀念館站[BL] -> 市政府站[BL] -> 永春站[BL] -> 後山埤站[BL] -> 昆陽站[BL] -> 南港站[BL] -> 南港展覽館站[BL] -> 南港展覽館站[BR] -> 南港軟體園區站[BR],中原站 -> 橋和站 -> 中和站 -> 景安站 -> 景平站 -> 秀朗橋站 -> 十四張站 -> 大坪林站 -> 大坪林站 -> 景美站 -> 萬隆站 -> 公館站 -> 台電大樓站 -> 古亭站 -> 古亭站 -> 東門站 -> 忠孝新生站 -> 忠孝新生站 -> 忠孝復興站 -> 忠孝敦化站 -> 國父紀念館站 -> 市政府站 -> 永春站 -> 後山埤站 -> 昆陽站 -> 南港站 -> 南港展覽館站 -> 南港展覽館站 -> 南港軟體園區站
中原站,南港軟體園區站,4,4004,66.73333333333333,3,600,10.0,中原站[Y] -> 橋和站[Y] -> 中和站[Y] -> 景安站[Y] -> 景平站[Y] -> 秀朗橋站[Y] -> 十四張站[Y] -> 大坪林站[Y] -> 大坪林站[G] -> 景美站[G] -> 萬隆站[G] -> 公館站[G] -> 台電大樓站[G] -> 古亭站[G] -> 中正紀念堂站[G] -> 小南門站[G] -> 西門站[G] -> 西門站[BL] -> 台北車站[BL] -> 善導寺站[BL] -> 忠孝新生站[BL] -> 忠孝復興站[BL] -> 忠孝敦化站[BL] -> 國父紀念館站[BL] -> 市政府站[BL] -> 永春站[BL] -> 後山埤站[BL] -> 昆陽站[BL] -> 南港站[BL] -> 南港展覽館站[BL] -> 南港展覽館站[BR] -> 南港軟體園區站[BR],中原站 -> 橋和站 -> 中和站 -> 景安站 -> 景平站 -> 秀朗橋站 -> 十四張站 -> 大坪林站 -> 大坪林站 -> 景美站 -> 萬隆站 -> 公館站 -> 台電大樓站 -> 古亭站 -> 中正紀念堂站 -> 小南門站 -> 西門站 -> 西門站 -> 台北車站 -> 善導寺站 -> 忠孝新生站 -> 忠孝復興站 -> 忠孝敦化站 -> 國父紀念館站 -> 市政府站 -> 永春站 -> 後山埤站 -> 昆陽站 -> 南港站 -> 南港展覽館站 -> 南港展覽館站 -> 南港軟體園區站
中原站,南港軟體園區站,5,4412,73.53333333333333,2,480,8.0,中原站[Y] -> 橋和站[Y] -> 中和站[Y] -> 景安站[Y] -> 景平站[Y] -> 秀朗橋站[Y] -> 十四張站[Y] -> 大坪林站[Y] -> 大坪林站[G] -> 景美站[G] -> 萬隆站[G] -> 公館站[G] -> 台電大樓站[G] -> 古亭站[G] -> 中正紀念堂站[G] -> 小南門站[G] -> 西門站[G] -> 北門站[G] -> 中山站[G] -> 松江南京站[G] -> 南京復興站[G] -> 南京復興站[BR] -> 中山國中站[BR] -> 松山機場站[BR] -> 大直站[BR] -> 劍南路站[BR] -> 西湖站[BR] -> 港墘站[BR] -> 文德站[BR] -> 內湖站[BR] -> 大湖公園站[BR] -> 葫洲站[BR] -> 東湖站[BR] -> 南港軟體園區站[BR],中原站 -> 橋和站 -> 中和站 -> 景安站 -> 景平站 -> 秀朗橋站 -> 十四張站 -> 大坪林站 -> 大坪林站 -> 景美站 -> 萬隆站 -> 公館站 -> 台電大樓站 -> 古亭站 -> 中正紀念堂站 -> 小南門站 -> 西門站 -> 北門站 -> 中山站 -> 松江南京站 -> 南京復興站 -> 南京復興站 -> 中山國中站 -> 松山機場站 -> 大直站 -> 劍南路站 -> 西湖站 -> 港墘站 -> 文德站 -> 內湖站 -> 大湖公園站 -> 葫洲站 -> 東湖站 -> 南港軟體園區站
中原站,東湖站,1,3325,55.41666666666666,3,780,13.0,中原站[Y] -> 橋和站[Y] -> 中和站[Y] -> 景安站[Y] -> 景安站[O#4] -> 永安市場站[O#4] -> 頂溪站[O#4] -> 古亭站[O#4] -> 東門站[O#4] -> 忠孝新生站[O#4] -> 忠孝新生站[BL] -> 忠孝復興站[BL] -> 忠孝敦化站[BL] -> 國父紀念館站[BL] -> 市政府站[BL] -> 永春站[BL] -> 後山埤站[BL] -> 昆陽站[BL] -> 南港站[BL] -> 南港展覽館站[BL] -> 南港展覽館站[BR] -> 南港軟體園區站[BR] -> 東湖站[BR],中原站 -> 橋和站 -> 中和站 -> 景安站 -> 景安站 -> 永安市場站 -> 頂溪站 -> 古亭站 -> 東門站 -> 忠孝新生站 -> 忠孝新生站 -> 忠孝復興站 -> 忠孝敦化站 -> 國父紀念館站 -> 市政府站 -> 永春站 -> 後山埤站 -> 昆陽站 -> 南港站 -> 南港展覽館站 -> 南港展覽館站 -> 南港軟體園區站 -> 東湖站
中原站,東湖站,2,3442,57.36666666666667,2,840,14.0,中原站[Y] -> 板新站[Y] -> 板橋站[Y] -> 新埔民生站[Y] -> 新埔站[BL] -> 江子翠站[BL] -> 龍山寺站[BL] -> 西門站[BL] -> 台北車站[BL] -> 善導寺站[BL] -> 忠孝新生站[BL] -> 忠孝復興站[BL] -> 忠孝敦化站[BL] -> 國父紀念館站[BL] -> 市政府站[BL] -> 永春站[BL] -> 後山埤站[BL] -> 昆陽站[BL] -> 南港站[BL] -> 南港展覽館站[BL] -> 南港展覽館站[BR] -> 南港軟體園區站[BR] -> 東湖站[BR],中原站 -> 板新站 -> 板橋站 -> 新埔民生站 -> 新埔站 -> 江子翠站 -> 龍山寺站 -> 西門站 -> 台北車站 -> 善導寺站 -> 忠孝新生站 -> 忠孝復興站 -> 忠孝敦化站 -> 國父紀念館站 -> 市政府站 -> 永春站 -> 後山埤站 -> 昆陽站 -> 南港站 -> 南港展覽館站 -> 南港展覽館站 -> 南港軟體園區站 -> 東湖站
中原站,東湖站,3,3931,65.51666666666667,4,720,12.0,中原站[Y] -> 橋和站[Y] -> 中和站[Y] -> 景安站[Y] -> 景平站[Y] -> 秀朗橋站[Y] -> 十四張站[Y] -> 大坪林站[Y] -> 大坪林站[G] -> 景美站[G] -> 萬隆站[G] -> 公館站[G] -> 台電大樓站[G] -> 古亭站[G] -> 古亭站[O#4] -> 東門站[O#4] -> 忠孝新生站[O#4] -> 忠孝新生站[BL] -> 忠孝復興站[BL] -> 忠孝敦化站[BL] -> 國父紀念館站[BL] -> 市政府站[BL] -> 永春站[BL] -> 後山埤站[BL] -> 昆陽站[BL] -> 南港站[BL] -> 南港展覽館站[BL] -> 南港展覽館站[BR] -> 南港軟體園區站[BR] -> 東湖站[BR],中原站 -> 橋和站 -> 中和站 -> 景安站 -> 景平站 -> 秀朗橋站 -> 十四張站 -> 大坪林站 -> 大坪林站 -> 景美站 -> 萬隆站 -> 公館站 -> 台電大樓站 -> 古亭站 -> 古亭站 -> 東門站 -> 忠孝新生站 -> 忠孝新生站 -> 忠孝復興站 -> 忠孝敦化站 -> 國父紀念館站 -> 市政府站 -> 永春站 -> 後山埤站 -> 昆陽站 -> 南港站 -> 南港展覽館站 -> 南港展覽館站 -> 南港軟體園區站 -> 東湖站
中原站,東湖站,4,4114,68.56666666666666,3,600,10.0,中原站[Y] -> 橋和站[Y] -> 中和站[Y] -> 景安站[Y] -> 景平站[Y] -> 秀朗橋站[Y] -> 十四張站[Y] -> 大坪林站[Y] -> 大坪林站[G] -> 景美站[G] -> 萬隆站[G] -> 公館站[G] -> 台電大樓站[G] -> 古亭站[G] -> 中正紀念堂站[G] -> 小南門站[G] -> 西門站[G] -> 西門站[BL] -> 台北車站[BL] -> 善導寺站[BL] -> 忠孝新生站[BL] -> 忠孝復興站[BL] -> 忠孝敦化站[BL] -> 國父紀念館站[BL] -> 市政府站[BL] -> 永春站[BL] -> 後山埤站[BL] -> 昆陽站[BL] -> 南港站[BL] -> 南港展覽館站[BL] -> 南港展覽館站[BR] -> 南港軟體園區站[BR] -> 東湖站[BR],中原站 -> 橋和站 -> 中和站 -> 景安站 -> 景平站 -> 秀朗橋站 -> 十四張站 -> 大坪林站 -> 大坪林站 -> 景美站 -> 萬隆站 -> 公館站 -> 台電大樓站 -> 古亭站 -> 中正紀念堂站 -> 小南門站 -> 西門站 -> 西門站 -> 台北車站 -> 善導寺站 -> 忠孝新生站 -> 忠孝復興站 -> 忠孝敦化站 -> 國父紀念館站 -> 市政府站 -> 永春站 -> 後山埤站 -> 昆陽站 -> 南港站 -> 南港展覽館站 -> 南港展覽館站 -> 南港軟體園區站 -> 東湖站
中原站,東湖站,5,4302,71.7,2,480,8.0,中原站[Y] -> 橋和站[Y] -> 中和站[Y] -> 景安站[Y] -> 景平站[Y] -> 秀朗橋站[Y] -> 十四張站[Y] -> 大坪林站[Y] -> 大坪林站[G] -> 景美站[G] -> 萬隆站[G] -> 公館站[G] -> 台電大樓站[G] -> 古亭站[G] -> 中正紀念堂站[G] -> 小南門站[G] -> 西門站[G] -> 北門站[G] -> 中山站[G] -> 松江南京站[G] -> 南京復興站[G] -> 南京復興站[BR] -> 中山國中站[BR] -> 松山機場站[BR] -> 大直站[BR] -> 劍南路站[BR] -> 西湖站[BR] -> 港墘站[BR] -> 文德站[BR] -> 內湖站[BR] -> 大湖公園站[BR] -> 葫洲站[BR] -> 東湖站[BR],中原站 -> 橋和站 -> 中和站 -> 景安站 -> 景平站 -> 秀朗橋站 -> 十四張站 -> 大坪林站 -> 大坪林站 -> 景美站 -> 萬隆站 -> 公館站 -> 台電大樓站 -> 古亭站 -> 中正紀念堂站 -> 小南門站 -> 西門站 -> 北門站 -> 中山站 -> 松江南京站 -> 南京復興站 -> 南京復興站 -> 中山國中站 -> 松山機場站 -> 大直站 -> 劍南路站 -> 西湖站 -> 港墘站 -> 文德站 -> 內湖站 -> 大湖公園站 -> 葫洲站 -> 東湖站
中和站,南港軟體園區站,1,2989,49.81666666666667,3,780,13.0,中和站[Y] -> 景安站[Y] -> 景安站[O#4] -> 永安市場站[O#4] -> 頂溪站[O#4] -> 古亭站[O#4] -> 東門站[O#4] -> 忠孝新生站[O#4] -> 忠孝新生站[BL] -> 忠孝復興站[BL] -> 忠孝敦化站[BL] -> 國父紀念館站[BL] -> 市政府站[BL] -> 永春站[BL] -> 後山埤站[BL] -> 昆陽站[BL] -> 南港站[BL] -> 南港展覽館站[BL] -> 南港展覽館站[BR] -> 南港軟體園區站[BR],中和站 -> 景安站 -> 景安站 -> 永安市場站 -> 頂溪站 -> 古亭站 -> 東門站 -> 忠孝新生站 -> 忠孝新生站 -> 忠孝復興站 -> 忠孝敦化站 -> 國父紀念館站 -> 市政府站 -> 永春站 -> 後山埤站 -> 昆陽站 -> 南港站 -> 南港展覽館站 -> 南港展覽館站 -> 南港軟體園區站
中和站,南港軟體園區站,2,3558,59.3,2,840,14.0,中和站[Y] -> 橋和站[Y] -> 中原站[Y] -> 板新站[Y] -> 板橋站[Y] -> 新埔民生站[Y] -> 新埔站[BL] -> 江子翠站[BL] -> 龍山寺站[BL] -> 西門站[BL] -> 台北車站[BL] -> 善導寺站[BL] -> 忠孝新生站[BL] -> 忠孝復興站[BL] -> 忠孝敦化站[BL] -> 國父紀念館站[BL] -> 市政府站[BL] -> 永春站[BL] -> 後山埤站[BL] -> 昆陽站[BL] -> 南港站[BL] -> 南港展覽館站[BL] -> 南港展覽館站[BR] -> 南港軟體園區站[BR],中和站 -> 橋和站 -> 中原站 -> 板新站 -> 板橋站 -> 新埔民生站 -> 新埔站 -> 江子翠站 -> 龍山寺站 -> 西門站 -> 台北車站 -> 善導寺站 -> 忠孝新生站 -> 忠孝復興站 -> 忠孝敦化站 -> 國父紀念館站 -> 市政府站 -> 永春站 -> 後山埤站 -> 昆陽站 -> 南港站 -> 南港展覽館站 -> 南港展覽館站 -> 南港軟體園區站
中和站,南港軟體園區站,3,3595,59.91666666666666,4,720,12.0,中和站[Y] -> 景安站[Y] -> 景平站[Y] -> 秀朗橋站[Y] -> 十四張站[Y] -> 大坪林站[Y] -> 大坪林站[G] -> 景美站[G] -> 萬隆站[G] -> 公館站[G] -> 台電大樓站[G] -> 古亭站[G] -> 古亭站[O#4] -> 東門站[O#4] -> 忠孝新生站[O#4] -> 忠孝新生站[BL] -> 忠孝復興站[BL] -> 忠孝敦化站[BL] -> 國父紀念館站[BL] -> 市政府站[BL] -> 永春站[BL] -> 後山埤站[BL] -> 昆陽站[BL] -> 南港站[BL] -> 南港展覽館站[BL] -> 南港展覽館站[BR] -> 南港軟體園區站[BR],中和站 -> 景安站 -> 景平站 -> 秀朗橋站 -> 十四張站 -> 大坪林站 -> 大坪林站 -> 景美站 -> 萬隆站 -> 公館站 -> 台電大樓站 -> 古亭站 -> 古亭站 -> 東門站 -> 忠孝新生站 -> 忠孝新生站 -> 忠孝復興站 -> 忠孝敦化站 -> 國父紀念館站 -> 市政府站 -> 永春站 -> 後山埤站 -> 昆陽站 -> 南港站 -> 南港展覽館站 -> 南港展覽館站 -> 南港軟體園區站
中和站,南港軟體園區站,4,3778,62.96666666666667,3,600,10.0,中和站[Y] -> 景安站[Y] -> 景平站[Y] -> 秀朗橋站[Y] -> 十四張站[Y] -> 大坪林站[Y] -> 大坪林站[G] -> 景美站[G] -> 萬隆站[G] -> 公館站[G] -> 台電大樓站[G] -> 古亭站[G] -> 中正紀念堂站[G] -> 小南門站[G] -> 西門站[G] -> 西門站[BL] -> 台北車站[BL] -> 善導寺站[BL] -> 忠孝新生站[BL] -> 忠孝復興站[BL] -> 忠孝敦化站[BL] -> 國父紀念館站[BL] -> 市政府站[BL] -> 永春站[BL] -> 後山埤站[BL] -> 昆陽站[BL] -> 南港站[BL] -> 南港展覽館站[BL] -> 南港展覽館站[BR] -> 南港軟體園區站[BR],中和站 -> 景安站 -> 景平站 -> 秀朗橋站 -> 十四張站 -> 大坪林站 -> 大坪林站 -> 景美站 -> 萬隆站 -> 公館站 -> 台電大樓站 -> 古亭站 -> 中正紀念堂站 -> 小南門站 -> 西門站 -> 西門站 -> 台北車站 -> 善導寺站 -> 忠孝新生站 -> 忠孝復興站 -> 忠孝敦化站 -> 國父紀念館站 -> 市政府站 -> 永春站 -> 後山埤站 -> 昆陽站 -> 南港站 -> 南港展覽館站 -> 南港展覽館站 -> 南港軟體園區站
中和站,南港軟體園區站,5,4186,69.76666666666667,2,480,8.0,中和站[Y] -> 景安站[Y] -> 景平站[Y] -> 秀朗橋站[Y] -> 十四張站[Y] -> 大坪林站[Y] -> 大坪林站[G] -> 景美站[G] -> 萬隆站[G] -> 公館站[G] -> 台電大樓站[G] -> 古亭站[G] -> 中正紀念堂站[G] -> 小南門站[G] -> 西門站[G] -> 北門站[G] -> 中山站[G] -> 松江南京站[G] -> 南京復興站[G] -> 南京復興站[BR] -> 中山國中站[BR] -> 松山機場站[BR] -> 大直站[BR] -> 劍南路站[BR] -> 西湖站[BR] -> 港墘站[BR] -> 文德站[BR] -> 內湖站[BR] -> 大湖公園站[BR] -> 葫洲站[BR] -> 東湖站[BR] -> 南港軟體園區站[BR],中和站 -> 景安站 -> 景平站 -> 秀朗橋站 -> 十四張站 -> 大坪林站 -> 大坪林站 -> 景美站 -> 萬隆站 -> 公館站 -> 台電大樓站 -> 古亭站 -> 中正紀念堂站 -> 小南門站 -> 西門站 -> 北門站 -> 中山站 -> 松江南京站 -> 南京復興站 -> 南京復興站 -> 中山國中站 -> 松山機場站 -> 大直站 -> 劍南路站 -> 西湖站 -> 港墘站 -> 文德站 -> 內湖站 -> 大湖公園站 -> 葫洲站 -> 東湖站 -> 南港軟體園區站
中和站,東湖站,1,3099,51.65,3,780,13.0,中和站[Y] -> 景安站[Y] -> 景安站[O#4] -> 永安市場站[O#4] -> 頂溪站[O#4] -> 古亭站[O#4] -> 東門站[O#4] -> 忠孝新生站[O#4] -> 忠孝新生站[BL] -> 忠孝復興站[BL] -> 忠孝敦化站[BL] -> 國父紀念館站[BL] -> 市政府站[BL] -> 永春站[BL] -> 後山埤站[BL] -> 昆陽站[BL] -> 南港站[BL] -> 南港展覽館站[BL] -> 南港展覽館站[BR] -> 南港軟體園區站[BR] -> 東湖站[BR],中和站 -> 景安站 -> 景安站 -> 永安市場站 -> 頂溪站 -> 古亭站 -> 東門站 -> 忠孝新生站 -> 忠孝新生站 -> 忠孝復興站 -> 忠孝敦化站 -> 國父紀念館站 -> 市政府站 -> 永春站 -> 後山埤站 -> 昆陽站 -> 南港站 -> 南港展覽館站 -> 南港展覽館站 -> 南港軟體園區站 -> 東湖站
中和站,東湖站,2,3668,61.13333333333333,2,840,14.0,中和站[Y] -> 橋和站[Y] -> 中原站[Y] -> 板新站[Y] -> 板橋站[Y] -> 新埔民生站[Y] -> 新埔站[BL] -> 江子翠站[BL] -> 龍山寺站[BL] -> 西門站[BL] -> 台北車站[BL] -> 善導寺站[BL] -> 忠孝新生站[BL] -> 忠孝復興站[BL] -> 忠孝敦化站[BL] -> 國父紀念館站[BL] -> 市政府站[BL] -> 永春站[BL] -> 後山埤站[BL] -> 昆陽站[BL] -> 南港站[BL] -> 南港展覽館站[BL] -> 南港展覽館站[BR] -> 南港軟體園區站[BR] -> 東湖站[BR],中和站 -> 橋和站 -> 中原站 -> 板新站 -> 板橋站 -> 新埔民生站 -> 新埔站 -> 江子翠站 -> 龍山寺站 -> 西門站 -> 台北車站 -> 善導寺站 -> 忠孝新生站 -> 忠孝復興站 -> 忠孝敦化站 -> 國父紀念館站 -> 市政府站 -> 永春站 -> 後山埤站 -> 昆陽站 -> 南港站 -> 南港展覽館站 -> 南港展覽館站 -> 南港軟體園區站 -> 東湖站
中和站,東湖站,3,3705,61.75,4,720,12.0,中和站[Y] -> 景安站[Y] -> 景平站[Y] -> 秀朗橋站[Y] -> 十四張站[Y] -> 大坪林站[Y] -> 大坪林站[G] -> 景美站[G] -> 萬隆站[G] -> 公館站[G] -> 台電大樓站[G] -> 古亭站[G] -> 古亭站[O#4] -> 東門站[O#4] -> 忠孝新生站[O#4] -> 忠孝新生站[BL] -> 忠孝復興站[BL] -> 忠孝敦化站[BL] -> 國父紀念館站[BL] -> 市政府站[BL] -> 永春站[BL] -> 後山埤站[BL] -> 昆陽站[BL] -> 南港站[BL] -> 南港展覽館站[BL] -> 南港展覽館站[BR] -> 南港軟體園區站[BR] -> 東湖站[BR],中和站 -> 景安站 -> 景平站 -> 秀朗橋站 -> 十四張站 -> 大坪林站 -> 大坪林站 -> 景美站 -> 萬隆站 -> 公館站 -> 台電大樓站 -> 古亭站 -> 古亭站 -> 東門站 -> 忠孝新生站 -> 忠孝新生站 -> 忠孝復興站 -> 忠孝敦化站 -> 國父紀念館站 -> 市政府站 -> 永春站 -> 後山埤站 -> 昆陽站 -> 南港站 -> 南港展覽館站 -> 南港展覽館站 -> 南港軟體園區站 -> 東湖站
中和站,東湖站,4,3888,64.8,3,600,10.0,中和站[Y] -> 景安站[Y] -> 景平站[Y] -> 秀朗橋站[Y] -> 十四張站[Y] -> 大坪林站[Y] -> 大坪林站[G] -> 景美站[G] -> 萬隆站[G] -> 公館站[G] -> 台電大樓站[G] -> 古亭站[G] -> 中正紀念堂站[G] -> 小南門站[G] -> 西門站[G] -> 西門站[BL] -> 台北車站[BL] -> 善導寺站[BL] -> 忠孝新生站[BL] -> 忠孝復興站[BL] -> 忠孝敦化站[BL] -> 國父紀念館站[BL] -> 市政府站[BL] -> 永春站[BL] -> 後山埤站[BL] -> 昆陽站[BL] -> 南港站[BL] -> 南港展覽館站[BL] -> 南港展覽館站[BR] -> 南港軟體園區站[BR] -> 東湖站[BR],中和站 -> 景安站 -> 景平站 -> 秀朗橋站 -> 十四張站 -> 大坪林站 -> 大坪林站 -> 景美站 -> 萬隆站 -> 公館站 -> 台電大樓站 -> 古亭站 -> 中正紀念堂站 -> 小南門站 -> 西門站 -> 西門站 -> 台北車站 -> 善導寺站 -> 忠孝新生站 -> 忠孝復興站 -> 忠孝敦化站 -> 國父紀念館站 -> 市政府站 -> 永春站 -> 後山埤站 -> 昆陽站 -> 南港站 -> 南港展覽館站 -> 南港展覽館站 -> 南港軟體園區站 -> 東湖站
中和站,東湖站,5,4076,67.93333333333334,2,480,8.0,中和站[Y] -> 景安站[Y] -> 景平站[Y] -> 秀朗橋站[Y] -> 十四張站[Y] -> 大坪林站[Y] -> 大坪林站[G] -> 景美站[G] -> 萬隆站[G] -> 公館站[G] -> 台電大樓站[G] -> 古亭站[G] -> 中正紀念堂站[G] -> 小南門站[G] -> 西門站[G] -> 北門站[G] -> 中山站[G] -> 松江南京站[G] -> 南京復興站[G] -> 南京復興站[BR] -> 中山國中站[BR] -> 松山機場站[BR] -> 大直站[BR] -> 劍南路站[BR] -> 西湖站[BR] -> 港墘站[BR] -> 文德站[BR] -> 內湖站[BR] -> 大湖公園站[BR] -> 葫洲站[BR] -> 東湖站[BR],中和站 -> 景安站 -> 景平站 -> 秀朗橋站 -> 十四張站 -> 大坪林站 -> 大坪林站 -> 景美站 -> 萬隆站 -> 公館站 -> 台電大樓站 -> 古亭站 -> 中正紀念堂站 -> 小南門站 -> 西門站 -> 北門站 -> 中山站 -> 松江南京站 -> 南京復興站 -> 南京復興站 -> 中山國中站 -> 松山機場站 -> 大直站 -> 劍南路站 -> 西湖站 -> 港墘站 -> 文德站 -> 內湖站 -> 大湖公園站 -> 葫洲站 -> 東湖站
中山站,中原站,1,1906,31.766666666666666,2,660,11.0,中山站[G] -> 北門站[G] -> 西門站[G] -> 西門站[BL] -> 龍山寺站[BL] -> 江子翠站[BL] -> 新埔站[BL] -> 新埔民生站[Y] -> 板橋站[Y] -> 板新站[Y] -> 中原站[Y],中山站 -> 北門站 -> 西門站 -> 西門站 -> 龍山寺站 -> 江子翠站 -> 新埔站 -> 新埔民生站 -> 板橋站 -> 板新站 -> 中原站
中山站,中原站,2,1943,32.38333333333333,3,600,10.0,中山站[R] -> 台北車站[R] -> 台大醫院站[R] -> 中正紀念堂站[R] -> 中正紀念堂站[G] -> 古亭站[G] -> 古亭站[O#4] -> 頂溪站[O#4] -> 永安市場站[O#4] -> 景安站[O#4] -> 景安站[Y] -> 中和站[Y] -> 橋和站[Y] -> 中原站[Y],中山站 -> 台北車站 -> 台大醫院站 -> 中正紀念堂站 -> 中正紀念堂站 -> 古亭站 -> 古亭站 -> 頂溪站 -> 永安市場站 -> 景安站 -> 景安站 -> 中和站 -> 橋和站 -> 中原站
中山站,中原站,3,1981,33.016666666666666,2,480,8.0,中山站[G] -> 北門站[G] -> 西門站[G] -> 小南門站[G] -> 中正紀念堂站[G] -> 古亭站[G] -> 古亭站[O#4] -> 頂溪站[O#4] -> 永安市場站[O#4] -> 景安站[O#4] -> 景安站[Y] -> 中和站[Y] -> 橋和站[Y] -> 中原站[Y],中山站 -> 北門站 -> 西門站 -> 小南門站 -> 中正紀念堂站 -> 古亭站 -> 古亭站 -> 頂溪站 -> 永安市場站 -> 景安站 -> 景安站 -> 中和站 -> 橋和站 -> 中原站
中山站,中原站,4,2275,37.91666666666666,2,300,5.0,中山站[R] -> 台北車站[R] -> 台大醫院站[R] -> 中正紀念堂站[R] -> 中正紀念堂站[G] -> 古亭站[G] -> 台電大樓站[G] -> 公館站[G] -> 萬隆站[G] -> 景美站[G] -> 大坪林站[G] -> 大坪林站[Y] -> 十四張站[Y] -> 秀朗橋站[Y] -> 景平站[Y] -> 景安站[Y] -> 中和站[Y] -> 橋和站[Y] -> 中原站[Y],中山站 -> 台北車站 -> 台大醫院站 -> 中正紀念堂站 -> 中正紀念堂站 -> 古亭站 -> 台電大樓站 -> 公館站 -> 萬隆站 -> 景美站 -> 大坪林站 -> 大坪林站 -> 十四張站 -> 秀朗橋站 -> 景平站 -> 景安站 -> 中和站 -> 橋和站 -> 中原站
中山站,中原站,5,2313,38.55,1,180,3.0,中山站[G] -> 北門站[G] -> 西門站[G] -> 小南門站[G] -> 中正紀念堂站[G] -> 古亭站[G] -> 台電大樓站[G] -> 公館站[G] -> 萬隆站[G] -> 景美站[G] -> 大坪林站[G] -> 大坪林站[Y] -> 十四張站[Y] -> 秀朗橋站[Y] -> 景平站[Y] -> 景安站[Y] -> 中和站[Y] -> 橋和站[Y] -> 中原站[Y],中山站 -> 北門站 -> 西門站 -> 小南門站 -> 中正紀念堂站 -> 古亭站 -> 台電大樓站 -> 公館站 -> 萬隆站 -> 景美站 -> 大坪林站 -> 大坪林站 -> 十四張站 -> 秀朗橋站 -> 景平站 -> 景安站 -> 中和站 -> 橋和站 -> 中原站
中山站,新埔民生站,1,1361,22.683333333333334,2,660,11.0,中山站[G] -> 北門站[G] -> 西門站[G] -> 西門站[BL] -> 龍山寺站[BL] -> 江子翠站[BL] -> 新埔站[BL] -> 新埔民生站[Y],中山站 -> 北門站 -> 西門站 -> 西門站 -> 龍山寺站 -> 江子翠站 -> 新埔站 -> 新埔民生站
中山站,新埔民生站,2,1659,27.65,2,540,9.0,中山站[R] -> 雙連站[R] -> 民權西路站[R] -> 民權西路站[O#4] -> 大橋頭站[O#4] -> 台北橋站[O] -> 菜寮站[O] -> 三重站[O] -> 先嗇宮站[O] -> 頭前庄站[O] -> 頭前庄站[Y] -> 新埔民生站[Y],中山站 -> 雙連站 -> 民權西路站 -> 民權西路站 -> 大橋頭站 -> 台北橋站 -> 菜寮站 -> 三重站 -> 先嗇宮站 -> 頭前庄站 -> 頭前庄站 -> 新埔民生站
中山站,新埔民生站,3,1889,31.48333333333333,2,480,8.0,中山站[G] -> 松江南京站[G] -> 松江南京站[O#4] -> 行天宮站[O#4] -> 中山國小站[O#4] -> 民權西路站[O#4] -> 大橋頭站[O#4] -> 台北橋站[O] -> 菜寮站[O] -> 三重站[O] -> 先嗇宮站[O] -> 頭前庄站[O] -> 頭前庄站[Y] -> 新埔民生站[Y],中山站 -> 松江南京站 -> 松江南京站 -> 行天宮站 -> 中山國小站 -> 民權西路站 -> 大橋頭站 -> 台北橋站 -> 菜寮站 -> 三重站 -> 先嗇宮站 -> 頭前庄站 -> 頭前庄站 -> 新埔民生站
中山站,新埔民生站,4,2820,47.0,2,300,5.0,中山站[R] -> 台北車站[R] -> 台大醫院站[R] -> 中正紀念堂站[R] -> 中正紀念堂站[G] -> 古亭站[G] -> 台電大樓站[G] -> 公館站[G] -> 萬隆站[G] -> 景美站[G] -> 大坪林站[G] -> 大坪林站[Y] -> 十四張站[Y] -> 秀朗橋站[Y] -> 景平站[Y] -> 景安站[Y] -> 中和站[Y] -> 橋和站[Y] -> 中原站[Y] -> 板新站[Y] -> 板橋站[Y] -> 新埔民生站[Y],中山站 -> 台北車站 -> 台大醫院站 -> 中正紀念堂站 -> 中正紀念堂站 -> 古亭站 -> 台電大樓站 -> 公館站 -> 萬隆站 -> 景美站 -> 大坪林站 -> 大坪林站 -> 十四張站 -> 秀朗橋站 -> 景平站 -> 景安站 -> 中和站 -> 橋和站 -> 中原站 -> 板新站 -> 板橋站 -> 新埔民生站
中山站,新埔民生站,5,2858,47.63333333333333,1,180,3.0,中山站[G] -> 北門站[G] -> 西門站[G] -> 小南門站[G] -> 中正紀念堂站[G] -> 古亭站[G] -> 台電大樓站[G] -> 公館站[G] -> 萬隆站[G] -> 景美站[G] -> 大坪林站[G] -> 大坪林站[Y] -> 十四張站[Y] -> 秀朗橋站[Y] -> 景平站[Y] -> 景安站[Y] -> 中和站[Y] -> 橋和站[Y] -> 中原站[Y] -> 板新站[Y] -> 板橋站[Y] -> 新埔民生站[Y],中山站 -> 北門站 -> 西門站 -> 小南門站 -> 中正紀念堂站 -> 古亭站 -> 台電大樓站 -> 公館站 -> 萬隆站 -> 景美站 -> 大坪林站 -> 大坪林站 -> 十四張站 -> 秀朗橋站 -> 景平站 -> 景安站 -> 中和站 -> 橋和站 -> 中原站 -> 板新站 -> 板橋站 -> 新埔民生站
中山站,板新站,1,1770,29.5,2,660,11.0,中山站[G] -> 北門站[G] -> 西門站[G] -> 西門站[BL] -> 龍山寺站[BL] -> 江子翠站[BL] -> 新埔站[BL] -> 新埔民生站[Y] -> 板橋站[Y] -> 板新站[Y],中山站 -> 北門站 -> 西門站 -> 西門站 -> 龍山寺站 -> 江子翠站 -> 新埔站 -> 新埔民生站 -> 板橋站 -> 板新站
中山站,板新站,2,2068,34.46666666666667,2,540,9.0,中山站[R] -> 雙連站[R] -> 民權西路站[R] -> 民權西路站[O#4] -> 大橋頭站[O#4] -> 台北橋站[O] -> 菜寮站[O] -> 三重站[O] -> 先嗇宮站[O] -> 頭前庄站[O] -> 頭前庄站[Y] -> 新埔民生站[Y] -> 板橋站[Y] -> 板新站[Y],中山站 -> 雙連站 -> 民權西路站 -> 民權西路站 -> 大橋頭站 -> 台北橋站 -> 菜寮站 -> 三重站 -> 先嗇宮站 -> 頭前庄站 -> 頭前庄站 -> 新埔民生站 -> 板橋站 -> 板新站
中山站,板新站,3,2117,35.28333333333333,2,480,8.0,中山站[G] -> 北門站[G] -> 西門站[G] -> 小南門站[G] -> 中正紀念堂站[G] -> 古亭站[G] -> 古亭站[O#4] -> 頂溪站[O#4] -> 永安市場站[O#4] -> 景安站[O#4] -> 景安站[Y] -> 中和站[Y] -> 橋和站[Y] -> 中原站[Y] -> 板新站[Y],中山站 -> 北門站 -> 西門站 -> 小南門站 -> 中正紀念堂站 -> 古亭站 -> 古亭站 -> 頂溪站 -> 永安市場站 -> 景安站 -> 景安站 -> 中和站 -> 橋和站 -> 中原站 -> 板新站
中山站,板新站,4,2411,40.18333333333333,2,300,5.0,中山站[R] -> 台北車站[R] -> 台大醫院站[R] -> 中正紀念堂站[R] -> 中正紀念堂站[G] -> 古亭站[G] -> 台電大樓站[G] -> 公館站[G] -> 萬隆站[G] -> 景美站[G] -> 大坪林站[G] -> 大坪林站[Y] -> 十四張站[Y] -> 秀朗橋站[Y] -> 景平站[Y] -> 景安站[Y] -> 中和站[Y] -> 橋和站[Y] -> 中原站[Y] -> 板新站[Y],中山站 -> 台北車站 -> 台大醫院站 -> 中正紀念堂站 -> 中正紀念堂站 -> 古亭站 -> 台電大樓站 -> 公館站 -> 萬隆站 -> 景美站 -> 大坪林站 -> 大坪林站 -> 十四張站 -> 秀朗橋站 -> 景平站 -> 景安站 -> 中和站 -> 橋和站 -> 中原站 -> 板新站
中山站,板新站,5,2449,40.81666666666667,1,180,3.0,中山站[G] -> 北門站[G] -> 西門站[G] -> 小南門站[G] -> 中正紀念堂站[G] -> 古亭站[G] -> 台電大樓站[G] -> 公館站[G] -> 萬隆站[G] -> 景美站[G] -> 大坪林站[G] -> 大坪林站[Y] -> 十四張站[Y] -> 秀朗橋站[Y] -> 景平站[Y] -> 景安站[Y] -> 中和站[Y] -> 橋和站[Y] -> 中原站[Y] -> 板新站[Y],中山站 -> 北門站 -> 西門站 -> 小南門站 -> 中正紀念堂站 -> 古亭站 -> 台電大樓站 -> 公館站 -> 萬隆站 -> 景美站 -> 大坪林站 -> 大坪林站 -> 十四張站 -> 秀朗橋站 -> 景平站 -> 景安站 -> 中和站 -> 橋和站 -> 中原站 -> 板新站
南港軟體園區站,中原站,1,3220,53.66666666666666,3,780,13.0,南港軟體園區站[BR] -> 南港展覽館站[BR] -> 南港展覽館站[BL] -> 南港站[BL] -> 昆陽站[BL] -> 後山埤站[BL] -> 永春站[BL] -> 市政府站[BL] -> 國父紀念館站[BL] -> 忠孝敦化站[BL] -> 忠孝復興站[BL] -> 忠孝新生站[BL] -> 忠孝新生站[O#4] -> 東門站[O#4] -> 古亭站[O#4] -> 頂溪站[O#4] -> 永安市場站[O#4] -> 景安站[O#4] -> 景安站[Y] -> 中和站[Y] -> 橋和站[Y] -> 中原站[Y],南港軟體園區站 -> 南港展覽館站 -> 南港展覽館站 -> 南港站 -> 昆陽站 -> 後山埤站 -> 永春站 -> 市政府站 -> 國父紀念館站 -> 忠孝敦化站 -> 忠孝復興站 -> 忠孝新生站 -> 忠孝新生站 -> 東門站 -> 古亭站 -> 頂溪站 -> 永安市場站 -> 景安站 -> 景安站 -> 中和站 -> 橋和站 -> 中原站
南港軟體園區站,中原站,2,3329,55.48333333333333,2,840,14.0,南港軟體園區站[BR] -> 南港展覽館站[BR] -> 南港展覽館站[BL] -> 南港站[BL] -> 昆陽站[BL] -> 後山埤站[BL] -> 永春站[BL] -> 市政府站[BL] -> 國父紀念館站[BL] -> 忠孝敦化站[BL] -> 忠孝復興站[BL] -> 忠孝新生站[BL] -> 善導寺站[BL] -> 台北車站[BL] -> 西門站[BL] -> 龍山寺站[BL] -> 江子翠站[BL] -> 新埔站[BL] -> 新埔民生站[Y] -> 板橋站[Y] -> 板新站[Y] -> 中原站[Y],南港軟體園區站 -> 南港展覽館站 -> 南港展覽館站 -> 南港站 -> 昆陽站 -> 後山埤站 -> 永春站 -> 市政府站 -> 國父紀念館站 -> 忠孝敦化站 -> 忠孝復興站 -> 忠孝新生站 -> 善導寺站 -> 台北車站 -> 西門站 -> 龍山寺站 -> 江子翠站 -> 新埔站 -> 新埔民生站 -> 板橋站 -> 板新站 -> 中原站
南港軟體園區站,中原站,3,3792,63.2,4,720,12.0,南港軟體園區站[BR] -> 南港展覽館站[BR] -> 南港展覽館站[BL] -> 南港站[BL] -> 昆陽站[BL] -> 後山埤站[BL] -> 永春站[BL] -> 市政府站[BL] -> 國父紀念館站[BL] -> 忠孝敦化站[BL] -> 忠孝復興站[BL] -> 忠孝新生站[BL] -> 忠孝新生站[O#4] -> 東門站[O#4] -> 古亭站[O#4] -> 古亭站[G] -> 台電大樓站[G] -> 公館站[G] -> 萬隆站[G] -> 景美站[G] -> 大坪林站[G] -> 大坪林站[Y] -> 十四張站[Y] -> 秀朗橋站[Y] -> 景平站[Y] -> 景安站[Y] -> 中和站[Y] -> 橋和站[Y] -> 中原站[Y],南港軟體園區站 -> 南港展覽館站 -> 南港展覽館站 -> 南港站 -> 昆陽站 -> 後山埤站 -> 永春站 -> 市政府站 -> 國父紀念館站 -> 忠孝敦化站 -> 忠孝復興站 -> 忠孝新生站 -> 忠孝新生站 -> 東門站 -> 古亭站 -> 古亭站 -> 台電大樓站 -> 公館站 -> 萬隆站 -> 景美站 -> 大坪林站 -> 大坪林站 -> 十四張站 -> 秀朗橋站 -> 景平站 -> 景安站 -> 中和站 -> 橋和站 -> 中原站
南港軟體園區站,中原站,4,3976,66.26666666666667,3,600,10.0,南港軟體園區站[BR] -> 南港展覽館站[BR] -> 南港展覽館站[BL] -> 南港站[BL] -> 昆陽站[BL] -> 後山埤站[BL] -> 永春站[BL] -> 市政府站[BL] -> 國父紀念館站[BL] -> 忠孝敦化站[BL] -> 忠孝復興站[BL] -> 忠孝新生站[BL] -> 善導寺站[BL] -> 台北車站[BL] -> 西門站[BL] -> 西門站[G] -> 小南門站[G] -> 中正紀念堂站[G] -> 古亭站[G] -> 台電大樓站[G] -> 公館站[G] -> 萬隆站[G] -> 景美站[G] -> 大坪林站[G] -> 大坪林站[Y] -> 十四張站[Y] -> 秀朗橋站[Y] -> 景平站[Y] -> 景安站[Y] -> 中和站[Y] -> 橋和站[Y] -> 中原站[Y],南港軟體園區站 -> 南港展覽館站 -> 南港展覽館站 -> 南港站 -> 昆陽站 -> 後山埤站 -> 永春站 -> 市政府站 -> 國父紀念館站 -> 忠孝敦化站 -> 忠孝復興站 -> 忠孝新生站 -> 善導寺站 -> 台北車站 -> 西門站 -> 西門站 -> 小南門站 -> 中正紀念堂站 -> 古亭站 -> 台電大樓站 -> 公館站 -> 萬隆站 -> 景美站 -> 大坪林站 -> 大坪林站 -> 十四張站 -> 秀朗橋站 -> 景平站 -> 景安站 -> 中和站 -> 橋和站 -> 中原站
南港軟體園區站,中原站,5,4383,73.05,2,480,8.0,南港軟體園區站[BR] -> 東湖站[BR] -> 葫洲站[BR] -> 大湖公園站[BR] -> 內湖站[BR] -> 文德站[BR] -> 港墘站[BR] -> 西湖站[BR] -> 劍南路站[BR] -> 大直站[BR] -> 松山機場站[BR] -> 中山國中站[BR] -> 南京復興站[BR] -> 南京復興站[G] -> 松江南京站[G] -> 中山站[G] -> 北門站[G] -> 西門站[G] -> 小南門站[G] -> 中正紀念堂站[G] -> 古亭站[G] -> 台電大樓站[G] -> 公館站[G] -> 萬隆站[G] -> 景美站[G] -> 大坪林站[G] -> 大坪林站[Y] -> 十四張站[Y] -> 秀朗橋站[Y] -> 景平站[Y] -> 景安站[Y] -> 中和站[Y] -> 橋和站[Y] -> 中原站[Y],南港軟體園區站 -> 東湖站 -> 葫洲站 -> 大湖公園站 -> 內湖站 -> 文德站 -> 港墘站 -> 西湖站 -> 劍南路站 -> 大直站 -> 松山機場站 -> 中山國中站 -> 南京復興站 -> 南京復興站 -> 松江南京站 -> 中山站 -> 北門站 -> 西門站 -> 小南門站 -> 中正紀念堂站 -> 古亭站 -> 台電大樓站 -> 公館站 -> 萬隆站 -> 景美站 -> 大坪林站 -> 大坪林站 -> 十四張站 -> 秀朗橋站 -> 景平站 -> 景安站 -> 中和站 -> 橋和站 -> 中原站
南港軟體園區站,中和站,1,2994,49.9,3,780,13.0,南港軟體園區站[BR] -> 南港展覽館站[BR] -> 南港展覽館站[BL] -> 南港站[BL] -> 昆陽站[BL] -> 後山埤站[BL] -> 永春站[BL] -> 市政府站[BL] -> 國父紀念館站[BL] -> 忠孝敦化站[BL] -> 忠孝復興站[BL] -> 忠孝新生站[BL] -> 忠孝新生站[O#4] -> 東門站[O#4] -> 古亭站[O#4] -> 頂溪站[O#4] -> 永安市場站[O#4] -> 景安站[O#4] -> 景安站[Y] -> 中和站[Y],南港軟體園區站 -> 南港展覽館站 -> 南港展覽館站 -> 南港站 -> 昆陽站 -> 後山埤站 -> 永春站 -> 市政府站 -> 國父紀念館站 -> 忠孝敦化站 -> 忠孝復興站 -> 忠孝新生站 -> 忠孝新生站 -> 東門站 -> 古亭站 -> 頂溪站 -> 永安市場站 -> 景安站 -> 景安站 -> 中和站
南港軟體園區站,中和站,2,3555,59.25,2,840,14.0,南港軟體園區站[BR] -> 南港展覽館站[BR] -> 南港展覽館站[BL] -> 南港站[BL] -> 昆陽站[BL] -> 後山埤站[BL] -> 永春站[BL] -> 市政府站[BL] -> 國父紀念館站[BL] -> 忠孝敦化站[BL] -> 忠孝復興站[BL] -> 忠孝新生站[BL] -> 善導寺站[BL] -> 台北車站[BL] -> 西門站[BL] -> 龍山寺站[BL] -> 江子翠站[BL] -> 新埔站[BL] -> 新埔民生站[Y] -> 板橋站[Y] -> 板新站[Y] -> 中原站[Y] -> 橋和站[Y] -> 中和站[Y],南港軟體園區站 -> 南港展覽館站 -> 南港展覽館站 -> 南港站 -> 昆陽站 -> 後山埤站 -> 永春站 -> 市政府站 -> 國父紀念館站 -> 忠孝敦化站 -> 忠孝復興站 -> 忠孝新生站 -> 善導寺站 -> 台北車站 -> 西門站 -> 龍山寺站 -> 江子翠站 -> 新埔站 -> 新埔民生站 -> 板橋站 -> 板新站 -> 中原站 -> 橋和站 -> 中和站
南港軟體園區站,中和站,3,3566,59.43333333333333,4,720,12.0,南港軟體園區站[BR] -> 南港展覽館站[BR] -> 南港展覽館站[BL] -> 南港站[BL] -> 昆陽站[BL] -> 後山埤站[BL] -> 永春站[BL] -> 市政府站[BL] -> 國父紀念館站[BL] -> 忠孝敦化站[BL] -> 忠孝復興站[BL] -> 忠孝新生站[BL] -> 忠孝新生站[O#4] -> 東門站[O#4] -> 古亭站[O#4] -> 古亭站[G] -> 台電大樓站[G] -> 公館站[G] -> 萬隆站[G] -> 景美站[G] -> 大坪林站[G] -> 大坪林站[Y] -> 十四張站[Y] -> 秀朗橋站[Y] -> 景平站[Y] -> 景安站[Y] -> 中和站[Y],南港軟體園區站 -> 南港展覽館站 -> 南港展覽館站 -> 南港站 -> 昆陽站 -> 後山埤站 -> 永春站 -> 市政府站 -> 國父紀念館站 -> 忠孝敦化站 -> 忠孝復興站 -> 忠孝新生站 -> 忠孝新生站 -> 東門站 -> 古亭站 -> 古亭站 -> 台電大樓站 -> 公館站 -> 萬隆站 -> 景美站 -> 大坪林站 -> 大坪林站 -> 十四張站 -> 秀朗橋站 -> 景平站 -> 景安站 -> 中和站
南港軟體園區站,中和站,4,3750,62.5,3,600,10.0,南港軟體園區站[BR] -> 南港展覽館站[BR] -> 南港展覽館站[BL] -> 南港站[BL] -> 昆陽站[BL] -> 後山埤站[BL] -> 永春站[BL] -> 市政府站[BL] -> 國父紀念館站[BL] -> 忠孝敦化站[BL] -> 忠孝復興站[BL] -> 忠孝新生站[BL] -> 善導寺站[BL] -> 台北車站[BL] -> 西門站[BL] -> 西門站[G] -> 小南門站[G] -> 中正紀念堂站[G] -> 古亭站[G] -> 台電大樓站[G] -> 公館站[G] -> 萬隆站[G] -> 景美站[G] -> 大坪林站[G] -> 大坪林站[Y] -> 十四張站[Y] -> 秀朗橋站[Y] -> 景平站[Y] -> 景安站[Y] -> 中和站[Y],南港軟體園區站 -> 南港展覽館站 -> 南港展覽館站 -> 南港站 -> 昆陽站 -> 後山埤站 -> 永春站 -> 市政府站 -> 國父紀念館站 -> 忠孝敦化站 -> 忠孝復興站 -> 忠孝新生站 -> 善導寺站 -> 台北車站 -> 西門站 -> 西門站 -> 小南門站 -> 中正紀念堂站 -> 古亭站 -> 台電大樓站 -> 公館站 -> 萬隆站 -> 景美站 -> 大坪林站 -> 大坪林站 -> 十四張站 -> 秀朗橋站 -> 景平站 -> 景安站 -> 中和站
南港軟體園區站,中和站,5,4157,69.28333333333333,2,480,8.0,南港軟體園區站[BR] -> 東湖站[BR] -> 葫洲站[BR] -> 大湖公園站[BR] -> 內湖站[BR] -> 文德站[BR] -> 港墘站[BR] -> 西湖站[BR] -> 劍南路站[BR] -> 大直站[BR] -> 松山機場站[BR] -> 中山國中站[BR] -> 南京復興站[BR] -> 南京復興站[G] -> 松江南京站[G] -> 中山站[G] -> 北門站[G] -> 西門站[G] -> 小南門站[G] -> 中正紀念堂站[G] -> 古亭站[G] -> 台電大樓站[G] -> 公館站[G] -> 萬隆站[G] -> 景美站[G] -> 大坪林站[G] -> 大坪林站[Y] -> 十四張站[Y] -> 秀朗橋站[Y] -> 景平站[Y] -> 景安站[Y] -> 中和站[Y],南港軟體園區站 -> 東湖站 -> 葫洲站 -> 大湖公園站 -> 內湖站 -> 文德站 -> 港墘站 -> 西湖站 -> 劍南路站 -> 大直站 -> 松山機場站 -> 中山國中站 -> 南京復興站 -> 南京復興站 -> 松江南京站 -> 中山站 -> 北門站 -> 西門站 -> 小南門站 -> 中正紀念堂站 -> 古亭站 -> 台電大樓站 -> 公館站 -> 萬隆站 -> 景美站 -> 大坪林站 -> 大坪林站 -> 十四張站 -> 秀朗橋站 -> 景平站 -> 景安站 -> 中和站
南港軟體園區站,幸福站,1,3082,51.36666666666667,2,840,14.0,南港軟體園區站[BR] -> 南港展覽館站[BR] -> 南港展覽館站[BL] -> 南港站[BL] -> 昆陽站[BL] -> 後山埤站[BL] -> 永春站[BL] -> 市政府站[BL] -> 國父紀念館站[BL] -> 忠孝敦化站[BL] -> 忠孝復興站[BL] -> 忠孝新生站[BL] -> 善導寺站[BL] -> 台北車站[BL] -> 西門站[BL] -> 龍山寺站[BL] -> 江子翠站[BL] -> 新埔站[BL] -> 新埔民生站[Y] -> 頭前庄站[Y] -> 幸福站[Y],南港軟體園區站 -> 南港展覽館站 -> 南港展覽館站 -> 南港站 -> 昆陽站 -> 後山埤站 -> 永春站 -> 市政府站 -> 國父紀念館站 -> 忠孝敦化站 -> 忠孝復興站 -> 忠孝新生站 -> 善導寺站 -> 台北車站 -> 西門站 -> 龍山寺站 -> 江子翠站 -> 新埔站 -> 新埔民生站 -> 頭前庄站 -> 幸福站
南港軟體園區站,幸福站,2,3274,54.56666666666667,3,780,13.0,南港軟體園區站[BR] -> 南港展覽館站[BR] -> 南港展覽館站[BL] -> 南港站[BL] -> 昆陽站[BL] -> 後山埤站[BL] -> 永春站[BL] -> 市政府站[BL] -> 國父紀念館站[BL] -> 忠孝敦化站[BL] -> 忠孝復興站[BL] -> 忠孝新生站[BL] -> 忠孝新生站[O#4] -> 松江南京站[O#4] -> 行天宮站[O#4] -> 中山國小站[O#4] -> 民權西路站[O#4] -> 大橋頭站[O#4] -> 台北橋站[O] -> 菜寮站[O] -> 三重站[O] -> 先嗇宮站[O] -> 頭前庄站[O] -> 頭前庄站[Y] -> 幸福站[Y],南港軟體園區站 -> 南港展覽館站 -> 南港展覽館站 -> 南港站 -> 昆陽站 -> 後山埤站 -> 永春站 -> 市政府站 -> 國父紀念館站 -> 忠孝敦化站 -> 忠孝復興站 -> 忠孝新生站 -> 忠孝新生站 -> 松江南京站 -> 行天宮站 -> 中山國小站 -> 民權西路站 -> 大橋頭站 -> 台北橋站 -> 菜寮站 -> 三重站 -> 先嗇宮站 -> 頭前庄站 -> 頭前庄站 -> 幸福站
南港軟體園區站,幸福站,3,4635,77.25,4,720,12.0,南港軟體園區站[BR] -> 南港展覽館站[BR] -> 南港展覽館站[BL] -> 南港站[BL] -> 昆陽站[BL] -> 後山埤站[BL] -> 永春站[BL] -> 市政府站[BL] -> 國父紀念館站[BL] -> 忠孝敦化站[BL] -> 忠孝復興站[BL] -> 忠孝新生站[BL] -> 忠孝新生站[O#4] -> 東門站[O#4] -> 古亭站[O#4] -> 古亭站[G] -> 台電大樓站[G] -> 公館站[G] -> 萬隆站[G] -> 景美站[G] -> 大坪林站[G] -> 大坪林站[Y] -> 十四張站[Y] -> 秀朗橋站[Y] -> 景平站[Y] -> 景安站[Y] -> 中和站[Y] -> 橋和站[Y] -> 中原站[Y] -> 板新站[Y] -> 板橋站[Y] -> 新埔民生站[Y] -> 頭前庄站[Y] -> 幸福站[Y],南港軟體園區站 -> 南港展覽館站 -> 南港展覽館站 -> 南港站 -> 昆陽站 -> 後山埤站 -> 永春站 -> 市政府站 -> 國父紀念館站 -> 忠孝敦化站 -> 忠孝復興站 -> 忠孝新生站 -> 忠孝新生站 -> 東門站 -> 古亭站 -> 古亭站 -> 台電大樓站 -> 公館站 -> 萬隆站 -> 景美站 -> 大坪林站 -> 大坪林站 -> 十四張站 -> 秀朗橋站 -> 景平站 -> 景安站 -> 中和站 -> 橋和站 -> 中原站 -> 板新站 -> 板橋站 -> 新埔民生站 -> 頭前庄站 -> 幸福站
南港軟體園區站,幸福站,4,4819,80.31666666666666,3,600,10.0,南港軟體園區站[BR] -> 南港展覽館站[BR] -> 南港展覽館站[BL] -> 南港站[BL] -> 昆陽站[BL] -> 後山埤站[BL] -> 永春站[BL] -> 市政府站[BL] -> 國父紀念館站[BL] -> 忠孝敦化站[BL] -> 忠孝復興站[BL] -> 忠孝新生站[BL] -> 善導寺站[BL] -> 台北車站[BL] -> 西門站[BL] -> 西門站[G] -> 小南門站[G] -> 中正紀念堂站[G] -> 古亭站[G] -> 台電大樓站[G] -> 公館站[G] -> 萬隆站[G] -> 景美站[G] -> 大坪林站[G] -> 大坪林站[Y] -> 十四張站[Y] -> 秀朗橋站[Y] -> 景平站[Y] -> 景安站[Y] -> 中和站[Y] -> 橋和站[Y] -> 中原站[Y] -> 板新站[Y] -> 板橋站[Y] -> 新埔民生站[Y] -> 頭前庄站[Y] -> 幸福站[Y],南港軟體園區站 -> 南港展覽館站 -> 南港展覽館站 -> 南港站 -> 昆陽站 -> 後山埤站 -> 永春站 -> 市政府站 -> 國父紀念館站 -> 忠孝敦化站 -> 忠孝復興站 -> 忠孝新生站 -> 善導寺站 -> 台北車站 -> 西門站 -> 西門站 -> 小南門站 -> 中正紀念堂站 -> 古亭站 -> 台電大樓站 -> 公館站 -> 萬隆站 -> 景美站 -> 大坪林站 -> 大坪林站 -> 十四張站 -> 秀朗橋站 -> 景平站 -> 景安站 -> 中和站 -> 橋和站 -> 中原站 -> 板新站 -> 板橋站 -> 新埔民生站 -> 頭前庄站 -> 幸福站
南港軟體園區站,幸福站,5,5226,87.1,2,480,8.0,南港軟體園區站[BR] -> 東湖站[BR] -> 葫洲站[BR] -> 大湖公園站[BR] -> 內湖站[BR] -> 文德站[BR] -> 港墘站[BR] -> 西湖站[BR] -> 劍南路站[BR] -> 大直站[BR] -> 松山機場站[BR] -> 中山國中站[BR] -> 南京復興站[BR] -> 南京復興站[G] -> 松江南京站[G] -> 中山站[G] -> 北門站[G] -> 西門站[G] -> 小南門站[G] -> 中正紀念堂站[G] -> 古亭站[G] -> 台電大樓站[G] -> 公館站[G] -> 萬隆站[G] -> 景美站[G] -> 大坪林站[G] -> 大坪林站[Y] -> 十四張站[Y] -> 秀朗橋站[Y] -> 景平站[Y] -> 景安站[Y] -> 中和站[Y] -> 橋和站[Y] -> 中原站[Y] -> 板新站[Y] -> 板橋站[Y] -> 新埔民生站[Y] -> 頭前庄站[Y] -> 幸福站[Y],南港軟體園區站 -> 東湖站 -> 葫洲站 -> 大湖公園站 -> 內湖站 -> 文德站 -> 港墘站 -> 西湖站 -> 劍南路站 -> 大直站 -> 松山機場站 -> 中山國中站 -> 南京復興站 -> 南京復興站 -> 松江南京站 -> 中山站 -> 北門站 -> 西門站 -> 小南門站 -> 中正紀念堂站 -> 古亭站 -> 台電大樓站 -> 公館站 -> 萬隆站 -> 景美站 -> 大坪林站 -> 大坪林站 -> 十四張站 -> 秀朗橋站 -> 景平站 -> 景安站 -> 中和站 -> 橋和站 -> 中原站 -> 板新站 -> 板橋站 -> 新埔民生站 -> 頭前庄站 -> 幸福站
南港軟體園區站,新北產業園區站,1,3240,54.0,2,840,14.0,南港軟體園區站[BR] -> 南港展覽館站[BR] -> 南港展覽館站[BL] -> 南港站[BL] -> 昆陽站[BL] -> 後山埤站[BL] -> 永春站[BL] -> 市政府站[BL] -> 國父紀念館站[BL] -> 忠孝敦化站[BL] -> 忠孝復興站[BL] -> 忠孝新生站[BL] -> 善導寺站[BL] -> 台北車站[BL] -> 西門站[BL] -> 龍山寺站[BL] -> 江子翠站[BL] -> 新埔站[BL] -> 新埔民生站[Y] -> 頭前庄站[Y] -> 幸福站[Y] -> 新北產業園區站[Y],南港軟體園區站 -> 南港展覽館站 -> 南港展覽館站 -> 南港站 -> 昆陽站 -> 後山埤站 -> 永春站 -> 市政府站 -> 國父紀念館站 -> 忠孝敦化站 -> 忠孝復興站 -> 忠孝新生站 -> 善導寺站 -> 台北車站 -> 西門站 -> 龍山寺站 -> 江子翠站 -> 新埔站 -> 新埔民生站 -> 頭前庄站 -> 幸福站 -> 新北產業園區站
南港軟體園區站,新北產業園區站,2,3432,57.2,3,780,13.0,南港軟體園區站[BR] -> 南港展覽館站[BR] -> 南港展覽館站[BL] -> 南港站[BL] -> 昆陽站[BL] -> 後山埤站[BL] -> 永春站[BL] -> 市政府站[BL] -> 國父紀念館站[BL] -> 忠孝敦化站[BL] -> 忠孝復興站[BL] -> 忠孝新生站[BL] -> 忠孝新生站[O#4] -> 松江南京站[O#4] -> 行天宮站[O#4] -> 中山國小站[O#4] -> 民權西路站[O#4] -> 大橋頭站[O#4] -> 台北橋站[O] -> 菜寮站[O] -> 三重站[O] -> 先嗇宮站[O] -> 頭前庄站[O] -> 頭前庄站[Y] -> 幸福站[Y] -> 新北產業園區站[Y],南港軟體園區站 -> 南港展覽館站 -> 南港展覽館站 -> 南港站 -> 昆陽站 -> 後山埤站 -> 永春站 -> 市政府站 -> 國父紀念館站 -> 忠孝敦化站 -> 忠孝復興站 -> 忠孝新生站 -> 忠孝新生站 -> 松江南京站 -> 行天宮站 -> 中山國小站 -> 民權西路站 -> 大橋頭站 -> 台北橋站 -> 菜寮站 -> 三重站 -> 先嗇宮站 -> 頭前庄站 -> 頭前庄站 -> 幸福站 -> 新北產業園區站
南港軟體園區站,新北產業園區站,3,4793,79.88333333333334,4,720,12.0,南港軟體園區站[BR] -> 南港展覽館站[BR] -> 南港展覽館站[BL] -> 南港站[BL] -> 昆陽站[BL] -> 後山埤站[BL] -> 永春站[BL] -> 市政府站[BL] -> 國父紀念館站[BL] -> 忠孝敦化站[BL] -> 忠孝復興站[BL] -> 忠孝新生站[BL] -> 忠孝新生站[O#4] -> 東門站[O#4] -> 古亭站[O#4] -> 古亭站[G] -> 台電大樓站[G] -> 公館站[G] -> 萬隆站[G] -> 景美站[G] -> 大坪林站[G] -> 大坪林站[Y] -> 十四張站[Y] -> 秀朗橋站[Y] -> 景平站[Y] -> 景安站[Y] -> 中和站[Y] -> 橋和站[Y] -> 中原站[Y] -> 板新站[Y] -> 板橋站[Y] -> 新埔民生站[Y] -> 頭前庄站[Y] -> 幸福站[Y] -> 新北產業園區站[Y],南港軟體園區站 -> 南港展覽館站 -> 南港展覽館站 -> 南港站 -> 昆陽站 -> 後山埤站 -> 永春站 -> 市政府站 -> 國父紀念館站 -> 忠孝敦化站 -> 忠孝復興站 -> 忠孝新生站 -> 忠孝新生站 -> 東門站 -> 古亭站 -> 古亭站 -> 台電大樓站 -> 公館站 -> 萬隆站 -> 景美站 -> 大坪林站 -> 大坪林站 -> 十四張站 -> 秀朗橋站 -> 景平站 -> 景安站 -> 中和站 -> 橋和站 -> 中原站 -> 板新站 -> 板橋站 -> 新埔民生站 -> 頭前庄站 -> 幸福站 -> 新北產業園區站
南港軟體園區站,新北產業園區站,4,4977,82.95,3,600,10.0,南港軟體園區站[BR] -> 南港展覽館站[BR] -> 南港展覽館站[BL] -> 南港站[BL] -> 昆陽站[BL] -> 後山埤站[BL] -> 永春站[BL] -> 市政府站[BL] -> 國父紀念館站[BL] -> 忠孝敦化站[BL] -> 忠孝復興站[BL] -> 忠孝新生站[BL] -> 善導寺站[BL] -> 台北車站[BL] -> 西門站[BL] -> 西門站[G] -> 小南門站[G] -> 中正紀念堂站[G] -> 古亭站[G] -> 台電大樓站[G] -> 公館站[G] -> 萬隆站[G] -> 景美站[G] -> 大坪林站[G] -> 大坪林站[Y] -> 十四張站[Y] -> 秀朗橋站[Y] -> 景平站[Y] -> 景安站[Y] -> 中和站[Y] -> 橋和站[Y] -> 中原站[Y] -> 板新站[Y] -> 板橋站[Y] -> 新埔民生站[Y] -> 頭前庄站[Y] -> 幸福站[Y] -> 新北產業園區站[Y],南港軟體園區站 -> 南港展覽館站 -> 南港展覽館站 -> 南港站 -> 昆陽站 -> 後山埤站 -> 永春站 -> 市政府站 -> 國父紀念館站 -> 忠孝敦化站 -> 忠孝復興站 -> 忠孝新生站 -> 善導寺站 -> 台北車站 -> 西門站 -> 西門站 -> 小南門站 -> 中正紀念堂站 -> 古亭站 -> 台電大樓站 -> 公館站 -> 萬隆站 -> 景美站 -> 大坪林站 -> 大坪林站 -> 十四張站 -> 秀朗橋站 -> 景平站 -> 景安站 -> 中和站 -> 橋和站 -> 中原站 -> 板新站 -> 板橋站 -> 新埔民生站 -> 頭前庄站 -> 幸福站 -> 新北產業園區站
南港軟體園區站,新北產業園區站,5,5384,89.73333333333333,2,480,8.0,南港軟體園區站[BR] -> 東湖站[BR] -> 葫洲站[BR] -> 大湖公園站[BR] -> 內湖站[BR] -> 文德站[BR] -> 港墘站[BR] -> 西湖站[BR] -> 劍南路站[BR] -> 大直站[BR] -> 松山機場站[BR] -> 中山國中站[BR] -> 南京復興站[BR] -> 南京復興站[G] -> 松江南京站[G] -> 中山站[G] -> 北門站[G] -> 西門站[G] -> 小南門站[G] -> 中正紀念堂站[G] -> 古亭站[G] -> 台電大樓站[G] -> 公館站[G] -> 萬隆站[G] -> 景美站[G] -> 大坪林站[G] -> 大坪林站[Y] -> 十四張站[Y] -> 秀朗橋站[Y] -> 景平站[Y] -> 景安站[Y] -> 中和站[Y] -> 橋和站[Y] -> 中原站[Y] -> 板新站[Y] -> 板橋站[Y] -> 新埔民生站[Y] -> 頭前庄站[Y] -> 幸福站[Y] -> 新北產業園區站[Y],南港軟體園區站 -> 東湖站 -> 葫洲站 -> 大湖公園站 -> 內湖站 -> 文德站 -> 港墘站 -> 西湖站 -> 劍南路站 -> 大直站 -> 松山機場站 -> 中山國中站 -> 南京復興站 -> 南京復興站 -> 松江南京站 -> 中山站 -> 北門站 -> 西門站 -> 小南門站 -> 中正紀念堂站 -> 古亭站 -> 台電大樓站 -> 公館站 -> 萬隆站 -> 景美站 -> 大坪林站 -> 大坪林站 -> 十四張站 -> 秀朗橋站 -> 景平站 -> 景安站 -> 中和站 -> 橋和站 -> 中原站 -> 板新站 -> 板橋站 -> 新埔民生站 -> 頭前庄站 -> 幸福站 -> 新北產業園區站
南港軟體園區站,新埔民生站,1,2784,46.4,2,840,14.0,南港軟體園區站[BR] -> 南港展覽館站[BR] -> 南港展覽館站[BL] -> 南港站[BL] -> 昆陽站[BL] -> 後山埤站[BL] -> 永春站[BL] -> 市政府站[BL] -> 國父紀念館站[BL] -> 忠孝敦化站[BL] -> 忠孝復興站[BL] -> 忠孝新生站[BL] -> 善導寺站[BL] -> 台北車站[BL] -> 西門站[BL] -> 龍山寺站[BL] -> 江子翠站[BL] -> 新埔站[BL] -> 新埔民生站[Y],南港軟體園區站 -> 南港展覽館站 -> 南港展覽館站 -> 南港站 -> 昆陽站 -> 後山埤站 -> 永春站 -> 市政府站 -> 國父紀念館站 -> 忠孝敦化站 -> 忠孝復興站 -> 忠孝新生站 -> 善導寺站 -> 台北車站 -> 西門站 -> 龍山寺站 -> 江子翠站 -> 新埔站 -> 新埔民生站
南港軟體園區站,新埔民生站,2,3322,55.36666666666667,3,780,13.0,南港軟體園區站[BR] -> 南港展覽館站[BR] -> 南港展覽館站[BL] -> 南港站[BL] -> 昆陽站[BL] -> 後山埤站[BL] -> 永春站[BL] -> 市政府站[BL] -> 國父紀念館站[BL] -> 忠孝敦化站[BL] -> 忠孝復興站[BL] -> 忠孝新生站[BL] -> 忠孝新生站[O#4] -> 松江南京站[O#4] -> 行天宮站[O#4] -> 中山國小站[O#4] -> 民權西路站[O#4] -> 大橋頭站[O#4] -> 台北橋站[O] -> 菜寮站[O] -> 三重站[O] -> 先嗇宮站[O] -> 頭前庄站[O] -> 頭前庄站[Y] -> 新埔民生站[Y],南港軟體園區站 -> 南港展覽館站 -> 南港展覽館站 -> 南港站 -> 昆陽站 -> 後山埤站 -> 永春站 -> 市政府站 -> 國父紀念館站 -> 忠孝敦化站 -> 忠孝復興站 -> 忠孝新生站 -> 忠孝新生站 -> 松江南京站 -> 行天宮站 -> 中山國小站 -> 民權西路站 -> 大橋頭站 -> 台北橋站 -> 菜寮站 -> 三重站 -> 先嗇宮站 -> 頭前庄站 -> 頭前庄站 -> 新埔民生站
南港軟體園區站,新埔民生站,3,4337,72.28333333333333,4,720,12.0,南港軟體園區站[BR] -> 南港展覽館站[BR] -> 南港展覽館站[BL] -> 南港站[BL] -> 昆陽站[BL] -> 後山埤站[BL] -> 永春站[BL] -> 市政府站[BL] -> 國父紀念館站[BL] -> 忠孝敦化站[BL] -> 忠孝復興站[BL] -> 忠孝新生站[BL] -> 忠孝新生站[O#4] -> 東門站[O#4] -> 古亭站[O#4] -> 古亭站[G] -> 台電大樓站[G] -> 公館站[G] -> 萬隆站[G] -> 景美站[G] -> 大坪林站[G] -> 大坪林站[Y] -> 十四張站[Y] -> 秀朗橋站[Y] -> 景平站[Y] -> 景安站[Y] -> 中和站[Y] -> 橋和站[Y] -> 中原站[Y] -> 板新站[Y] -> 板橋站[Y] -> 新埔民生站[Y],南港軟體園區站 -> 南港展覽館站 -> 南港展覽館站 -> 南港站 -> 昆陽站 -> 後山埤站 -> 永春站 -> 市政府站 -> 國父紀念館站 -> 忠孝敦化站 -> 忠孝復興站 -> 忠孝新生站 -> 忠孝新生站 -> 東門站 -> 古亭站 -> 古亭站 -> 台電大樓站 -> 公館站 -> 萬隆站 -> 景美站 -> 大坪林站 -> 大坪林站 -> 十四張站 -> 秀朗橋站 -> 景平站 -> 景安站 -> 中和站 -> 橋和站 -> 中原站 -> 板新站 -> 板橋站 -> 新埔民生站
南港軟體園區站,新埔民生站,4,4521,75.35,3,600,10.0,南港軟體園區站[BR] -> 南港展覽館站[BR] -> 南港展覽館站[BL] -> 南港站[BL] -> 昆陽站[BL] -> 後山埤站[BL] -> 永春站[BL] -> 市政府站[BL] -> 國父紀念館站[BL] -> 忠孝敦化站[BL] -> 忠孝復興站[BL] -> 忠孝新生站[BL] -> 善導寺站[BL] -> 台北車站[BL] -> 西門站[BL] -> 西門站[G] -> 小南門站[G] -> 中正紀念堂站[G] -> 古亭站[G] -> 台電大樓站[G] -> 公館站[G] -> 萬隆站[G] -> 景美站[G] -> 大坪林站[G] -> 大坪林站[Y] -> 十四張站[Y] -> 秀朗橋站[Y] -> 景平站[Y] -> 景安站[Y] -> 中和站[Y] -> 橋和站[Y] -> 中原站[Y] -> 板新站[Y] -> 板橋站[Y] -> 新埔民生站[Y],南港軟體園區站 -> 南港展覽館站 -> 南港展覽館站 -> 南港站 -> 昆陽站 -> 後山埤站 -> 永春站 -> 市政府站 -> 國父紀念館站 -> 忠孝敦化站 -> 忠孝復興站 -> 忠孝新生站 -> 善導寺站 -> 台北車站 -> 西門站 -> 西門站 -> 小南門站 -> 中正紀念堂站 -> 古亭站 -> 台電大樓站 -> 公館站 -> 萬隆站 -> 景美站 -> 大坪林站 -> 大坪林站 -> 十四張站 -> 秀朗橋站 -> 景平站 -> 景安站 -> 中和站 -> 橋和站 -> 中原站 -> 板新站 -> 板橋站 -> 新埔民生站
南港軟體園區站,新埔民生站,5,4928,82.13333333333334,2,480,8.0,南港軟體園區站[BR] -> 東湖站[BR] -> 葫洲站[BR] -> 大湖公園站[BR] -> 內湖站[BR] -> 文德站[BR] -> 港墘站[BR] -> 西湖站[BR] -> 劍南路站[BR] -> 大直站[BR] -> 松山機場站[BR] -> 中山國中站[BR] -> 南京復興站[BR] -> 南京復興站[G] -> 松江南京站[G] -> 中山站[G] -> 北門站[G] -> 西門站[G] -> 小南門站[G] -> 中正紀念堂站[G] -> 古亭站[G] -> 台電大樓站[G] -> 公館站[G] -> 萬隆站[G] -> 景美站[G] -> 大坪林站[G] -> 大坪林站[Y] -> 十四張站[Y] -> 秀朗橋站[Y] -> 景平站[Y] -> 景安站[Y] -> 中和站[Y] -> 橋和站[Y] -> 中原站[Y] -> 板新站[Y] -> 板橋站[Y] -> 新埔民生站[Y],南港軟體園區站 -> 東湖站 -> 葫洲站 -> 大湖公園站 -> 內湖站 -> 文德站 -> 港墘站 -> 西湖站 -> 劍南路站 -> 大直站 -> 松山機場站 -> 中山國中站 -> 南京復興站 -> 南京復興站 -> 松江南京站 -> 中山站 -> 北門站 -> 西門站 -> 小南門站 -> 中正紀念堂站 -> 古亭站 -> 台電大樓站 -> 公館站 -> 萬隆站 -> 景美站 -> 大坪林站 -> 大坪林站 -> 十四張站 -> 秀朗橋站 -> 景平站 -> 景安站 -> 中和站 -> 橋和站 -> 中原站 -> 板新站 -> 板橋站 -> 新埔民生站
南港軟體園區站,板新站,1,3193,53.21666666666667,2,840,14.0,南港軟體園區站[BR] -> 南港展覽館站[BR] -> 南港展覽館站[BL] -> 南港站[BL] -> 昆陽站[BL] -> 後山埤站[BL] -> 永春站[BL] -> 市政府站[BL] -> 國父紀念館站[BL] -> 忠孝敦化站[BL] -> 忠孝復興站[BL] -> 忠孝新生站[BL] -> 善導寺站[BL] -> 台北車站[BL] -> 西門站[BL] -> 龍山寺站[BL] -> 江子翠站[BL] -> 新埔站[BL] -> 新埔民生站[Y] -> 板橋站[Y] -> 板新站[Y],南港軟體園區站 -> 南港展覽館站 -> 南港展覽館站 -> 南港站 -> 昆陽站 -> 後山埤站 -> 永春站 -> 市政府站 -> 國父紀念館站 -> 忠孝敦化站 -> 忠孝復興站 -> 忠孝新生站 -> 善導寺站 -> 台北車站 -> 西門站 -> 龍山寺站 -> 江子翠站 -> 新埔站 -> 新埔民生站 -> 板橋站 -> 板新站
南港軟體園區站,板新站,2,3356,55.93333333333333,3,780,13.0,南港軟體園區站[BR] -> 南港展覽館站[BR] -> 南港展覽館站[BL] -> 南港站[BL] -> 昆陽站[BL] -> 後山埤站[BL] -> 永春站[BL] -> 市政府站[BL] -> 國父紀念館站[BL] -> 忠孝敦化站[BL] -> 忠孝復興站[BL] -> 忠孝新生站[BL] -> 忠孝新生站[O#4] -> 東門站[O#4] -> 古亭站[O#4] -> 頂溪站[O#4] -> 永安市場站[O#4] -> 景安站[O#4] -> 景安站[Y] -> 中和站[Y] -> 橋和站[Y] -> 中原站[Y] -> 板新站[Y],南港軟體園區站 -> 南港展覽館站 -> 南港展覽館站 -> 南港站 -> 昆陽站 -> 後山埤站 -> 永春站 -> 市政府站 -> 國父紀念館站 -> 忠孝敦化站 -> 忠孝復興站 -> 忠孝新生站 -> 忠孝新生站 -> 東門站 -> 古亭站 -> 頂溪站 -> 永安市場站 -> 景安站 -> 景安站 -> 中和站 -> 橋和站 -> 中原站 -> 板新站
南港軟體園區站,板新站,3,3928,65.46666666666667,4,720,12.0,南港軟體園區站[BR] -> 南港展覽館站[BR] -> 南港展覽館站[BL] -> 南港站[BL] -> 昆陽站[BL] -> 後山埤站[BL] -> 永春站[BL] -> 市政府站[BL] -> 國父紀念館站[BL] -> 忠孝敦化站[BL] -> 忠孝復興站[BL] -> 忠孝新生站[BL] -> 忠孝新生站[O#4] -> 東門站[O#4] -> 古亭站[O#4] -> 古亭站[G] -> 台電大樓站[G] -> 公館站[G] -> 萬隆站[G] -> 景美站[G] -> 大坪林站[G] -> 大坪林站[Y] -> 十四張站[Y] -> 秀朗橋站[Y] -> 景平站[Y] -> 景安站[Y] -> 中和站[Y] -> 橋和站[Y] -> 中原站[Y] -> 板新站[Y],南港軟體園區站 -> 南港展覽館站 -> 南港展覽館站 -> 南港站 -> 昆陽站 -> 後山埤站 -> 永春站 -> 市政府站 -> 國父紀念館站 -> 忠孝敦化站 -> 忠孝復興站 -> 忠孝新生站 -> 忠孝新生站 -> 東門站 -> 古亭站 -> 古亭站 -> 台電大樓站 -> 公館站 -> 萬隆站 -> 景美站 -> 大坪林站 -> 大坪林站 -> 十四張站 -> 秀朗橋站 -> 景平站 -> 景安站 -> 中和站 -> 橋和站 -> 中原站 -> 板新站
南港軟體園區站,板新站,4,4112,68.53333333333333,3,600,10.0,南港軟體園區站[BR] -> 南港展覽館站[BR] -> 南港展覽館站[BL] -> 南港站[BL] -> 昆陽站[BL] -> 後山埤站[BL] -> 永春站[BL] -> 市政府站[BL] -> 國父紀念館站[BL] -> 忠孝敦化站[BL] -> 忠孝復興站[BL] -> 忠孝新生站[BL] -> 善導寺站[BL] -> 台北車站[BL] -> 西門站[BL] -> 西門站[G] -> 小南門站[G] -> 中正紀念堂站[G] -> 古亭站[G] -> 台電大樓站[G] -> 公館站[G] -> 萬隆站[G] -> 景美站[G] -> 大坪林站[G] -> 大坪林站[Y] -> 十四張站[Y] -> 秀朗橋站[Y] -> 景平站[Y] -> 景安站[Y] -> 中和站[Y] -> 橋和站[Y] -> 中原站[Y] -> 板新站[Y],南港軟體園區站 -> 南港展覽館站 -> 南港展覽館站 -> 南港站 -> 昆陽站 -> 後山埤站 -> 永春站 -> 市政府站 -> 國父紀念館站 -> 忠孝敦化站 -> 忠孝復興站 -> 忠孝新生站 -> 善導寺站 -> 台北車站 -> 西門站 -> 西門站 -> 小南門站 -> 中正紀念堂站 -> 古亭站 -> 台電大樓站 -> 公館站 -> 萬隆站 -> 景美站 -> 大坪林站 -> 大坪林站 -> 十四張站 -> 秀朗橋站 -> 景平站 -> 景安站 -> 中和站 -> 橋和站 -> 中原站 -> 板新站
南港軟體園區站,板新站,5,4519,75.31666666666666,2,480,8.0,南港軟體園區站[BR] -> 東湖站[BR] -> 葫洲站[BR] -> 大湖公園站[BR] -> 內湖站[BR] -> 文德站[BR] -> 港墘站[BR] -> 西湖站[BR] -> 劍南路站[BR] -> 大直站[BR] -> 松山機場站[BR] -> 中山國中站[BR] -> 南京復興站[BR] -> 南京復興站[G] -> 松江南京站[G] -> 中山站[G] -> 北門站[G] -> 西門站[G] -> 小南門站[G] -> 中正紀念堂站[G] -> 古亭站[G] -> 台電大樓站[G] -> 公館站[G] -> 萬隆站[G] -> 景美站[G] -> 大坪林站[G] -> 大坪林站[Y] -> 十四張站[Y] -> 秀朗橋站[Y] -> 景平站[Y] -> 景安站[Y] -> 中和站[Y] -> 橋和站[Y] -> 中原站[Y] -> 板新站[Y],南港軟體園區站 -> 東湖站 -> 葫洲站 -> 大湖公園站 -> 內湖站 -> 文德站 -> 港墘站 -> 西湖站 -> 劍南路站 -> 大直站 -> 松山機場站 -> 中山國中站 -> 南京復興站 -> 南京復興站 -> 松江南京站 -> 中山站 -> 北門站 -> 西門站 -> 小南門站 -> 中正紀念堂站 -> 古亭站 -> 台電大樓站 -> 公館站 -> 萬隆站 -> 景美站 -> 大坪林站 -> 大坪林站 -> 十四張站 -> 秀朗橋站 -> 景平站 -> 景安站 -> 中和站 -> 橋和站 -> 中原站 -> 板新站
南港軟體園區站,橋和站,1,3123,52.05,3,780,13.0,南港軟體園區站[BR] -> 南港展覽館站[BR] -> 南港展覽館站[BL] -> 南港站[BL] -> 昆陽站[BL] -> 後山埤站[BL] -> 永春站[BL] -> 市政府站[BL] -> 國父紀念館站[BL] -> 忠孝敦化站[BL] -> 忠孝復興站[BL] -> 忠孝新生站[BL] -> 忠孝新生站[O#4] -> 東門站[O#4] -> 古亭站[O#4] -> 頂溪站[O#4] -> 永安市場站[O#4] -> 景安站[O#4] -> 景安站[Y] -> 中和站[Y] -> 橋和站[Y],南港軟體園區站 -> 南港展覽館站 -> 南港展覽館站 -> 南港站 -> 昆陽站 -> 後山埤站 -> 永春站 -> 市政府站 -> 國父紀念館站 -> 忠孝敦化站 -> 忠孝復興站 -> 忠孝新生站 -> 忠孝新生站 -> 東門站 -> 古亭站 -> 頂溪站 -> 永安市場站 -> 景安站 -> 景安站 -> 中和站 -> 橋和站
南港軟體園區站,橋和站,2,3426,57.1,2,840,14.0,南港軟體園區站[BR] -> 南港展覽館站[BR] -> 南港展覽館站[BL] -> 南港站[BL] -> 昆陽站[BL] -> 後山埤站[BL] -> 永春站[BL] -> 市政府站[BL] -> 國父紀念館站[BL] -> 忠孝敦化站[BL] -> 忠孝復興站[BL] -> 忠孝新生站[BL] -> 善導寺站[BL] -> 台北車站[BL] -> 西門站[BL] -> 龍山寺站[BL] -> 江子翠站[BL] -> 新埔站[BL] -> 新埔民生站[Y] -> 板橋站[Y] -> 板新站[Y] -> 中原站[Y] -> 橋和站[Y],南港軟體園區站 -> 南港展覽館站 -> 南港展覽館站 -> 南港站 -> 昆陽站 -> 後山埤站 -> 永春站 -> 市政府站 -> 國父紀念館站 -> 忠孝敦化站 -> 忠孝復興站 -> 忠孝新生站 -> 善導寺站 -> 台北車站 -> 西門站 -> 龍山寺站 -> 江子翠站 -> 新埔站 -> 新埔民生站 -> 板橋站 -> 板新站 -> 中原站 -> 橋和站
南港軟體園區站,橋和站,3,3695,61.583333333333336,4,720,12.0,南港軟體園區站[BR] -> 南港展覽館站[BR] -> 南港展覽館站[BL] -> 南港站[BL] -> 昆陽站[BL] -> 後山埤站[BL] -> 永春站[BL] -> 市政府站[BL] -> 國父紀念館站[BL] -> 忠孝敦化站[BL] -> 忠孝復興站[BL] -> 忠孝新生站[BL] -> 忠孝新生站[O#4] -> 東門站[O#4] -> 古亭站[O#4] -> 古亭站[G] -> 台電大樓站[G] -> 公館站[G] -> 萬隆站[G] -> 景美站[G] -> 大坪林站[G] -> 大坪林站[Y] -> 十四張站[Y] -> 秀朗橋站[Y] -> 景平站[Y] -> 景安站[Y] -> 中和站[Y] -> 橋和站[Y],南港軟體園區站 -> 南港展覽館站 -> 南港展覽館站 -> 南港站 -> 昆陽站 -> 後山埤站 -> 永春站 -> 市政府站 -> 國父紀念館站 -> 忠孝敦化站 -> 忠孝復興站 -> 忠孝新生站 -> 忠孝新生站 -> 東門站 -> 古亭站 -> 古亭站 -> 台電大樓站 -> 公館站 -> 萬隆站 -> 景美站 -> 大坪林站 -> 大坪林站 -> 十四張站 -> 秀朗橋站 -> 景平站 -> 景安站 -> 中和站 -> 橋和站
南港軟體園區站,橋和站,4,3879,64.65,3,600,10.0,南港軟體園區站[BR] -> 南港展覽館站[BR] -> 南港展覽館站[BL] -> 南港站[BL] -> 昆陽站[BL] -> 後山埤站[BL] -> 永春站[BL] -> 市政府站[BL] -> 國父紀念館站[BL] -> 忠孝敦化站[BL] -> 忠孝復興站[BL] -> 忠孝新生站[BL] -> 善導寺站[BL] -> 台北車站[BL] -> 西門站[BL] -> 西門站[G] -> 小南門站[G] -> 中正紀念堂站[G] -> 古亭站[G] -> 台電大樓站[G] -> 公館站[G] -> 萬隆站[G] -> 景美站[G] -> 大坪林站[G] -> 大坪林站[Y] -> 十四張站[Y] -> 秀朗橋站[Y] -> 景平站[Y] -> 景安站[Y] -> 中和站[Y] -> 橋和站[Y],南港軟體園區站 -> 南港展覽館站 -> 南港展覽館站 -> 南港站 -> 昆陽站 -> 後山埤站 -> 永春站 -> 市政府站 -> 國父紀念館站 -> 忠孝敦化站 -> 忠孝復興站 -> 忠孝新生站 -> 善導寺站 -> 台北車站 -> 西門站 -> 西門站 -> 小南門站 -> 中正紀念堂站 -> 古亭站 -> 台電大樓站 -> 公館站 -> 萬隆站 -> 景美站 -> 大坪林站 -> 大坪林站 -> 十四張站 -> 秀朗橋站 -> 景平站 -> 景安站 -> 中和站 -> 橋和站
南港軟體園區站,橋和站,5,4286,71.43333333333334,2,480,8.0,南港軟體園區站[BR] -> 東湖站[BR] -> 葫洲站[BR] -> 大湖公園站[BR] -> 內湖站[BR] -> 文德站[BR] -> 港墘站[BR] -> 西湖站[BR] -> 劍南路站[BR] -> 大直站[BR] -> 松山機場站[BR] -> 中山國中站[BR] -> 南京復興站[BR] -> 南京復興站[G] -> 松江南京站[G] -> 中山站[G] -> 北門站[G] -> 西門站[G] -> 小南門站[G] -> 中正紀念堂站[G] -> 古亭站[G] -> 台電大樓站[G] -> 公館站[G] -> 萬隆站[G] -> 景美站[G] -> 大坪林站[G] -> 大坪林站[Y] -> 十四張站[Y] -> 秀朗橋站[Y] -> 景平站[Y] -> 景安站[Y] -> 中和站[Y] -> 橋和站[Y],南港軟體園區站 -> 東湖站 -> 葫洲站 -> 大湖公園站 -> 內湖站 -> 文德站 -> 港墘站 -> 西湖站 -> 劍南路站 -> 大直站 -> 松山機場站 -> 中山國中站 -> 南京復興站 -> 南京復興站 -> 松江南京站 -> 中山站 -> 北門站 -> 西門站 -> 小南門站 -> 中正紀念堂站 -> 古亭站 -> 台電大樓站 -> 公館站 -> 萬隆站 -> 景美站 -> 大坪林站 -> 大坪林站 -> 十四張站 -> 秀朗橋站 -> 景平站 -> 景安站 -> 中和站 -> 橋和站
大安站,新埔民生站,1,1856,30.933333333333334,3,780,13.0,大安站[R] -> 大安森林公園站[R] -> 東門站[R] -> 中正紀念堂站[R] -> 中正紀念堂站[G] -> 小南門站[G] -> 西門站[G] -> 西門站[BL] -> 龍山寺站[BL] -> 江子翠站[BL] -> 新埔站[BL] -> 新埔民生站[Y],大安站 -> 大安森林公園站 -> 東門站 -> 中正紀念堂站 -> 中正紀念堂站 -> 小南門站 -> 西門站 -> 西門站 -> 龍山寺站 -> 江子翠站 -> 新埔站 -> 新埔民生站
大安站,新埔民生站,2,1882,31.366666666666667,2,840,14.0,大安站[BR] -> 忠孝復興站[BR] -> 忠孝復興站[BL] -> 忠孝新生站[BL] -> 善導寺站[BL] -> 台北車站[BL] -> 西門站[BL] -> 龍山寺站[BL] -> 江子翠站[BL] -> 新埔站[BL] -> 新埔民生站[Y],大安站 -> 忠孝復興站 -> 忠孝復興站 -> 忠孝新生站 -> 善導寺站 -> 台北車站 -> 西門站 -> 龍山寺站 -> 江子翠站 -> 新埔站 -> 新埔民生站
大安站,新埔民生站,3,2013,33.55,2,780,13.0,大安站[R] -> 大安森林公園站[R] -> 東門站[R] -> 中正紀念堂站[R] -> 台大醫院站[R] -> 台北車站[R] -> 台北車站[BL] -> 西門站[BL] -> 龍山寺站[BL] -> 江子翠站[BL] -> 新埔站[BL] -> 新埔民生站[Y],大安站 -> 大安森林公園站 -> 東門站 -> 中正紀念堂站 -> 台大醫院站 -> 台北車站 -> 台北車站 -> 西門站 -> 龍山寺站 -> 江子翠站 -> 新埔站 -> 新埔民生站
大安站,新埔民生站,4,2268,37.8,2,480,8.0,大安站[R] -> 大安森林公園站[R] -> 東門站[R] -> 東門站[O#4] -> 忠孝新生站[O#4] -> 松江南京站[O#4] -> 行天宮站[O#4] -> 中山國小站[O#4] -> 民權西路站[O#4] -> 大橋頭站[O#4] -> 台北橋站[O] -> 菜寮站[O] -> 三重站[O] -> 先嗇宮站[O] -> 頭前庄站[O] -> 頭前庄站[Y] -> 新埔民生站[Y],大安站 -> 大安森林公園站 -> 東門站 -> 東門站 -> 忠孝新生站 -> 松江南京站 -> 行天宮站 -> 中山國小站 -> 民權西路站 -> 大橋頭站 -> 台北橋站 -> 菜寮站 -> 三重站 -> 先嗇宮站 -> 頭前庄站 -> 頭前庄站 -> 新埔民生站
大安站,新埔民生站,5,2909,48.48333333333333,2,300,5.0,大安站[R] -> 大安森林公園站[R] -> 東門站[R] -> 中正紀念堂站[R] -> 中正紀念堂站[G] -> 古亭站[G] -> 台電大樓站[G] -> 公館站[G] -> 萬隆站[G] -> 景美站[G] -> 大坪林站[G] -> 大坪林站[Y] -> 十四張站[Y] -> 秀朗橋站[Y] -> 景平站[Y] -> 景安站[Y] -> 中和站[Y] -> 橋和站[Y] -> 中原站[Y] -> 板新站[Y] -> 板橋站[Y] -> 新埔民生站[Y],大安站 -> 大安森林公園站 -> 東門站 -> 中正紀念堂站 -> 中正紀念堂站 -> 古亭站 -> 台電大樓站 -> 公館站 -> 萬隆站 -> 景美站 -> 大坪林站 -> 大坪林站 -> 十四張站 -> 秀朗橋站 -> 景平站 -> 景安站 -> 中和站 -> 橋和站 -> 中原站 -> 板新站 -> 板橋站 -> 新埔民生站
幸福站,南港軟體園區站,1,3085,51.41666666666666,2,840,14.0,幸福站[Y] -> 頭前庄站[Y] -> 新埔民生站[Y] -> 新埔站[BL] -> 江子翠站[BL] -> 龍山寺站[BL] -> 西門站[BL] -> 台北車站[BL] -> 善導寺站[BL] -> 忠孝新生站[BL] -> 忠孝復興站[BL] -> 忠孝敦化站[BL] -> 國父紀念館站[BL] -> 市政府站[BL] -> 永春站[BL] -> 後山埤站[BL] -> 昆陽站[BL] -> 南港站[BL] -> 南港展覽館站[BL] -> 南港展覽館站[BR] -> 南港軟體園區站[BR],幸福站 -> 頭前庄站 -> 新埔民生站 -> 新埔站 -> 江子翠站 -> 龍山寺站 -> 西門站 -> 台北車站 -> 善導寺站 -> 忠孝新生站 -> 忠孝復興站 -> 忠孝敦化站 -> 國父紀念館站 -> 市政府站 -> 永春站 -> 後山埤站 -> 昆陽站 -> 南港站 -> 南港展覽館站 -> 南港展覽館站 -> 南港軟體園區站
幸福站,南港軟體園區站,2,3266,54.43333333333333,3,780,13.0,幸福站[Y] -> 頭前庄站[Y] -> 頭前庄站[O] -> 先嗇宮站[O] -> 三重站[O] -> 菜寮站[O] -> 台北橋站[O] -> 大橋頭站[O#4] -> 民權西路站[O#4] -> 中山國小站[O#4] -> 行天宮站[O#4] -> 松江南京站[O#4] -> 忠孝新生站[O#4] -> 忠孝新生站[BL] -> 忠孝復興站[BL] -> 忠孝敦化站[BL] -> 國父紀念館站[BL] -> 市政府站[BL] -> 永春站[BL] -> 後山埤站[BL] -> 昆陽站[BL] -> 南港站[BL] -> 南港展覽館站[BL] -> 南港展覽館站[BR] -> 南港軟體園區站[BR],幸福站 -> 頭前庄站 -> 頭前庄站 -> 先嗇宮站 -> 三重站 -> 菜寮站 -> 台北橋站 -> 大橋頭站 -> 民權西路站 -> 中山國小站 -> 行天宮站 -> 松江南京站 -> 忠孝新生站 -> 忠孝新生站 -> 忠孝復興站 -> 忠孝敦化站 -> 國父紀念館站 -> 市政府站 -> 永春站 -> 後山埤站 -> 昆陽站 -> 南港站 -> 南港展覽館站 -> 南港展覽館站 -> 南港軟體園區站
幸福站,南港軟體園區站,3,4664,77.73333333333333,4,720,12.0,幸福站[Y] -> 頭前庄站[Y] -> 新埔民生站[Y] -> 板橋站[Y] -> 板新站[Y] -> 中原站[Y] -> 橋和站[Y] -> 中和站[Y] -> 景安站[Y] -> 景平站[Y] -> 秀朗橋站[Y] -> 十四張站[Y] -> 大坪林站[Y] -> 大坪林站[G] -> 景美站[G] -> 萬隆站[G] -> 公館站[G] -> 台電大樓站[G] -> 古亭站[G] -> 古亭站[O#4] -> 東門站[O#4] -> 忠孝新生站[O#4] -> 忠孝新生站[BL] -> 忠孝復興站[BL] -> 忠孝敦化站[BL] -> 國父紀念館站[BL] -> 市政府站[BL] -> 永春站[BL] -> 後山埤站[BL] -> 昆陽站[BL] -> 南港站[BL] -> 南港展覽館站[BL] -> 南港展覽館站[BR] -> 南港軟體園區站[BR],幸福站 -> 頭前庄站 -> 新埔民生站 -> 板橋站 -> 板新站 -> 中原站 -> 橋和站 -> 中和站 -> 景安站 -> 景平站 -> 秀朗橋站 -> 十四張站 -> 大坪林站 -> 大坪林站 -> 景美站 -> 萬隆站 -> 公館站 -> 台電大樓站 -> 古亭站 -> 古亭站 -> 東門站 -> 忠孝新生站 -> 忠孝新生站 -> 忠孝復興站 -> 忠孝敦化站 -> 國父紀念館站 -> 市政府站 -> 永春站 -> 後山埤站 -> 昆陽站 -> 南港站 -> 南港展覽館站 -> 南港展覽館站 -> 南港軟體園區站
幸福站,南港軟體園區站,4,4847,80.78333333333333,3,600,10.0,幸福站[Y] -> 頭前庄站[Y] -> 新埔民生站[Y] -> 板橋站[Y] -> 板新站[Y] -> 中原站[Y] -> 橋和站[Y] -> 中和站[Y] -> 景安站[Y] -> 景平站[Y] -> 秀朗橋站[Y] -> 十四張站[Y] -> 大坪林站[Y] -> 大坪林站[G] -> 景美站[G] -> 萬隆站[G] -> 公館站[G] -> 台電大樓站[G] -> 古亭站[G] -> 中正紀念堂站[G] -> 小南門站[G] -> 西門站[G] -> 西門站[BL] -> 台北車站[BL] -> 善導寺站[BL] -> 忠孝新生站[BL] -> 忠孝復興站[BL] -> 忠孝敦化站[BL] -> 國父紀念館站[BL] -> 市政府站[BL] -> 永春站[BL] -> 後山埤站[BL] -> 昆陽站[BL] -> 南港站[BL] -> 南港展覽館站[BL] -> 南港展覽館站[BR] -> 南港軟體園區站[BR],幸福站 -> 頭前庄站 -> 新埔民生站 -> 板橋站 -> 板新站 -> 中原站 -> 橋和站 -> 中和站 -> 景安站 -> 景平站 -> 秀朗橋站 -> 十四張站 -> 大坪林站 -> 大坪林站 -> 景美站 -> 萬隆站 -> 公館站 -> 台電大樓站 -> 古亭站 -> 中正紀念堂站 -> 小南門站 -> 西門站 -> 西門站 -> 台北車站 -> 善導寺站 -> 忠孝新生站 -> 忠孝復興站 -> 忠孝敦化站 -> 國父紀念館站 -> 市政府站 -> 永春站 -> 後山埤站 -> 昆陽站 -> 南港站 -> 南港展覽館站 -> 南港展覽館站 -> 南港軟體園區站
幸福站,南港軟體園區站,5,5255,87.58333333333333,2,480,8.0,幸福站[Y] -> 頭前庄站[Y] -> 新埔民生站[Y] -> 板橋站[Y] -> 板新站[Y] -> 中原站[Y] -> 橋和站[Y] -> 中和站[Y] -> 景安站[Y] -> 景平站[Y] -> 秀朗橋站[Y] -> 十四張站[Y] -> 大坪林站[Y] -> 大坪林站[G] -> 景美站[G] -> 萬隆站[G] -> 公館站[G] -> 台電大樓站[G] -> 古亭站[G] -> 中正紀念堂站[G] -> 小南門站[G] -> 西門站[G] -> 北門站[G] -> 中山站[G] -> 松江南京站[G] -> 南京復興站[G] -> 南京復興站[BR] -> 中山國中站[BR] -> 松山機場站[BR] -> 大直站[BR] -> 劍南路站[BR] -> 西湖站[BR] -> 港墘站[BR] -> 文德站[BR] -> 內湖站[BR] -> 大湖公園站[BR] -> 葫洲站[BR] -> 東湖站[BR] -> 南港軟體園區站[BR],幸福站 -> 頭前庄站 -> 新埔民生站 -> 板橋站 -> 板新站 -> 中原站 -> 橋和站 -> 中和站 -> 景安站 -> 景平站 -> 秀朗橋站 -> 十四張站 -> 大坪林站 -> 大坪林站 -> 景美站 -> 萬隆站 -> 公館站 -> 台電大樓站 -> 古亭站 -> 中正紀念堂站 -> 小南門站 -> 西門站 -> 北門站 -> 中山站 -> 松江南京站 -> 南京復興站 -> 南京復興站 -> 中山國中站 -> 松山機場站 -> 大直站 -> 劍南路站 -> 西湖站 -> 港墘站 -> 文德站 -> 內湖站 -> 大湖公園站 -> 葫洲站 -> 東湖站 -> 南港軟體園區站
幸福站,東湖站,1,3195,53.25,2,840,14.0,幸福站[Y] -> 頭前庄站[Y] -> 新埔民生站[Y] -> 新埔站[BL] -> 江子翠站[BL] -> 龍山寺站[BL] -> 西門站[BL] -> 台北車站[BL] -> 善導寺站[BL] -> 忠孝新生站[BL] -> 忠孝復興站[BL] -> 忠孝敦化站[BL] -> 國父紀念館站[BL] -> 市政府站[BL] -> 永春站[BL] -> 後山埤站[BL] -> 昆陽站[BL] -> 南港站[BL] -> 南港展覽館站[BL] -> 南港展覽館站[BR] -> 南港軟體園區站[BR] -> 東湖站[BR],幸福站 -> 頭前庄站 -> 新埔民生站 -> 新埔站 -> 江子翠站 -> 龍山寺站 -> 西門站 -> 台北車站 -> 善導寺站 -> 忠孝新生站 -> 忠孝復興站 -> 忠孝敦化站 -> 國父紀念館站 -> 市政府站 -> 永春站 -> 後山埤站 -> 昆陽站 -> 南港站 -> 南港展覽館站 -> 南港展覽館站 -> 南港軟體園區站 -> 東湖站
幸福站,東湖站,2,3376,56.266666666666666,3,780,13.0,幸福站[Y] -> 頭前庄站[Y] -> 頭前庄站[O] -> 先嗇宮站[O] -> 三重站[O] -> 菜寮站[O] -> 台北橋站[O] -> 大橋頭站[O#4] -> 民權西路站[O#4] -> 中山國小站[O#4] -> 行天宮站[O#4] -> 松江南京站[O#4] -> 忠孝新生站[O#4] -> 忠孝新生站[BL] -> 忠孝復興站[BL] -> 忠孝敦化站[BL] -> 國父紀念館站[BL] -> 市政府站[BL] -> 永春站[BL] -> 後山埤站[BL] -> 昆陽站[BL] -> 南港站[BL] -> 南港展覽館站[BL] -> 南港展覽館站[BR] -> 南港軟體園區站[BR] -> 東湖站[BR],幸福站 -> 頭前庄站 -> 頭前庄站 -> 先嗇宮站 -> 三重站 -> 菜寮站 -> 台北橋站 -> 大橋頭站 -> 民權西路站 -> 中山國小站 -> 行天宮站 -> 松江南京站 -> 忠孝新生站 -> 忠孝新生站 -> 忠孝復興站 -> 忠孝敦化站 -> 國父紀念館站 -> 市政府站 -> 永春站 -> 後山埤站 -> 昆陽站 -> 南港站 -> 南港展覽館站 -> 南港展覽館站 -> 南港軟體園區站 -> 東湖站
幸福站,東湖站,3,4774,79.56666666666666,4,720,12.0,幸福站[Y] -> 頭前庄站[Y] -> 新埔民生站[Y] -> 板橋站[Y] -> 板新站[Y] -> 中原站[Y] -> 橋和站[Y] -> 中和站[Y] -> 景安站[Y] -> 景平站[Y] -> 秀朗橋站[Y] -> 十四張站[Y] -> 大坪林站[Y] -> 大坪林站[G] -> 景美站[G] -> 萬隆站[G] -> 公館站[G] -> 台電大樓站[G] -> 古亭站[G] -> 古亭站[O#4] -> 東門站[O#4] -> 忠孝新生站[O#4] -> 忠孝新生站[BL] -> 忠孝復興站[BL] -> 忠孝敦化站[BL] -> 國父紀念館站[BL] -> 市政府站[BL] -> 永春站[BL] -> 後山埤站[BL] -> 昆陽站[BL] -> 南港站[BL] -> 南港展覽館站[BL] -> 南港展覽館站[BR] -> 南港軟體園區站[BR] -> 東湖站[BR],幸福站 -> 頭前庄站 -> 新埔民生站 -> 板橋站 -> 板新站 -> 中原站 -> 橋和站 -> 中和站 -> 景安站 -> 景平站 -> 秀朗橋站 -> 十四張站 -> 大坪林站 -> 大坪林站 -> 景美站 -> 萬隆站 -> 公館站 -> 台電大樓站 -> 古亭站 -> 古亭站 -> 東門站 -> 忠孝新生站 -> 忠孝新生站 -> 忠孝復興站 -> 忠孝敦化站 -> 國父紀念館站 -> 市政府站 -> 永春站 -> 後山埤站 -> 昆陽站 -> 南港站 -> 南港展覽館站 -> 南港展覽館站 -> 南港軟體園區站 -> 東湖站
幸福站,東湖站,4,4957,82.61666666666666,3,600,10.0,幸福站[Y] -> 頭前庄站[Y] -> 新埔民生站[Y] -> 板橋站[Y] -> 板新站[Y] -> 中原站[Y] -> 橋和站[Y] -> 中和站[Y] -> 景安站[Y] -> 景平站[Y] -> 秀朗橋站[Y] -> 十四張站[Y] -> 大坪林站[Y] -> 大坪林站[G] -> 景美站[G] -> 萬隆站[G] -> 公館站[G] -> 台電大樓站[G] -> 古亭站[G] -> 中正紀念堂站[G] -> 小南門站[G] -> 西門站[G] -> 西門站[BL] -> 台北車站[BL] -> 善導寺站[BL] -> 忠孝新生站[BL] -> 忠孝復興站[BL] -> 忠孝敦化站[BL] -> 國父紀念館站[BL] -> 市政府站[BL] -> 永春站[BL] -> 後山埤站[BL] -> 昆陽站[BL] -> 南港站[BL] -> 南港展覽館站[BL] -> 南港展覽館站[BR] -> 南港軟體園區站[BR] -> 東湖站[BR],幸福站 -> 頭前庄站 -> 新埔民生站 -> 板橋站 -> 板新站 -> 中原站 -> 橋和站 -> 中和站 -> 景安站 -> 景平站 -> 秀朗橋站 -> 十四張站 -> 大坪林站 -> 大坪林站 -> 景美站 -> 萬隆站 -> 公館站 -> 台電大樓站 -> 古亭站 -> 中正紀念堂站 -> 小南門站 -> 西門站 -> 西門站 -> 台北車站 -> 善導寺站 -> 忠孝新生站 -> 忠孝復興站 -> 忠孝敦化站 -> 國父紀念館站 -> 市政府站 -> 永春站 -> 後山埤站 -> 昆陽站 -> 南港站 -> 南港展覽館站 -> 南港展覽館站 -> 南港軟體園區站 -> 東湖站
幸福站,東湖站,5,5145,85.75,2,480,8.0,幸福站[Y] -> 頭前庄站[Y] -> 新埔民生站[Y] -> 板橋站[Y] -> 板新站[Y] -> 中原站[Y] -> 橋和站[Y] -> 中和站[Y] -> 景安站[Y] -> 景平站[Y] -> 秀朗橋站[Y] -> 十四張站[Y] -> 大坪林站[Y] -> 大坪林站[G] -> 景美站[G] -> 萬隆站[G] -> 公館站[G] -> 台電大樓站[G] -> 古亭站[G] -> 中正紀念堂站[G] -> 小南門站[G] -> 西門站[G] -> 北門站[G] -> 中山站[G] -> 松江南京站[G] -> 南京復興站[G] -> 南京復興站[BR] -> 中山國中站[BR] -> 松山機場站[BR] -> 大直站[BR] -> 劍南路站[BR] -> 西湖站[BR] -> 港墘站[BR] -> 文德站[BR] -> 內湖站[BR] -> 大湖公園站[BR] -> 葫洲站[BR] -> 東湖站[BR],幸福站 -> 頭前庄站 -> 新埔民生站 -> 板橋站 -> 板新站 -> 中原站 -> 橋和站 -> 中和站 -> 景安站 -> 景平站 -> 秀朗橋站 -> 十四張站 -> 大坪林站 -> 大坪林站 -> 景美站 -> 萬隆站 -> 公館站 -> 台電大樓站 -> 古亭站 -> 中正紀念堂站 -> 小南門站 -> 西門站 -> 北門站 -> 中山站 -> 松江南京站 -> 南京復興站 -> 南京復興站 -> 中山國中站 -> 松山機場站 -> 大直站 -> 劍南路站 -> 西湖站 -> 港墘站 -> 文德站 -> 內湖站 -> 大湖公園站 -> 葫洲站 -> 東湖站
新北產業園區站,南港軟體園區站,1,3243,54.05,2,840,14.0,新北產業園區站[Y] -> 幸福站[Y] -> 頭前庄站[Y] -> 新埔民生站[Y] -> 新埔站[BL] -> 江子翠站[BL] -> 龍山寺站[BL] -> 西門站[BL] -> 台北車站[BL] -> 善導寺站[BL] -> 忠孝新生站[BL] -> 忠孝復興站[BL] -> 忠孝敦化站[BL] -> 國父紀念館站[BL] -> 市政府站[BL] -> 永春站[BL] -> 後山埤站[BL] -> 昆陽站[BL] -> 南港站[BL] -> 南港展覽館站[BL] -> 南港展覽館站[BR] -> 南港軟體園區站[BR],新北產業園區站 -> 幸福站 -> 頭前庄站 -> 新埔民生站 -> 新埔站 -> 江子翠站 -> 龍山寺站 -> 西門站 -> 台北車站 -> 善導寺站 -> 忠孝新生站 -> 忠孝復興站 -> 忠孝敦化站 -> 國父紀念館站 -> 市政府站 -> 永春站 -> 後山埤站 -> 昆陽站 -> 南港站 -> 南港展覽館站 -> 南港展覽館站 -> 南港軟體園區站
新北產業園區站,南港軟體園區站,2,3424,57.06666666666667,3,780,13.0,新北產業園區站[Y] -> 幸福站[Y] -> 頭前庄站[Y] -> 頭前庄站[O] -> 先嗇宮站[O] -> 三重站[O] -> 菜寮站[O] -> 台北橋站[O] -> 大橋頭站[O#4] -> 民權西路站[O#4] -> 中山國小站[O#4] -> 行天宮站[O#4] -> 松江南京站[O#4] -> 忠孝新生站[O#4] -> 忠孝新生站[BL] -> 忠孝復興站[BL] -> 忠孝敦化站[BL] -> 國父紀念館站[BL] -> 市政府站[BL] -> 永春站[BL] -> 後山埤站[BL] -> 昆陽站[BL] -> 南港站[BL] -> 南港展覽館站[BL] -> 南港展覽館站[BR] -> 南港軟體園區站[BR],新北產業園區站 -> 幸福站 -> 頭前庄站 -> 頭前庄站 -> 先嗇宮站 -> 三重站 -> 菜寮站 -> 台北橋站 -> 大橋頭站 -> 民權西路站 -> 中山國小站 -> 行天宮站 -> 松江南京站 -> 忠孝新生站 -> 忠孝新生站 -> 忠孝復興站 -> 忠孝敦化站 -> 國父紀念館站 -> 市政府站 -> 永春站 -> 後山埤站 -> 昆陽站 -> 南港站 -> 南港展覽館站 -> 南港展覽館站 -> 南港軟體園區站
新北產業園區站,南港軟體園區站,3,4822,80.36666666666666,4,720,12.0,新北產業園區站[Y] -> 幸福站[Y] -> 頭前庄站[Y] -> 新埔民生站[Y] -> 板橋站[Y] -> 板新站[Y] -> 中原站[Y] -> 橋和站[Y] -> 中和站[Y] -> 景安站[Y] -> 景平站[Y] -> 秀朗橋站[Y] -> 十四張站[Y] -> 大坪林站[Y] -> 大坪林站[G] -> 景美站[G] -> 萬隆站[G] -> 公館站[G] -> 台電大樓站[G] -> 古亭站[G] -> 古亭站[O#4] -> 東門站[O#4] -> 忠孝新生站[O#4] -> 忠孝新生站[BL] -> 忠孝復興站[BL] -> 忠孝敦化站[BL] -> 國父紀念館站[BL] -> 市政府站[BL] -> 永春站[BL] -> 後山埤站[BL] -> 昆陽站[BL] -> 南港站[BL] -> 南港展覽館站[BL] -> 南港展覽館站[BR] -> 南港軟體園區站[BR],新北產業園區站 -> 幸福站 -> 頭前庄站 -> 新埔民生站 -> 板橋站 -> 板新站 -> 中原站 -> 橋和站 -> 中和站 -> 景安站 -> 景平站 -> 秀朗橋站 -> 十四張站 -> 大坪林站 -> 大坪林站 -> 景美站 -> 萬隆站 -> 公館站 -> 台電大樓站 -> 古亭站 -> 古亭站 -> 東門站 -> 忠孝新生站 -> 忠孝新生站 -> 忠孝復興站 -> 忠孝敦化站 -> 國父紀念館站 -> 市政府站 -> 永春站 -> 後山埤站 -> 昆陽站 -> 南港站 -> 南港展覽館站 -> 南港展覽館站 -> 南港軟體園區站
新北產業園區站,南港軟體園區站,4,5005,83.41666666666667,3,600,10.0,新北產業園區站[Y] -> 幸福站[Y] -> 頭前庄站[Y] -> 新埔民生站[Y] -> 板橋站[Y] -> 板新站[Y] -> 中原站[Y] -> 橋和站[Y] -> 中和站[Y] -> 景安站[Y] -> 景平站[Y] -> 秀朗橋站[Y] -> 十四張站[Y] -> 大坪林站[Y] -> 大坪林站[G] -> 景美站[G] -> 萬隆站[G] -> 公館站[G] -> 台電大樓站[G] -> 古亭站[G] -> 中正紀念堂站[G] -> 小南門站[G] -> 西門站[G] -> 西門站[BL] -> 台北車站[BL] -> 善導寺站[BL] -> 忠孝新生站[BL] -> 忠孝復興站[BL] -> 忠孝敦化站[BL] -> 國父紀念館站[BL] -> 市政府站[BL] -> 永春站[BL] -> 後山埤站[BL] -> 昆陽站[BL] -> 南港站[BL] -> 南港展覽館站[BL] -> 南港展覽館站[BR] -> 南港軟體園區站[BR],新北產業園區站 -> 幸福站 -> 頭前庄站 -> 新埔民生站 -> 板橋站 -> 板新站 -> 中原站 -> 橋和站 -> 中和站 -> 景安站 -> 景平站 -> 秀朗橋站 -> 十四張站 -> 大坪林站 -> 大坪林站 -> 景美站 -> 萬隆站 -> 公館站 -> 台電大樓站 -> 古亭站 -> 中正紀念堂站 -> 小南門站 -> 西門站 -> 西門站 -> 台北車站 -> 善導寺站 -> 忠孝新生站 -> 忠孝復興站 -> 忠孝敦化站 -> 國父紀念館站 -> 市政府站 -> 永春站 -> 後山埤站 -> 昆陽站 -> 南港站 -> 南港展覽館站 -> 南港展覽館站 -> 南港軟體園區站
新北產業園區站,南港軟體園區站,5,5413,90.21666666666668,2,480,8.0,新北產業園區站[Y] -> 幸福站[Y] -> 頭前庄站[Y] -> 新埔民生站[Y] -> 板橋站[Y] -> 板新站[Y] -> 中原站[Y] -> 橋和站[Y] -> 中和站[Y] -> 景安站[Y] -> 景平站[Y] -> 秀朗橋站[Y] -> 十四張站[Y] -> 大坪林站[Y] -> 大坪林站[G] -> 景美站[G] -> 萬隆站[G] -> 公館站[G] -> 台電大樓站[G] -> 古亭站[G] -> 中正紀念堂站[G] -> 小南門站[G] -> 西門站[G] -> 北門站[G] -> 中山站[G] -> 松江南京站[G] -> 南京復興站[G] -> 南京復興站[BR] -> 中山國中站[BR] -> 松山機場站[BR] -> 大直站[BR] -> 劍南路站[BR] -> 西湖站[BR] -> 港墘站[BR] -> 文德站[BR] -> 內湖站[BR] -> 大湖公園站[BR] -> 葫洲站[BR] -> 東湖站[BR] -> 南港軟體園區站[BR],新北產業園區站 -> 幸福站 -> 頭前庄站 -> 新埔民生站 -> 板橋站 -> 板新站 -> 中原站 -> 橋和站 -> 中和站 -> 景安站 -> 景平站 -> 秀朗橋站 -> 十四張站 -> 大坪林站 -> 大坪林站 -> 景美站 -> 萬隆站 -> 公館站 -> 台電大樓站 -> 古亭站 -> 中正紀念堂站 -> 小南門站 -> 西門站 -> 北門站 -> 中山站 -> 松江南京站 -> 南京復興站 -> 南京復興站 -> 中山國中站 -> 松山機場站 -> 大直站 -> 劍南路站 -> 西湖站 -> 港墘站 -> 文德站 -> 內湖站 -> 大湖公園站 -> 葫洲站 -> 東湖站 -> 南港軟體園區站
新北產業園區站,東湖站,1,3353,55.88333333333333,2,840,14.0,新北產業園區站[Y] -> 幸福站[Y] -> 頭前庄站[Y] -> 新埔民生站[Y] -> 新埔站[BL] -> 江子翠站[BL] -> 龍山寺站[BL] -> 西門站[BL] -> 台北車站[BL] -> 善導寺站[BL] -> 忠孝新生站[BL] -> 忠孝復興站[BL] -> 忠孝敦化站[BL] -> 國父紀念館站[BL] -> 市政府站[BL] -> 永春站[BL] -> 後山埤站[BL] -> 昆陽站[BL] -> 南港站[BL] -> 南港展覽館站[BL] -> 南港展覽館站[BR] -> 南港軟體園區站[BR] -> 東湖站[BR],新北產業園區站 -> 幸福站 -> 頭前庄站 -> 新埔民生站 -> 新埔站 -> 江子翠站 -> 龍山寺站 -> 西門站 -> 台北車站 -> 善導寺站 -> 忠孝新生站 -> 忠孝復興站 -> 忠孝敦化站 -> 國父紀念館站 -> 市政府站 -> 永春站 -> 後山埤站 -> 昆陽站 -> 南港站 -> 南港展覽館站 -> 南港展覽館站 -> 南港軟體園區站 -> 東湖站
新北產業園區站,東湖站,2,3534,58.9,3,780,13.0,新北產業園區站[Y] -> 幸福站[Y] -> 頭前庄站[Y] -> 頭前庄站[O] -> 先嗇宮站[O] -> 三重站[O] -> 菜寮站[O] -> 台北橋站[O] -> 大橋頭站[O#4] -> 民權西路站[O#4] -> 中山國小站[O#4] -> 行天宮站[O#4] -> 松江南京站[O#4] -> 忠孝新生站[O#4] -> 忠孝新生站[BL] -> 忠孝復興站[BL] -> 忠孝敦化站[BL] -> 國父紀念館站[BL] -> 市政府站[BL] -> 永春站[BL] -> 後山埤站[BL] -> 昆陽站[BL] -> 南港站[BL] -> 南港展覽館站[BL] -> 南港展覽館站[BR] -> 南港軟體園區站[BR] -> 東湖站[BR],新北產業園區站 -> 幸福站 -> 頭前庄站 -> 頭前庄站 -> 先嗇宮站 -> 三重站 -> 菜寮站 -> 台北橋站 -> 大橋頭站 -> 民權西路站 -> 中山國小站 -> 行天宮站 -> 松江南京站 -> 忠孝新生站 -> 忠孝新生站 -> 忠孝復興站 -> 忠孝敦化站 -> 國父紀念館站 -> 市政府站 -> 永春站 -> 後山埤站 -> 昆陽站 -> 南港站 -> 南港展覽館站 -> 南港展覽館站 -> 南港軟體園區站 -> 東湖站
新北產業園區站,東湖站,3,4932,82.2,4,720,12.0,新北產業園區站[Y] -> 幸福站[Y] -> 頭前庄站[Y] -> 新埔民生站[Y] -> 板橋站[Y] -> 板新站[Y] -> 中原站[Y] -> 橋和站[Y] -> 中和站[Y] -> 景安站[Y] -> 景平站[Y] -> 秀朗橋站[Y] -> 十四張站[Y] -> 大坪林站[Y] -> 大坪林站[G] -> 景美站[G] -> 萬隆站[G] -> 公館站[G] -> 台電大樓站[G] -> 古亭站[G] -> 古亭站[O#4] -> 東門站[O#4] -> 忠孝新生站[O#4] -> 忠孝新生站[BL] -> 忠孝復興站[BL] -> 忠孝敦化站[BL] -> 國父紀念館站[BL] -> 市政府站[BL] -> 永春站[BL] -> 後山埤站[BL] -> 昆陽站[BL] -> 南港站[BL] -> 南港展覽館站[BL] -> 南港展覽館站[BR] -> 南港軟體園區站[BR] -> 東湖站[BR],新北產業園區站 -> 幸福站 -> 頭前庄站 -> 新埔民生站 -> 板橋站 -> 板新站 -> 中原站 -> 橋和站 -> 中和站 -> 景安站 -> 景平站 -> 秀朗橋站 -> 十四張站 -> 大坪林站 -> 大坪林站 -> 景美站 -> 萬隆站 -> 公館站 -> 台電大樓站 -> 古亭站 -> 古亭站 -> 東門站 -> 忠孝新生站 -> 忠孝新生站 -> 忠孝復興站 -> 忠孝敦化站 -> 國父紀念館站 -> 市政府站 -> 永春站 -> 後山埤站 -> 昆陽站 -> 南港站 -> 南港展覽館站 -> 南港展覽館站 -> 南港軟體園區站 -> 東湖站
新北產業園區站,東湖站,4,5115,85.25,3,600,10.0,新北產業園區站[Y] -> 幸福站[Y] -> 頭前庄站[Y] -> 新埔民生站[Y] -> 板橋站[Y] -> 板新站[Y] -> 中原站[Y] -> 橋和站[Y] -> 中和站[Y] -> 景安站[Y] -> 景平站[Y] -> 秀朗橋站[Y] -> 十四張站[Y] -> 大坪林站[Y] -> 大坪林站[G] -> 景美站[G] -> 萬隆站[G] -> 公館站[G] -> 台電大樓站[G] -> 古亭站[G] -> 中正紀念堂站[G] -> 小南門站[G] -> 西門站[G] -> 西門站[BL] -> 台北車站[BL] -> 善導寺站[BL] -> 忠孝新生站[BL] -> 忠孝復興站[BL] -> 忠孝敦化站[BL] -> 國父紀念館站[BL] -> 市政府站[BL] -> 永春站[BL] -> 後山埤站[BL] -> 昆陽站[BL] -> 南港站[BL] -> 南港展覽館站[BL] -> 南港展覽館站[BR] -> 南港軟體園區站[BR] -> 東湖站[BR],新北產業園區站 -> 幸福站 -> 頭前庄站 -> 新埔民生站 -> 板橋站 -> 板新站 -> 中原站 -> 橋和站 -> 中和站 -> 景安站 -> 景平站 -> 秀朗橋站 -> 十四張站 -> 大坪林站 -> 大坪林站 -> 景美站 -> 萬隆站 -> 公館站 -> 台電大樓站 -> 古亭站 -> 中正紀念堂站 -> 小南門站 -> 西門站 -> 西門站 -> 台北車站 -> 善導寺站 -> 忠孝新生站 -> 忠孝復興站 -> 忠孝敦化站 -> 國父紀念館站 -> 市政府站 -> 永春站 -> 後山埤站 -> 昆陽站 -> 南港站 -> 南港展覽館站 -> 南港展覽館站 -> 南港軟體園區站 -> 東湖站
新北產業園區站,東湖站,5,5303,88.38333333333334,2,480,8.0,新北產業園區站[Y] -> 幸福站[Y] -> 頭前庄站[Y] -> 新埔民生站[Y] -> 板橋站[Y] -> 板新站[Y] -> 中原站[Y] -> 橋和站[Y] -> 中和站[Y] -> 景安站[Y] -> 景平站[Y] -> 秀朗橋站[Y] -> 十四張站[Y] -> 大坪林站[Y] -> 大坪林站[G] -> 景美站[G] -> 萬隆站[G] -> 公館站[G] -> 台電大樓站[G] -> 古亭站[G] -> 中正紀念堂站[G] -> 小南門站[G] -> 西門站[G] -> 北門站[G] -> 中山站[G] -> 松江南京站[G] -> 南京復興站[G] -> 南京復興站[BR] -> 中山國中站[BR] -> 松山機場站[BR] -> 大直站[BR] -> 劍南路站[BR] -> 西湖站[BR] -> 港墘站[BR] -> 文德站[BR] -> 內湖站[BR] -> 大湖公園站[BR] -> 葫洲站[BR] -> 東湖站[BR],新北產業園區站 -> 幸福站 -> 頭前庄站 -> 新埔民生站 -> 板橋站 -> 板新站 -> 中原站 -> 橋和站 -> 中和站 -> 景安站 -> 景平站 -> 秀朗橋站 -> 十四張站 -> 大坪林站 -> 大坪林站 -> 景美站 -> 萬隆站 -> 公館站 -> 台電大樓站 -> 古亭站 -> 中正紀念堂站 -> 小南門站 -> 西門站 -> 北門站 -> 中山站 -> 松江南京站 -> 南京復興站 -> 南京復興站 -> 中山國中站 -> 松山機場站 -> 大直站 -> 劍南路站 -> 西湖站 -> 港墘站 -> 文德站 -> 內湖站 -> 大湖公園站 -> 葫洲站 -> 東湖站
新埔民生站,中山站,1,1388,23.133333333333333,2,660,11.0,新埔民生站[Y] -> 新埔站[BL] -> 江子翠站[BL] -> 龍山寺站[BL] -> 西門站[BL] -> 西門站[G] -> 北門站[G] -> 中山站[G],新埔民生站 -> 新埔站 -> 江子翠站 -> 龍山寺站 -> 西門站 -> 西門站 -> 北門站 -> 中山站
新埔民生站,中山站,2,1646,27.433333333333334,2,540,9.0,新埔民生站[Y] -> 頭前庄站[Y] -> 頭前庄站[O] -> 先嗇宮站[O] -> 三重站[O] -> 菜寮站[O] -> 台北橋站[O] -> 大橋頭站[O#4] -> 民權西路站[O#4] -> 民權西路站[R] -> 雙連站[R] -> 中山站[R],新埔民生站 -> 頭前庄站 -> 頭前庄站 -> 先嗇宮站 -> 三重站 -> 菜寮站 -> 台北橋站 -> 大橋頭站 -> 民權西路站 -> 民權西路站 -> 雙連站 -> 中山站
新埔民生站,中山站,3,1884,31.4,2,480,8.0,新埔民生站[Y] -> 頭前庄站[Y] -> 頭前庄站[O] -> 先嗇宮站[O] -> 三重站[O] -> 菜寮站[O] -> 台北橋站[O] -> 大橋頭站[O#4] -> 民權西路站[O#4] -> 中山國小站[O#4] -> 行天宮站[O#4] -> 松江南京站[O#4] -> 松江南京站[G] -> 中山站[G],新埔民生站 -> 頭前庄站 -> 頭前庄站 -> 先嗇宮站 -> 三重站 -> 菜寮站 -> 台北橋站 -> 大橋頭站 -> 民權西路站 -> 中山國小站 -> 行天宮站 -> 松江南京站 -> 松江南京站 -> 中山站
新埔民生站,中山站,4,2839,47.31666666666667,2,300,5.0,新埔民生站[Y] -> 板橋站[Y] -> 板新站[Y] -> 中原站[Y] -> 橋和站[Y] -> 中和站[Y] -> 景安站[Y] -> 景平站[Y] -> 秀朗橋站[Y] -> 十四張站[Y] -> 大坪林站[Y] -> 大坪林站[G] -> 景美站[G] -> 萬隆站[G] -> 公館站[G] -> 台電大樓站[G] -> 古亭站[G] -> 中正紀念堂站[G] -> 中正紀念堂站[R] -> 台大醫院站[R] -> 台北車站[R] -> 中山站[R],新埔民生站 -> 板橋站 -> 板新站 -> 中原站 -> 橋和站 -> 中和站 -> 景安站 -> 景平站 -> 秀朗橋站 -> 十四張站 -> 大坪林站 -> 大坪林站 -> 景美站 -> 萬隆站 -> 公館站 -> 台電大樓站 -> 古亭站 -> 中正紀念堂站 -> 中正紀念堂站 -> 台大醫院站 -> 台北車站 -> 中山站
新埔民生站,中山站,5,2885,48.083333333333336,1,180,3.0,新埔民生站[Y] -> 板橋站[Y] -> 板新站[Y] -> 中原站[Y] -> 橋和站[Y] -> 中和站[Y] -> 景安站[Y] -> 景平站[Y] -> 秀朗橋站[Y] -> 十四張站[Y] -> 大坪林站[Y] -> 大坪林站[G] -> 景美站[G] -> 萬隆站[G] -> 公館站[G] -> 台電大樓站[G] -> 古亭站[G] -> 中正紀念堂站[G] -> 小南門站[G] -> 西門站[G] -> 北門站[G] -> 中山站[G],新埔民生站 -> 板橋站 -> 板新站 -> 中原站 -> 橋和站 -> 中和站 -> 景安站 -> 景平站 -> 秀朗橋站 -> 十四張站 -> 大坪林站 -> 大坪林站 -> 景美站 -> 萬隆站 -> 公館站 -> 台電大樓站 -> 古亭站 -> 中正紀念堂站 -> 小南門站 -> 西門站 -> 北門站 -> 中山站
新埔民生站,南港軟體園區站,1,2812,46.86666666666667,2,840,14.0,新埔民生站[Y] -> 新埔站[BL] -> 江子翠站[BL] -> 龍山寺站[BL] -> 西門站[BL] -> 台北車站[BL] -> 善導寺站[BL] -> 忠孝新生站[BL] -> 忠孝復興站[BL] -> 忠孝敦化站[BL] -> 國父紀念館站[BL] -> 市政府站[BL] -> 永春站[BL] -> 後山埤站[BL] -> 昆陽站[BL] -> 南港站[BL] -> 南港展覽館站[BL] -> 南港展覽館站[BR] -> 南港軟體園區站[BR],新埔民生站 -> 新埔站 -> 江子翠站 -> 龍山寺站 -> 西門站 -> 台北車站 -> 善導寺站 -> 忠孝新生站 -> 忠孝復興站 -> 忠孝敦化站 -> 國父紀念館站 -> 市政府站 -> 永春站 -> 後山埤站 -> 昆陽站 -> 南港站 -> 南港展覽館站 -> 南港展覽館站 -> 南港軟體園區站
新埔民生站,南港軟體園區站,2,3314,55.23333333333333,3,780,13.0,新埔民生站[Y] -> 頭前庄站[Y] -> 頭前庄站[O] -> 先嗇宮站[O] -> 三重站[O] -> 菜寮站[O] -> 台北橋站[O] -> 大橋頭站[O#4] -> 民權西路站[O#4] -> 中山國小站[O#4] -> 行天宮站[O#4] -> 松江南京站[O#4] -> 忠孝新生站[O#4] -> 忠孝新生站[BL] -> 忠孝復興站[BL] -> 忠孝敦化站[BL] -> 國父紀念館站[BL] -> 市政府站[BL] -> 永春站[BL] -> 後山埤站[BL] -> 昆陽站[BL] -> 南港站[BL] -> 南港展覽館站[BL] -> 南港展覽館站[BR] -> 南港軟體園區站[BR],新埔民生站 -> 頭前庄站 -> 頭前庄站 -> 先嗇宮站 -> 三重站 -> 菜寮站 -> 台北橋站 -> 大橋頭站 -> 民權西路站 -> 中山國小站 -> 行天宮站 -> 松江南京站 -> 忠孝新生站 -> 忠孝新生站 -> 忠孝復興站 -> 忠孝敦化站 -> 國父紀念館站 -> 市政府站 -> 永春站 -> 後山埤站 -> 昆陽站 -> 南港站 -> 南港展覽館站 -> 南港展覽館站 -> 南港軟體園區站
新埔民生站,南港軟體園區站,3,4366,72.76666666666667,4,720,12.0,新埔民生站[Y] -> 板橋站[Y] -> 板新站[Y] -> 中原站[Y] -> 橋和站[Y] -> 中和站[Y] -> 景安站[Y] -> 景平站[Y] -> 秀朗橋站[Y] -> 十四張站[Y] -> 大坪林站[Y] -> 大坪林站[G] -> 景美站[G] -> 萬隆站[G] -> 公館站[G] -> 台電大樓站[G] -> 古亭站[G] -> 古亭站[O#4] -> 東門站[O#4] -> 忠孝新生站[O#4] -> 忠孝新生站[BL] -> 忠孝復興站[BL] -> 忠孝敦化站[BL] -> 國父紀念館站[BL] -> 市政府站[BL] -> 永春站[BL] -> 後山埤站[BL] -> 昆陽站[BL] -> 南港站[BL] -> 南港展覽館站[BL] -> 南港展覽館站[BR] -> 南港軟體園區站[BR],新埔民生站 -> 板橋站 -> 板新站 -> 中原站 -> 橋和站 -> 中和站 -> 景安站 -> 景平站 -> 秀朗橋站 -> 十四張站 -> 大坪林站 -> 大坪林站 -> 景美站 -> 萬隆站 -> 公館站 -> 台電大樓站 -> 古亭站 -> 古亭站 -> 東門站 -> 忠孝新生站 -> 忠孝新生站 -> 忠孝復興站 -> 忠孝敦化站 -> 國父紀念館站 -> 市政府站 -> 永春站 -> 後山埤站 -> 昆陽站 -> 南港站 -> 南港展覽館站 -> 南港展覽館站 -> 南港軟體園區站
新埔民生站,南港軟體園區站,4,4549,75.81666666666666,3,600,10.0,新埔民生站[Y] -> 板橋站[Y] -> 板新站[Y] -> 中原站[Y] -> 橋和站[Y] -> 中和站[Y] -> 景安站[Y] -> 景平站[Y] -> 秀朗橋站[Y] -> 十四張站[Y] -> 大坪林站[Y] -> 大坪林站[G] -> 景美站[G] -> 萬隆站[G] -> 公館站[G] -> 台電大樓站[G] -> 古亭站[G] -> 中正紀念堂站[G] -> 小南門站[G] -> 西門站[G] -> 西門站[BL] -> 台北車站[BL] -> 善導寺站[BL] -> 忠孝新生站[BL] -> 忠孝復興站[BL] -> 忠孝敦化站[BL] -> 國父紀念館站[BL] -> 市政府站[BL] -> 永春站[BL] -> 後山埤站[BL] -> 昆陽站[BL] -> 南港站[BL] -> 南港展覽館站[BL] -> 南港展覽館站[BR] -> 南港軟體園區站[BR],新埔民生站 -> 板橋站 -> 板新站 -> 中原站 -> 橋和站 -> 中和站 -> 景安站 -> 景平站 -> 秀朗橋站 -> 十四張站 -> 大坪林站 -> 大坪林站 -> 景美站 -> 萬隆站 -> 公館站 -> 台電大樓站 -> 古亭站 -> 中正紀念堂站 -> 小南門站 -> 西門站 -> 西門站 -> 台北車站 -> 善導寺站 -> 忠孝新生站 -> 忠孝復興站 -> 忠孝敦化站 -> 國父紀念館站 -> 市政府站 -> 永春站 -> 後山埤站 -> 昆陽站 -> 南港站 -> 南港展覽館站 -> 南港展覽館站 -> 南港軟體園區站
新埔民生站,南港軟體園區站,5,4957,82.61666666666666,2,480,8.0,新埔民生站[Y] -> 板橋站[Y] -> 板新站[Y] -> 中原站[Y] -> 橋和站[Y] -> 中和站[Y] -> 景安站[Y] -> 景平站[Y] -> 秀朗橋站[Y] -> 十四張站[Y] -> 大坪林站[Y] -> 大坪林站[G] -> 景美站[G] -> 萬隆站[G] -> 公館站[G] -> 台電大樓站[G] -> 古亭站[G] -> 中正紀念堂站[G] -> 小南門站[G] -> 西門站[G] -> 北門站[G] -> 中山站[G] -> 松江南京站[G] -> 南京復興站[G] -> 南京復興站[BR] -> 中山國中站[BR] -> 松山機場站[BR] -> 大直站[BR] -> 劍南路站[BR] -> 西湖站[BR] -> 港墘站[BR] -> 文德站[BR] -> 內湖站[BR] -> 大湖公園站[BR] -> 葫洲站[BR] -> 東湖站[BR] -> 南港軟體園區站[BR],新埔民生站 -> 板橋站 -> 板新站 -> 中原站 -> 橋和站 -> 中和站 -> 景安站 -> 景平站 -> 秀朗橋站 -> 十四張站 -> 大坪林站 -> 大坪林站 -> 景美站 -> 萬隆站 -> 公館站 -> 台電大樓站 -> 古亭站 -> 中正紀念堂站 -> 小南門站 -> 西門站 -> 北門站 -> 中山站 -> 松江南京站 -> 南京復興站 -> 南京復興站 -> 中山國中站 -> 松山機場站 -> 大直站 -> 劍南路站 -> 西湖站 -> 港墘站 -> 文德站 -> 內湖站 -> 大湖公園站 -> 葫洲站 -> 東湖站 -> 南港軟體園區站
新埔民生站,大安站,1,1875,31.25,3,780,13.0,新埔民生站[Y] -> 新埔站[BL] -> 江子翠站[BL] -> 龍山寺站[BL] -> 西門站[BL] -> 西門站[G] -> 小南門站[G] -> 中正紀念堂站[G] -> 中正紀念堂站[R] -> 東門站[R] -> 大安森林公園站[R] -> 大安站[R],新埔民生站 -> 新埔站 -> 江子翠站 -> 龍山寺站 -> 西門站 -> 西門站 -> 小南門站 -> 中正紀念堂站 -> 中正紀念堂站 -> 東門站 -> 大安森林公園站 -> 大安站
新埔民生站,大安站,2,1915,31.916666666666668,2,840,14.0,新埔民生站[Y] -> 新埔站[BL] -> 江子翠站[BL] -> 龍山寺站[BL] -> 西門站[BL] -> 台北車站[BL] -> 善導寺站[BL] -> 忠孝新生站[BL] -> 忠孝復興站[BL] -> 忠孝復興站[BR] -> 大安站[BR],新埔民生站 -> 新埔站 -> 江子翠站 -> 龍山寺站 -> 西門站 -> 台北車站 -> 善導寺站 -> 忠孝新生站 -> 忠孝復興站 -> 忠孝復興站 -> 大安站
新埔民生站,大安站,3,2034,33.9,2,780,13.0,新埔民生站[Y] -> 新埔站[BL] -> 江子翠站[BL] -> 龍山寺站[BL] -> 西門站[BL] -> 台北車站[BL] -> 台北車站[R] -> 台大醫院站[R] -> 中正紀念堂站[R] -> 東門站[R] -> 大安森林公園站[R] -> 大安站[R],新埔民生站 -> 新埔站 -> 江子翠站 -> 龍山寺站 -> 西門站 -> 台北車站 -> 台北車站 -> 台大醫院站 -> 中正紀念堂站 -> 東門站 -> 大安森林公園站 -> 大安站
新埔民生站,大安站,4,2255,37.583333333333336,2,480,8.0,新埔民生站[Y] -> 頭前庄站[Y] -> 頭前庄站[O] -> 先嗇宮站[O] -> 三重站[O] -> 菜寮站[O] -> 台北橋站[O] -> 大橋頭站[O#4] -> 民權西路站[O#4] -> 中山國小站[O#4] -> 行天宮站[O#4] -> 松江南京站[O#4] -> 忠孝新生站[O#4] -> 東門站[O#4] -> 東門站[R] -> 大安森林公園站[R] -> 大安站[R],新埔民生站 -> 頭前庄站 -> 頭前庄站 -> 先嗇宮站 -> 三重站 -> 菜寮站 -> 台北橋站 -> 大橋頭站 -> 民權西路站 -> 中山國小站 -> 行天宮站 -> 松江南京站 -> 忠孝新生站 -> 東門站 -> 東門站 -> 大安森林公園站 -> 大安站
新埔民生站,大安站,5,2928,48.8,2,300,5.0,新埔民生站[Y] -> 板橋站[Y] -> 板新站[Y] -> 中原站[Y] -> 橋和站[Y] -> 中和站[Y] -> 景安站[Y] -> 景平站[Y] -> 秀朗橋站[Y] -> 十四張站[Y] -> 大坪林站[Y] -> 大坪林站[G] -> 景美站[G] -> 萬隆站[G] -> 公館站[G] -> 台電大樓站[G] -> 古亭站[G] -> 中正紀念堂站[G] -> 中正紀念堂站[R] -> 東門站[R] -> 大安森林公園站[R] -> 大安站[R],新埔民生站 -> 板橋站 -> 板新站 -> 中原站 -> 橋和站 -> 中和站 -> 景安站 -> 景平站 -> 秀朗橋站 -> 十四張站 -> 大坪林站 -> 大坪林站 -> 景美站 -> 萬隆站 -> 公館站 -> 台電大樓站 -> 古亭站 -> 中正紀念堂站 -> 中正紀念堂站 -> 東門站 -> 大安森林公園站 -> 大安站
新埔民生站,東湖站,1,2922,48.7,2,840,14.0,新埔民生站[Y] -> 新埔站[BL] -> 江子翠站[BL] -> 龍山寺站[BL] -> 西門站[BL] -> 台北車站[BL] -> 善導寺站[BL] -> 忠孝新生站[BL] -> 忠孝復興站[BL] -> 忠孝敦化站[BL] -> 國父紀念館站[BL] -> 市政府站[BL] -> 永春站[BL] -> 後山埤站[BL] -> 昆陽站[BL] -> 南港站[BL] -> 南港展覽館站[BL] -> 南港展覽館站[BR] -> 南港軟體園區站[BR] -> 東湖站[BR],新埔民生站 -> 新埔站 -> 江子翠站 -> 龍山寺站 -> 西門站 -> 台北車站 -> 善導寺站 -> 忠孝新生站 -> 忠孝復興站 -> 忠孝敦化站 -> 國父紀念館站 -> 市政府站 -> 永春站 -> 後山埤站 -> 昆陽站 -> 南港站 -> 南港展覽館站 -> 南港展覽館站 -> 南港軟體園區站 -> 東湖站
新埔民生站,東湖站,2,3424,57.06666666666667,3,780,13.0,新埔民生站[Y] -> 頭前庄站[Y] -> 頭前庄站[O] -> 先嗇宮站[O] -> 三重站[O] -> 菜寮站[O] -> 台北橋站[O] -> 大橋頭站[O#4] -> 民權西路站[O#4] -> 中山國小站[O#4] -> 行天宮站[O#4] -> 松江南京站[O#4] -> 忠孝新生站[O#4] -> 忠孝新生站[BL] -> 忠孝復興站[BL] -> 忠孝敦化站[BL] -> 國父紀念館站[BL] -> 市政府站[BL] -> 永春站[BL] -> 後山埤站[BL] -> 昆陽站[BL] -> 南港站[BL] -> 南港展覽館站[BL] -> 南港展覽館站[BR] -> 南港軟體園區站[BR] -> 東湖站[BR],新埔民生站 -> 頭前庄站 -> 頭前庄站 -> 先嗇宮站 -> 三重站 -> 菜寮站 -> 台北橋站 -> 大橋頭站 -> 民權西路站 -> 中山國小站 -> 行天宮站 -> 松江南京站 -> 忠孝新生站 -> 忠孝新生站 -> 忠孝復興站 -> 忠孝敦化站 -> 國父紀念館站 -> 市政府站 -> 永春站 -> 後山埤站 -> 昆陽站 -> 南港站 -> 南港展覽館站 -> 南港展覽館站 -> 南港軟體園區站 -> 東湖站
新埔民生站,東湖站,3,4476,74.6,4,720,12.0,新埔民生站[Y] -> 板橋站[Y] -> 板新站[Y] -> 中原站[Y] -> 橋和站[Y] -> 中和站[Y] -> 景安站[Y] -> 景平站[Y] -> 秀朗橋站[Y] -> 十四張站[Y] -> 大坪林站[Y] -> 大坪林站[G] -> 景美站[G] -> 萬隆站[G] -> 公館站[G] -> 台電大樓站[G] -> 古亭站[G] -> 古亭站[O#4] -> 東門站[O#4] -> 忠孝新生站[O#4] -> 忠孝新生站[BL] -> 忠孝復興站[BL] -> 忠孝敦化站[BL] -> 國父紀念館站[BL] -> 市政府站[BL] -> 永春站[BL] -> 後山埤站[BL] -> 昆陽站[BL] -> 南港站[BL] -> 南港展覽館站[BL] -> 南港展覽館站[BR] -> 南港軟體園區站[BR] -> 東湖站[BR],新埔民生站 -> 板橋站 -> 板新站 -> 中原站 -> 橋和站 -> 中和站 -> 景安站 -> 景平站 -> 秀朗橋站 -> 十四張站 -> 大坪林站 -> 大坪林站 -> 景美站 -> 萬隆站 -> 公館站 -> 台電大樓站 -> 古亭站 -> 古亭站 -> 東門站 -> 忠孝新生站 -> 忠孝新生站 -> 忠孝復興站 -> 忠孝敦化站 -> 國父紀念館站 -> 市政府站 -> 永春站 -> 後山埤站 -> 昆陽站 -> 南港站 -> 南港展覽館站 -> 南港展覽館站 -> 南港軟體園區站 -> 東湖站
新埔民生站,東湖站,4,4659,77.65,3,600,10.0,新埔民生站[Y] -> 板橋站[Y] -> 板新站[Y] -> 中原站[Y] -> 橋和站[Y] -> 中和站[Y] -> 景安站[Y] -> 景平站[Y] -> 秀朗橋站[Y] -> 十四張站[Y] -> 大坪林站[Y] -> 大坪林站[G] -> 景美站[G] -> 萬隆站[G] -> 公館站[G] -> 台電大樓站[G] -> 古亭站[G] -> 中正紀念堂站[G] -> 小南門站[G] -> 西門站[G] -> 西門站[BL] -> 台北車站[BL] -> 善導寺站[BL] -> 忠孝新生站[BL] -> 忠孝復興站[BL] -> 忠孝敦化站[BL] -> 國父紀念館站[BL] -> 市政府站[BL] -> 永春站[BL] -> 後山埤站[BL] -> 昆陽站[BL] -> 南港站[BL] -> 南港展覽館站[BL] -> 南港展覽館站[BR] -> 南港軟體園區站[BR] -> 東湖站[BR],新埔民生站 -> 板橋站 -> 板新站 -> 中原站 -> 橋和站 -> 中和站 -> 景安站 -> 景平站 -> 秀朗橋站 -> 十四張站 -> 大坪林站 -> 大坪林站 -> 景美站 -> 萬隆站 -> 公館站 -> 台電大樓站 -> 古亭站 -> 中正紀念堂站 -> 小南門站 -> 西門站 -> 西門站 -> 台北車站 -> 善導寺站 -> 忠孝新生站 -> 忠孝復興站 -> 忠孝敦化站 -> 國父紀念館站 -> 市政府站 -> 永春站 -> 後山埤站 -> 昆陽站 -> 南港站 -> 南港展覽館站 -> 南港展覽館站 -> 南港軟體園區站 -> 東湖站
新埔民生站,東湖站,5,4847,80.78333333333333,2,480,8.0,新埔民生站[Y] -> 板橋站[Y] -> 板新站[Y] -> 中原站[Y] -> 橋和站[Y] -> 中和站[Y] -> 景安站[Y] -> 景平站[Y] -> 秀朗橋站[Y] -> 十四張站[Y] -> 大坪林站[Y] -> 大坪林站[G] -> 景美站[G] -> 萬隆站[G] -> 公館站[G] -> 台電大樓站[G] -> 古亭站[G] -> 中正紀念堂站[G] -> 小南門站[G] -> 西門站[G] -> 北門站[G] -> 中山站[G] -> 松江南京站[G] -> 南京復興站[G] -> 南京復興站[BR] -> 中山國中站[BR] -> 松山機場站[BR] -> 大直站[BR] -> 劍南路站[BR] -> 西湖站[BR] -> 港墘站[BR] -> 文德站[BR] -> 內湖站[BR] -> 大湖公園站[BR] -> 葫洲站[BR] -> 東湖站[BR],新埔民生站 -> 板橋站 -> 板新站 -> 中原站 -> 橋和站 -> 中和站 -> 景安站 -> 景平站 -> 秀朗橋站 -> 十四張站 -> 大坪林站 -> 大坪林站 -> 景美站 -> 萬隆站 -> 公館站 -> 台電大樓站 -> 古亭站 -> 中正紀念堂站 -> 小南門站 -> 西門站 -> 北門站 -> 中山站 -> 松江南京站 -> 南京復興站 -> 南京復興站 -> 中山國中站 -> 松山機場站 -> 大直站 -> 劍南路站 -> 西湖站 -> 港墘站 -> 文德站 -> 內湖站 -> 大湖公園站 -> 葫洲站 -> 東湖站
東湖站,中原站,1,3330,55.5,3,780,13.0,東湖站[BR] -> 南港軟體園區站[BR] -> 南港展覽館站[BR] -> 南港展覽館站[BL] -> 南港站[BL] -> 昆陽站[BL] -> 後山埤站[BL] -> 永春站[BL] -> 市政府站[BL] -> 國父紀念館站[BL] -> 忠孝敦化站[BL] -> 忠孝復興站[BL] -> 忠孝新生站[BL] -> 忠孝新生站[O#4] -> 東門站[O#4] -> 古亭站[O#4] -> 頂溪站[O#4] -> 永安市場站[O#4] -> 景安站[O#4] -> 景安站[Y] -> 中和站[Y] -> 橋和站[Y] -> 中原站[Y],東湖站 -> 南港軟體園區站 -> 南港展覽館站 -> 南港展覽館站 -> 南港站 -> 昆陽站 -> 後山埤站 -> 永春站 -> 市政府站 -> 國父紀念館站 -> 忠孝敦化站 -> 忠孝復興站 -> 忠孝新生站 -> 忠孝新生站 -> 東門站 -> 古亭站 -> 頂溪站 -> 永安市場站 -> 景安站 -> 景安站 -> 中和站 -> 橋和站 -> 中原站
東湖站,中原站,2,3439,57.31666666666667,2,840,14.0,東湖站[BR] -> 南港軟體園區站[BR] -> 南港展覽館站[BR] -> 南港展覽館站[BL] -> 南港站[BL] -> 昆陽站[BL] -> 後山埤站[BL] -> 永春站[BL] -> 市政府站[BL] -> 國父紀念館站[BL] -> 忠孝敦化站[BL] -> 忠孝復興站[BL] -> 忠孝新生站[BL] -> 善導寺站[BL] -> 台北車站[BL] -> 西門站[BL] -> 龍山寺站[BL] -> 江子翠站[BL] -> 新埔站[BL] -> 新埔民生站[Y] -> 板橋站[Y] -> 板新站[Y] -> 中原站[Y],東湖站 -> 南港軟體園區站 -> 南港展覽館站 -> 南港展覽館站 -> 南港站 -> 昆陽站 -> 後山埤站 -> 永春站 -> 市政府站 -> 國父紀念館站 -> 忠孝敦化站 -> 忠孝復興站 -> 忠孝新生站 -> 善導寺站 -> 台北車站 -> 西門站 -> 龍山寺站 -> 江子翠站 -> 新埔站 -> 新埔民生站 -> 板橋站 -> 板新站 -> 中原站
東湖站,中原站,3,3902,65.03333333333333,4,720,12.0,東湖站[BR] -> 南港軟體園區站[BR] -> 南港展覽館站[BR] -> 南港展覽館站[BL] -> 南港站[BL] -> 昆陽站[BL] -> 後山埤站[BL] -> 永春站[BL] -> 市政府站[BL] -> 國父紀念館站[BL] -> 忠孝敦化站[BL] -> 忠孝復興站[BL] -> 忠孝新生站[BL] -> 忠孝新生站[O#4] -> 東門站[O#4] -> 古亭站[O#4] -> 古亭站[G] -> 台電大樓站[G] -> 公館站[G] -> 萬隆站[G] -> 景美站[G] -> 大坪林站[G] -> 大坪林站[Y] -> 十四張站[Y] -> 秀朗橋站[Y] -> 景平站[Y] -> 景安站[Y] -> 中和站[Y] -> 橋和站[Y] -> 中原站[Y],東湖站 -> 南港軟體園區站 -> 南港展覽館站 -> 南港展覽館站 -> 南港站 -> 昆陽站 -> 後山埤站 -> 永春站 -> 市政府站 -> 國父紀念館站 -> 忠孝敦化站 -> 忠孝復興站 -> 忠孝新生站 -> 忠孝新生站 -> 東門站 -> 古亭站 -> 古亭站 -> 台電大樓站 -> 公館站 -> 萬隆站 -> 景美站 -> 大坪林站 -> 大坪林站 -> 十四張站 -> 秀朗橋站 -> 景平站 -> 景安站 -> 中和站 -> 橋和站 -> 中原站
東湖站,中原站,4,4086,68.1,3,600,10.0,東湖站[BR] -> 南港軟體園區站[BR] -> 南港展覽館站[BR] -> 南港展覽館站[BL] -> 南港站[BL] -> 昆陽站[BL] -> 後山埤站[BL] -> 永春站[BL] -> 市政府站[BL] -> 國父紀念館站[BL] -> 忠孝敦化站[BL] -> 忠孝復興站[BL] -> 忠孝新生站[BL] -> 善導寺站[BL] -> 台北車站[BL] -> 西門站[BL] -> 西門站[G] -> 小南門站[G] -> 中正紀念堂站[G] -> 古亭站[G] -> 台電大樓站[G] -> 公館站[G] -> 萬隆站[G] -> 景美站[G] -> 大坪林站[G] -> 大坪林站[Y] -> 十四張站[Y] -> 秀朗橋站[Y] -> 景平站[Y] -> 景安站[Y] -> 中和站[Y] -> 橋和站[Y] -> 中原站[Y],東湖站 -> 南港軟體園區站 -> 南港展覽館站 -> 南港展覽館站 -> 南港站 -> 昆陽站 -> 後山埤站 -> 永春站 -> 市政府站 -> 國父紀念館站 -> 忠孝敦化站 -> 忠孝復興站 -> 忠孝新生站 -> 善導寺站 -> 台北車站 -> 西門站 -> 西門站 -> 小南門站 -> 中正紀念堂站 -> 古亭站 -> 台電大樓站 -> 公館站 -> 萬隆站 -> 景美站 -> 大坪林站 -> 大坪林站 -> 十四張站 -> 秀朗橋站 -> 景平站 -> 景安站 -> 中和站 -> 橋和站 -> 中原站
東湖站,中原站,5,4273,71.21666666666667,2,480,8.0,東湖站[BR] -> 葫洲站[BR] -> 大湖公園站[BR] -> 內湖站[BR] -> 文德站[BR] -> 港墘站[BR] -> 西湖站[BR] -> 劍南路站[BR] -> 大直站[BR] -> 松山機場站[BR] -> 中山國中站[BR] -> 南京復興站[BR] -> 南京復興站[G] -> 松江南京站[G] -> 中山站[G] -> 北門站[G] -> 西門站[G] -> 小南門站[G] -> 中正紀念堂站[G] -> 古亭站[G] -> 台電大樓站[G] -> 公館站[G] -> 萬隆站[G] -> 景美站[G] -> 大坪林站[G] -> 大坪林站[Y] -> 十四張站[Y] -> 秀朗橋站[Y] -> 景平站[Y] -> 景安站[Y] -> 中和站[Y] -> 橋和站[Y] -> 中原站[Y],東湖站 -> 葫洲站 -> 大湖公園站 -> 內湖站 -> 文德站 -> 港墘站 -> 西湖站 -> 劍南路站 -> 大直站 -> 松山機場站 -> 中山國中站 -> 南京復興站 -> 南京復興站 -> 松江南京站 -> 中山站 -> 北門站 -> 西門站 -> 小南門站 -> 中正紀念堂站 -> 古亭站 -> 台電大樓站 -> 公館站 -> 萬隆站 -> 景美站 -> 大坪林站 -> 大坪林站 -> 十四張站 -> 秀朗橋站 -> 景平站 -> 景安站 -> 中和站 -> 橋和站 -> 中原站
東湖站,中和站,1,3104,51.73333333333333,3,780,13.0,東湖站[BR] -> 南港軟體園區站[BR] -> 南港展覽館站[BR] -> 南港展覽館站[BL] -> 南港站[BL] -> 昆陽站[BL] -> 後山埤站[BL] -> 永春站[BL] -> 市政府站[BL] -> 國父紀念館站[BL] -> 忠孝敦化站[BL] -> 忠孝復興站[BL] -> 忠孝新生站[BL] -> 忠孝新生站[O#4] -> 東門站[O#4] -> 古亭站[O#4] -> 頂溪站[O#4] -> 永安市場站[O#4] -> 景安站[O#4] -> 景安站[Y] -> 中和站[Y],東湖站 -> 南港軟體園區站 -> 南港展覽館站 -> 南港展覽館站 -> 南港站 -> 昆陽站 -> 後山埤站 -> 永春站 -> 市政府站 -> 國父紀念館站 -> 忠孝敦化站 -> 忠孝復興站 -> 忠孝新生站 -> 忠孝新生站 -> 東門站 -> 古亭站 -> 頂溪站 -> 永安市場站 -> 景安站 -> 景安站 -> 中和站
東湖站,中和站,2,3665,61.083333333333336,2,840,14.0,東湖站[BR] -> 南港軟體園區站[BR] -> 南港展覽館站[BR] -> 南港展覽館站[BL] -> 南港站[BL] -> 昆陽站[BL] -> 後山埤站[BL] -> 永春站[BL] -> 市政府站[BL] -> 國父紀念館站[BL] -> 忠孝敦化站[BL] -> 忠孝復興站[BL] -> 忠孝新生站[BL] -> 善導寺站[BL] -> 台北車站[BL] -> 西門站[BL] -> 龍山寺站[BL] -> 江子翠站[BL] -> 新埔站[BL] -> 新埔民生站[Y] -> 板橋站[Y] -> 板新站[Y] -> 中原站[Y] -> 橋和站[Y] -> 中和站[Y],東湖站 -> 南港軟體園區站 -> 南港展覽館站 -> 南港展覽館站 -> 南港站 -> 昆陽站 -> 後山埤站 -> 永春站 -> 市政府站 -> 國父紀念館站 -> 忠孝敦化站 -> 忠孝復興站 -> 忠孝新生站 -> 善導寺站 -> 台北車站 -> 西門站 -> 龍山寺站 -> 江子翠站 -> 新埔站 -> 新埔民生站 -> 板橋站 -> 板新站 -> 中原站 -> 橋和站 -> 中和站
東湖站,中和站,3,3676,61.266666666666666,4,720,12.0,東湖站[BR] -> 南港軟體園區站[BR] -> 南港展覽館站[BR] -> 南港展覽館站[BL] -> 南港站[BL] -> 昆陽站[BL] -> 後山埤站[BL] -> 永春站[BL] -> 市政府站[BL] -> 國父紀念館站[BL] -> 忠孝敦化站[BL] -> 忠孝復興站[BL] -> 忠孝新生站[BL] -> 忠孝新生站[O#4] -> 東門站[O#4] -> 古亭站[O#4] -> 古亭站[G] -> 台電大樓站[G] -> 公館站[G] -> 萬隆站[G] -> 景美站[G] -> 大坪林站[G] -> 大坪林站[Y] -> 十四張站[Y] -> 秀朗橋站[Y] -> 景平站[Y] -> 景安站[Y] -> 中和站[Y],東湖站 -> 南港軟體園區站 -> 南港展覽館站 -> 南港展覽館站 -> 南港站 -> 昆陽站 -> 後山埤站 -> 永春站 -> 市政府站 -> 國父紀念館站 -> 忠孝敦化站 -> 忠孝復興站 -> 忠孝新生站 -> 忠孝新生站 -> 東門站 -> 古亭站 -> 古亭站 -> 台電大樓站 -> 公館站 -> 萬隆站 -> 景美站 -> 大坪林站 -> 大坪林站 -> 十四張站 -> 秀朗橋站 -> 景平站 -> 景安站 -> 中和站
東湖站,中和站,4,3860,64.33333333333333,3,600,10.0,東湖站[BR] -> 南港軟體園區站[BR] -> 南港展覽館站[BR] -> 南港展覽館站[BL] -> 南港站[BL] -> 昆陽站[BL] -> 後山埤站[BL] -> 永春站[BL] -> 市政府站[BL] -> 國父紀念館站[BL] -> 忠孝敦化站[BL] -> 忠孝復興站[BL] -> 忠孝新生站[BL] -> 善導寺站[BL] -> 台北車站[BL] -> 西門站[BL] -> 西門站[G] -> 小南門站[G] -> 中正紀念堂站[G] -> 古亭站[G] -> 台電大樓站[G] -> 公館站[G] -> 萬隆站[G] -> 景美站[G] -> 大坪林站[G] -> 大坪林站[Y] -> 十四張站[Y] -> 秀朗橋站[Y] -> 景平站[Y] -> 景安站[Y] -> 中和站[Y],東湖站 -> 南港軟體園區站 -> 南港展覽館站 -> 南港展覽館站 -> 南港站 -> 昆陽站 -> 後山埤站 -> 永春站 -> 市政府站 -> 國父紀念館站 -> 忠孝敦化站 -> 忠孝復興站 -> 忠孝新生站 -> 善導寺站 -> 台北車站 -> 西門站 -> 西門站 -> 小南門站 -> 中正紀念堂站 -> 古亭站 -> 台電大樓站 -> 公館站 -> 萬隆站 -> 景美站 -> 大坪林站 -> 大坪林站 -> 十四張站 -> 秀朗橋站 -> 景平站 -> 景安站 -> 中和站
東湖站,中和站,5,4047,67.45,2,480,8.0,東湖站[BR] -> 葫洲站[BR] -> 大湖公園站[BR] -> 內湖站[BR] -> 文德站[BR] -> 港墘站[BR] -> 西湖站[BR] -> 劍南路站[BR] -> 大直站[BR] -> 松山機場站[BR] -> 中山國中站[BR] -> 南京復興站[BR] -> 南京復興站[G] -> 松江南京站[G] -> 中山站[G] -> 北門站[G] -> 西門站[G] -> 小南門站[G] -> 中正紀念堂站[G] -> 古亭站[G] -> 台電大樓站[G] -> 公館站[G] -> 萬隆站[G] -> 景美站[G] -> 大坪林站[G] -> 大坪林站[Y] -> 十四張站[Y] -> 秀朗橋站[Y] -> 景平站[Y] -> 景安站[Y] -> 中和站[Y],東湖站 -> 葫洲站 -> 大湖公園站 -> 內湖站 -> 文德站 -> 港墘站 -> 西湖站 -> 劍南路站 -> 大直站 -> 松山機場站 -> 中山國中站 -> 南京復興站 -> 南京復興站 -> 松江南京站 -> 中山站 -> 北門站 -> 西門站 -> 小南門站 -> 中正紀念堂站 -> 古亭站 -> 台電大樓站 -> 公館站 -> 萬隆站 -> 景美站 -> 大坪林站 -> 大坪林站 -> 十四張站 -> 秀朗橋站 -> 景平站 -> 景安站 -> 中和站
東湖站,幸福站,1,3192,53.2,2,840,14.0,東湖站[BR] -> 南港軟體園區站[BR] -> 南港展覽館站[BR] -> 南港展覽館站[BL] -> 南港站[BL] -> 昆陽站[BL] -> 後山埤站[BL] -> 永春站[BL] -> 市政府站[BL] -> 國父紀念館站[BL] -> 忠孝敦化站[BL] -> 忠孝復興站[BL] -> 忠孝新生站[BL] -> 善導寺站[BL] -> 台北車站[BL] -> 西門站[BL] -> 龍山寺站[BL] -> 江子翠站[BL] -> 新埔站[BL] -> 新埔民生站[Y] -> 頭前庄站[Y] -> 幸福站[Y],東湖站 -> 南港軟體園區站 -> 南港展覽館站 -> 南港展覽館站 -> 南港站 -> 昆陽站 -> 後山埤站 -> 永春站 -> 市政府站 -> 國父紀念館站 -> 忠孝敦化站 -> 忠孝復興站 -> 忠孝新生站 -> 善導寺站 -> 台北車站 -> 西門站 -> 龍山寺站 -> 江子翠站 -> 新埔站 -> 新埔民生站 -> 頭前庄站 -> 幸福站
東湖站,幸福站,2,3384,56.4,3,780,13.0,東湖站[BR] -> 南港軟體園區站[BR] -> 南港展覽館站[BR] -> 南港展覽館站[BL] -> 南港站[BL] -> 昆陽站[BL] -> 後山埤站[BL] -> 永春站[BL] -> 市政府站[BL] -> 國父紀念館站[BL] -> 忠孝敦化站[BL] -> 忠孝復興站[BL] -> 忠孝新生站[BL] -> 忠孝新生站[O#4] -> 松江南京站[O#4] -> 行天宮站[O#4] -> 中山國小站[O#4] -> 民權西路站[O#4] -> 大橋頭站[O#4] -> 台北橋站[O] -> 菜寮站[O] -> 三重站[O] -> 先嗇宮站[O] -> 頭前庄站[O] -> 頭前庄站[Y] -> 幸福站[Y],東湖站 -> 南港軟體園區站 -> 南港展覽館站 -> 南港展覽館站 -> 南港站 -> 昆陽站 -> 後山埤站 -> 永春站 -> 市政府站 -> 國父紀念館站 -> 忠孝敦化站 -> 忠孝復興站 -> 忠孝新生站 -> 忠孝新生站 -> 松江南京站 -> 行天宮站 -> 中山國小站 -> 民權西路站 -> 大橋頭站 -> 台北橋站 -> 菜寮站 -> 三重站 -> 先嗇宮站 -> 頭前庄站 -> 頭前庄站 -> 幸福站
東湖站,幸福站,3,4745,79.08333333333333,4,720,12.0,東湖站[BR] -> 南港軟體園區站[BR] -> 南港展覽館站[BR] -> 南港展覽館站[BL] -> 南港站[BL] -> 昆陽站[BL] -> 後山埤站[BL] -> 永春站[BL] -> 市政府站[BL] -> 國父紀念館站[BL] -> 忠孝敦化站[BL] -> 忠孝復興站[BL] -> 忠孝新生站[BL] -> 忠孝新生站[O#4] -> 東門站[O#4] -> 古亭站[O#4] -> 古亭站[G] -> 台電大樓站[G] -> 公館站[G] -> 萬隆站[G] -> 景美站[G] -> 大坪林站[G] -> 大坪林站[Y] -> 十四張站[Y] -> 秀朗橋站[Y] -> 景平站[Y] -> 景安站[Y] -> 中和站[Y] -> 橋和站[Y] -> 中原站[Y] -> 板新站[Y] -> 板橋站[Y] -> 新埔民生站[Y] -> 頭前庄站[Y] -> 幸福站[Y],東湖站 -> 南港軟體園區站 -> 南港展覽館站 -> 南港展覽館站 -> 南港站 -> 昆陽站 -> 後山埤站 -> 永春站 -> 市政府站 -> 國父紀念館站 -> 忠孝敦化站 -> 忠孝復興站 -> 忠孝新生站 -> 忠孝新生站 -> 東門站 -> 古亭站 -> 古亭站 -> 台電大樓站 -> 公館站 -> 萬隆站 -> 景美站 -> 大坪林站 -> 大坪林站 -> 十四張站 -> 秀朗橋站 -> 景平站 -> 景安站 -> 中和站 -> 橋和站 -> 中原站 -> 板新站 -> 板橋站 -> 新埔民生站 -> 頭前庄站 -> 幸福站
東湖站,幸福站,4,4929,82.15,3,600,10.0,東湖站[BR] -> 南港軟體園區站[BR] -> 南港展覽館站[BR] -> 南港展覽館站[BL] -> 南港站[BL] -> 昆陽站[BL] -> 後山埤站[BL] -> 永春站[BL] -> 市政府站[BL] -> 國父紀念館站[BL] -> 忠孝敦化站[BL] -> 忠孝復興站[BL] -> 忠孝新生站[BL] -> 善導寺站[BL] -> 台北車站[BL] -> 西門站[BL] -> 西門站[G] -> 小南門站[G] -> 中正紀念堂站[G] -> 古亭站[G] -> 台電大樓站[G] -> 公館站[G] -> 萬隆站[G] -> 景美站[G] -> 大坪林站[G] -> 大坪林站[Y] -> 十四張站[Y] -> 秀朗橋站[Y] -> 景平站[Y] -> 景安站[Y] -> 中和站[Y] -> 橋和站[Y] -> 中原站[Y] -> 板新站[Y] -> 板橋站[Y] -> 新埔民生站[Y] -> 頭前庄站[Y] -> 幸福站[Y],東湖站 -> 南港軟體園區站 -> 南港展覽館站 -> 南港展覽館站 -> 南港站 -> 昆陽站 -> 後山埤站 -> 永春站 -> 市政府站 -> 國父紀念館站 -> 忠孝敦化站 -> 忠孝復興站 -> 忠孝新生站 -> 善導寺站 -> 台北車站 -> 西門站 -> 西門站 -> 小南門站 -> 中正紀念堂站 -> 古亭站 -> 台電大樓站 -> 公館站 -> 萬隆站 -> 景美站 -> 大坪林站 -> 大坪林站 -> 十四張站 -> 秀朗橋站 -> 景平站 -> 景安站 -> 中和站 -> 橋和站 -> 中原站 -> 板新站 -> 板橋站 -> 新埔民生站 -> 頭前庄站 -> 幸福站
東湖站,幸福站,5,5116,85.26666666666667,2,480,8.0,東湖站[BR] -> 葫洲站[BR] -> 大湖公園站[BR] -> 內湖站[BR] -> 文德站[BR] -> 港墘站[BR] -> 西湖站[BR] -> 劍南路站[BR] -> 大直站[BR] -> 松山機場站[BR] -> 中山國中站[BR] -> 南京復興站[BR] -> 南京復興站[G] -> 松江南京站[G] -> 中山站[G] -> 北門站[G] -> 西門站[G] -> 小南門站[G] -> 中正紀念堂站[G] -> 古亭站[G] -> 台電大樓站[G] -> 公館站[G] -> 萬隆站[G] -> 景美站[G] -> 大坪林站[G] -> 大坪林站[Y] -> 十四張站[Y] -> 秀朗橋站[Y] -> 景平站[Y] -> 景安站[Y] -> 中和站[Y] -> 橋和站[Y] -> 中原站[Y] -> 板新站[Y] -> 板橋站[Y] -> 新埔民生站[Y] -> 頭前庄站[Y] -> 幸福站[Y],東湖站 -> 葫洲站 -> 大湖公園站 -> 內湖站 -> 文德站 -> 港墘站 -> 西湖站 -> 劍南路站 -> 大直站 -> 松山機場站 -> 中山國中站 -> 南京復興站 -> 南京復興站 -> 松江南京站 -> 中山站 -> 北門站 -> 西門站 -> 小南門站 -> 中正紀念堂站 -> 古亭站 -> 台電大樓站 -> 公館站 -> 萬隆站 -> 景美站 -> 大坪林站 -> 大坪林站 -> 十四張站 -> 秀朗橋站 -> 景平站 -> 景安站 -> 中和站 -> 橋和站 -> 中原站 -> 板新站 -> 板橋站 -> 新埔民生站 -> 頭前庄站 -> 幸福站
東湖站,新北產業園區站,1,3350,55.833333333333336,2,840,14.0,東湖站[BR] -> 南港軟體園區站[BR] -> 南港展覽館站[BR] -> 南港展覽館站[BL] -> 南港站[BL] -> 昆陽站[BL] -> 後山埤站[BL] -> 永春站[BL] -> 市政府站[BL] -> 國父紀念館站[BL] -> 忠孝敦化站[BL] -> 忠孝復興站[BL] -> 忠孝新生站[BL] -> 善導寺站[BL] -> 台北車站[BL] -> 西門站[BL] -> 龍山寺站[BL] -> 江子翠站[BL] -> 新埔站[BL] -> 新埔民生站[Y] -> 頭前庄站[Y] -> 幸福站[Y] -> 新北產業園區站[Y],東湖站 -> 南港軟體園區站 -> 南港展覽館站 -> 南港展覽館站 -> 南港站 -> 昆陽站 -> 後山埤站 -> 永春站 -> 市政府站 -> 國父紀念館站 -> 忠孝敦化站 -> 忠孝復興站 -> 忠孝新生站 -> 善導寺站 -> 台北車站 -> 西門站 -> 龍山寺站 -> 江子翠站 -> 新埔站 -> 新埔民生站 -> 頭前庄站 -> 幸福站 -> 新北產業園區站
東湖站,新北產業園區站,2,3542,59.03333333333333,3,780,13.0,東湖站[BR] -> 南港軟體園區站[BR] -> 南港展覽館站[BR] -> 南港展覽館站[BL] -> 南港站[BL] -> 昆陽站[BL] -> 後山埤站[BL] -> 永春站[BL] -> 市政府站[BL] -> 國父紀念館站[BL] -> 忠孝敦化站[BL] -> 忠孝復興站[BL] -> 忠孝新生站[BL] -> 忠孝新生站[O#4] -> 松江南京站[O#4] -> 行天宮站[O#4] -> 中山國小站[O#4] -> 民權西路站[O#4] -> 大橋頭站[O#4] -> 台北橋站[O] -> 菜寮站[O] -> 三重站[O] -> 先嗇宮站[O] -> 頭前庄站[O] -> 頭前庄站[Y] -> 幸福站[Y] -> 新北產業園區站[Y],東湖站 -> 南港軟體園區站 -> 南港展覽館站 -> 南港展覽館站 -> 南港站 -> 昆陽站 -> 後山埤站 -> 永春站 -> 市政府站 -> 國父紀念館站 -> 忠孝敦化站 -> 忠孝復興站 -> 忠孝新生站 -> 忠孝新生站 -> 松江南京站 -> 行天宮站 -> 中山國小站 -> 民權西路站 -> 大橋頭站 -> 台北橋站 -> 菜寮站 -> 三重站 -> 先嗇宮站 -> 頭前庄站 -> 頭前庄站 -> 幸福站 -> 新北產業園區站
東湖站,新北產業園區站,3,4903,81.71666666666667,4,720,12.0,東湖站[BR] -> 南港軟體園區站[BR] -> 南港展覽館站[BR] -> 南港展覽館站[BL] -> 南港站[BL] -> 昆陽站[BL] -> 後山埤站[BL] -> 永春站[BL] -> 市政府站[BL] -> 國父紀念館站[BL] -> 忠孝敦化站[BL] -> 忠孝復興站[BL] -> 忠孝新生站[BL] -> 忠孝新生站[O#4] -> 東門站[O#4] -> 古亭站[O#4] -> 古亭站[G] -> 台電大樓站[G] -> 公館站[G] -> 萬隆站[G] -> 景美站[G] -> 大坪林站[G] -> 大坪林站[Y] -> 十四張站[Y] -> 秀朗橋站[Y] -> 景平站[Y] -> 景安站[Y] -> 中和站[Y] -> 橋和站[Y] -> 中原站[Y] -> 板新站[Y] -> 板橋站[Y] -> 新埔民生站[Y] -> 頭前庄站[Y] -> 幸福站[Y] -> 新北產業園區站[Y],東湖站 -> 南港軟體園區站 -> 南港展覽館站 -> 南港展覽館站 -> 南港站 -> 昆陽站 -> 後山埤站 -> 永春站 -> 市政府站 -> 國父紀念館站 -> 忠孝敦化站 -> 忠孝復興站 -> 忠孝新生站 -> 忠孝新生站 -> 東門站 -> 古亭站 -> 古亭站 -> 台電大樓站 -> 公館站 -> 萬隆站 -> 景美站 -> 大坪林站 -> 大坪林站 -> 十四張站 -> 秀朗橋站 -> 景平站 -> 景安站 -> 中和站 -> 橋和站 -> 中原站 -> 板新站 -> 板橋站 -> 新埔民生站 -> 頭前庄站 -> 幸福站 -> 新北產業園區站
東湖站,新北產業園區站,4,5087,84.78333333333333,3,600,10.0,東湖站[BR] -> 南港軟體園區站[BR] -> 南港展覽館站[BR] -> 南港展覽館站[BL] -> 南港站[BL] -> 昆陽站[BL] -> 後山埤站[BL] -> 永春站[BL] -> 市政府站[BL] -> 國父紀念館站[BL] -> 忠孝敦化站[BL] -> 忠孝復興站[BL] -> 忠孝新生站[BL] -> 善導寺站[BL] -> 台北車站[BL] -> 西門站[BL] -> 西門站[G] -> 小南門站[G] -> 中正紀念堂站[G] -> 古亭站[G] -> 台電大樓站[G] -> 公館站[G] -> 萬隆站[G] -> 景美站[G] -> 大坪林站[G] -> 大坪林站[Y] -> 十四張站[Y] -> 秀朗橋站[Y] -> 景平站[Y] -> 景安站[Y] -> 中和站[Y] -> 橋和站[Y] -> 中原站[Y] -> 板新站[Y] -> 板橋站[Y] -> 新埔民生站[Y] -> 頭前庄站[Y] -> 幸福站[Y] -> 新北產業園區站[Y],東湖站 -> 南港軟體園區站 -> 南港展覽館站 -> 南港展覽館站 -> 南港站 -> 昆陽站 -> 後山埤站 -> 永春站 -> 市政府站 -> 國父紀念館站 -> 忠孝敦化站 -> 忠孝復興站 -> 忠孝新生站 -> 善導寺站 -> 台北車站 -> 西門站 -> 西門站 -> 小南門站 -> 中正紀念堂站 -> 古亭站 -> 台電大樓站 -> 公館站 -> 萬隆站 -> 景美站 -> 大坪林站 -> 大坪林站 -> 十四張站 -> 秀朗橋站 -> 景平站 -> 景安站 -> 中和站 -> 橋和站 -> 中原站 -> 板新站 -> 板橋站 -> 新埔民生站 -> 頭前庄站 -> 幸福站 -> 新北產業園區站
東湖站,新北產業園區站,5,5274,87.9,2,480,8.0,東湖站[BR] -> 葫洲站[BR] -> 大湖公園站[BR] -> 內湖站[BR] -> 文德站[BR] -> 港墘站[BR] -> 西湖站[BR] -> 劍南路站[BR] -> 大直站[BR] -> 松山機場站[BR] -> 中山國中站[BR] -> 南京復興站[BR] -> 南京復興站[G] -> 松江南京站[G] -> 中山站[G] -> 北門站[G] -> 西門站[G] -> 小南門站[G] -> 中正紀念堂站[G] -> 古亭站[G] -> 台電大樓站[G] -> 公館站[G] -> 萬隆站[G] -> 景美站[G] -> 大坪林站[G] -> 大坪林站[Y] -> 十四張站[Y] -> 秀朗橋站[Y] -> 景平站[Y] -> 景安站[Y] -> 中和站[Y] -> 橋和站[Y] -> 中原站[Y] -> 板新站[Y] -> 板橋站[Y] -> 新埔民生站[Y] -> 頭前庄站[Y] -> 幸福站[Y] -> 新北產業園區站[Y],東湖站 -> 葫洲站 -> 大湖公園站 -> 內湖站 -> 文德站 -> 港墘站 -> 西湖站 -> 劍南路站 -> 大直站 -> 松山機場站 -> 中山國中站 -> 南京復興站 -> 南京復興站 -> 松江南京站 -> 中山站 -> 北門站 -> 西門站 -> 小南門站 -> 中正紀念堂站 -> 古亭站 -> 台電大樓站 -> 公館站 -> 萬隆站 -> 景美站 -> 大坪林站 -> 大坪林站 -> 十四張站 -> 秀朗橋站 -> 景平站 -> 景安站 -> 中和站 -> 橋和站 -> 中原站 -> 板新站 -> 板橋站 -> 新埔民生站 -> 頭前庄站 -> 幸福站 -> 新北產業園區站
東湖站,新埔民生站,1,2894,48.23333333333333,2,840,14.0,東湖站[BR] -> 南港軟體園區站[BR] -> 南港展覽館站[BR] -> 南港展覽館站[BL] -> 南港站[BL] -> 昆陽站[BL] -> 後山埤站[BL] -> 永春站[BL] -> 市政府站[BL] -> 國父紀念館站[BL] -> 忠孝敦化站[BL] -> 忠孝復興站[BL] -> 忠孝新生站[BL] -> 善導寺站[BL] -> 台北車站[BL] -> 西門站[BL] -> 龍山寺站[BL] -> 江子翠站[BL] -> 新埔站[BL] -> 新埔民生站[Y],東湖站 -> 南港軟體園區站 -> 南港展覽館站 -> 南港展覽館站 -> 南港站 -> 昆陽站 -> 後山埤站 -> 永春站 -> 市政府站 -> 國父紀念館站 -> 忠孝敦化站 -> 忠孝復興站 -> 忠孝新生站 -> 善導寺站 -> 台北車站 -> 西門站 -> 龍山寺站 -> 江子翠站 -> 新埔站 -> 新埔民生站
東湖站,新埔民生站,2,3432,57.2,3,780,13.0,東湖站[BR] -> 南港軟體園區站[BR] -> 南港展覽館站[BR] -> 南港展覽館站[BL] -> 南港站[BL] -> 昆陽站[BL] -> 後山埤站[BL] -> 永春站[BL] -> 市政府站[BL] -> 國父紀念館站[BL] -> 忠孝敦化站[BL] -> 忠孝復興站[BL] -> 忠孝新生站[BL] -> 忠孝新生站[O#4] -> 松江南京站[O#4] -> 行天宮站[O#4] -> 中山國小站[O#4] -> 民權西路站[O#4] -> 大橋頭站[O#4] -> 台北橋站[O] -> 菜寮站[O] -> 三重站[O] -> 先嗇宮站[O] -> 頭前庄站[O] -> 頭前庄站[Y] -> 新埔民生站[Y],東湖站 -> 南港軟體園區站 -> 南港展覽館站 -> 南港展覽館站 -> 南港站 -> 昆陽站 -> 後山埤站 -> 永春站 -> 市政府站 -> 國父紀念館站 -> 忠孝敦化站 -> 忠孝復興站 -> 忠孝新生站 -> 忠孝新生站 -> 松江南京站 -> 行天宮站 -> 中山國小站 -> 民權西路站 -> 大橋頭站 -> 台北橋站 -> 菜寮站 -> 三重站 -> 先嗇宮站 -> 頭前庄站 -> 頭前庄站 -> 新埔民生站
東湖站,新埔民生站,3,4447,74.11666666666666,4,720,12.0,東湖站[BR] -> 南港軟體園區站[BR] -> 南港展覽館站[BR] -> 南港展覽館站[BL] -> 南港站[BL] -> 昆陽站[BL] -> 後山埤站[BL] -> 永春站[BL] -> 市政府站[BL] -> 國父紀念館站[BL] -> 忠孝敦化站[BL] -> 忠孝復興站[BL] -> 忠孝新生站[BL] -> 忠孝新生站[O#4] -> 東門站[O#4] -> 古亭站[O#4] -> 古亭站[G] -> 台電大樓站[G] -> 公館站[G] -> 萬隆站[G] -> 景美站[G] -> 大坪林站[G] -> 大坪林站[Y] -> 十四張站[Y] -> 秀朗橋站[Y] -> 景平站[Y] -> 景安站[Y] -> 中和站[Y] -> 橋和站[Y] -> 中原站[Y] -> 板新站[Y] -> 板橋站[Y] -> 新埔民生站[Y],東湖站 -> 南港軟體園區站 -> 南港展覽館站 -> 南港展覽館站 -> 南港站 -> 昆陽站 -> 後山埤站 -> 永春站 -> 市政府站 -> 國父紀念館站 -> 忠孝敦化站 -> 忠孝復興站 -> 忠孝新生站 -> 忠孝新生站 -> 東門站 -> 古亭站 -> 古亭站 -> 台電大樓站 -> 公館站 -> 萬隆站 -> 景美站 -> 大坪林站 -> 大坪林站 -> 十四張站 -> 秀朗橋站 -> 景平站 -> 景安站 -> 中和站 -> 橋和站 -> 中原站 -> 板新站 -> 板橋站 -> 新埔民生站
東湖站,新埔民生站,4,4631,77.18333333333334,3,600,10.0,東湖站[BR] -> 南港軟體園區站[BR] -> 南港展覽館站[BR] -> 南港展覽館站[BL] -> 南港站[BL] -> 昆陽站[BL] -> 後山埤站[BL] -> 永春站[BL] -> 市政府站[BL] -> 國父紀念館站[BL] -> 忠孝敦化站[BL] -> 忠孝復興站[BL] -> 忠孝新生站[BL] -> 善導寺站[BL] -> 台北車站[BL] -> 西門站[BL] -> 西門站[G] -> 小南門站[G] -> 中正紀念堂站[G] -> 古亭站[G] -> 台電大樓站[G] -> 公館站[G] -> 萬隆站[G] -> 景美站[G] -> 大坪林站[G] -> 大坪林站[Y] -> 十四張站[Y] -> 秀朗橋站[Y] -> 景平站[Y] -> 景安站[Y] -> 中和站[Y] -> 橋和站[Y] -> 中原站[Y] -> 板新站[Y] -> 板橋站[Y] -> 新埔民生站[Y],東湖站 -> 南港軟體園區站 -> 南港展覽館站 -> 南港展覽館站 -> 南港站 -> 昆陽站 -> 後山埤站 -> 永春站 -> 市政府站 -> 國父紀念館站 -> 忠孝敦化站 -> 忠孝復興站 -> 忠孝新生站 -> 善導寺站 -> 台北車站 -> 西門站 -> 西門站 -> 小南門站 -> 中正紀念堂站 -> 古亭站 -> 台電大樓站 -> 公館站 -> 萬隆站 -> 景美站 -> 大坪林站 -> 大坪林站 -> 十四張站 -> 秀朗橋站 -> 景平站 -> 景安站 -> 中和站 -> 橋和站 -> 中原站 -> 板新站 -> 板橋站 -> 新埔民生站
東湖站,新埔民生站,5,4818,80.3,2,480,8.0,東湖站[BR] -> 葫洲站[BR] -> 大湖公園站[BR] -> 內湖站[BR] -> 文德站[BR] -> 港墘站[BR] -> 西湖站[BR] -> 劍南路站[BR] -> 大直站[BR] -> 松山機場站[BR] -> 中山國中站[BR] -> 南京復興站[BR] -> 南京復興站[G] -> 松江南京站[G] -> 中山站[G] -> 北門站[G] -> 西門站[G] -> 小南門站[G] -> 中正紀念堂站[G] -> 古亭站[G] -> 台電大樓站[G] -> 公館站[G] -> 萬隆站[G] -> 景美站[G] -> 大坪林站[G] -> 大坪林站[Y] -> 十四張站[Y] -> 秀朗橋站[Y] -> 景平站[Y] -> 景安站[Y] -> 中和站[Y] -> 橋和站[Y] -> 中原站[Y] -> 板新站[Y] -> 板橋站[Y] -> 新埔民生站[Y],東湖站 -> 葫洲站 -> 大湖公園站 -> 內湖站 -> 文德站 -> 港墘站 -> 西湖站 -> 劍南路站 -> 大直站 -> 松山機場站 -> 中山國中站 -> 南京復興站 -> 南京復興站 -> 松江南京站 -> 中山站 -> 北門站 -> 西門站 -> 小南門站 -> 中正紀念堂站 -> 古亭站 -> 台電大樓站 -> 公館站 -> 萬隆站 -> 景美站 -> 大坪林站 -> 大坪林站 -> 十四張站 -> 秀朗橋站 -> 景平站 -> 景安站 -> 中和站 -> 橋和站 -> 中原站 -> 板新站 -> 板橋站 -> 新埔民生站
東湖站,板新站,1,3303,55.05,2,840,14.0,東湖站[BR] -> 南港軟體園區站[BR] -> 南港展覽館站[BR] -> 南港展覽館站[BL] -> 南港站[BL] -> 昆陽站[BL] -> 後山埤站[BL] -> 永春站[BL] -> 市政府站[BL] -> 國父紀念館站[BL] -> 忠孝敦化站[BL] -> 忠孝復興站[BL] -> 忠孝新生站[BL] -> 善導寺站[BL] -> 台北車站[BL] -> 西門站[BL] -> 龍山寺站[BL] -> 江子翠站[BL] -> 新埔站[BL] -> 新埔民生站[Y] -> 板橋站[Y] -> 板新站[Y],東湖站 -> 南港軟體園區站 -> 南港展覽館站 -> 南港展覽館站 -> 南港站 -> 昆陽站 -> 後山埤站 -> 永春站 -> 市政府站 -> 國父紀念館站 -> 忠孝敦化站 -> 忠孝復興站 -> 忠孝新生站 -> 善導寺站 -> 台北車站 -> 西門站 -> 龍山寺站 -> 江子翠站 -> 新埔站 -> 新埔民生站 -> 板橋站 -> 板新站
東湖站,板新站,2,3466,57.766666666666666,3,780,13.0,東湖站[BR] -> 南港軟體園區站[BR] -> 南港展覽館站[BR] -> 南港展覽館站[BL] -> 南港站[BL] -> 昆陽站[BL] -> 後山埤站[BL] -> 永春站[BL] -> 市政府站[BL] -> 國父紀念館站[BL] -> 忠孝敦化站[BL] -> 忠孝復興站[BL] -> 忠孝新生站[BL] -> 忠孝新生站[O#4] -> 東門站[O#4] -> 古亭站[O#4] -> 頂溪站[O#4] -> 永安市場站[O#4] -> 景安站[O#4] -> 景安站[Y] -> 中和站[Y] -> 橋和站[Y] -> 中原站[Y] -> 板新站[Y],東湖站 -> 南港軟體園區站 -> 南港展覽館站 -> 南港展覽館站 -> 南港站 -> 昆陽站 -> 後山埤站 -> 永春站 -> 市政府站 -> 國父紀念館站 -> 忠孝敦化站 -> 忠孝復興站 -> 忠孝新生站 -> 忠孝新生站 -> 東門站 -> 古亭站 -> 頂溪站 -> 永安市場站 -> 景安站 -> 景安站 -> 中和站 -> 橋和站 -> 中原站 -> 板新站
東湖站,板新站,3,4038,67.3,4,720,12.0,東湖站[BR] -> 南港軟體園區站[BR] -> 南港展覽館站[BR] -> 南港展覽館站[BL] -> 南港站[BL] -> 昆陽站[BL] -> 後山埤站[BL] -> 永春站[BL] -> 市政府站[BL] -> 國父紀念館站[BL] -> 忠孝敦化站[BL] -> 忠孝復興站[BL] -> 忠孝新生站[BL] -> 忠孝新生站[O#4] -> 東門站[O#4] -> 古亭站[O#4] -> 古亭站[G] -> 台電大樓站[G] -> 公館站[G] -> 萬隆站[G] -> 景美站[G] -> 大坪林站[G] -> 大坪林站[Y] -> 十四張站[Y] -> 秀朗橋站[Y] -> 景平站[Y] -> 景安站[Y] -> 中和站[Y] -> 橋和站[Y] -> 中原站[Y] -> 板新站[Y],東湖站 -> 南港軟體園區站 -> 南港展覽館站 -> 南港展覽館站 -> 南港站 -> 昆陽站 -> 後山埤站 -> 永春站 -> 市政府站 -> 國父紀念館站 -> 忠孝敦化站 -> 忠孝復興站 -> 忠孝新生站 -> 忠孝新生站 -> 東門站 -> 古亭站 -> 古亭站 -> 台電大樓站 -> 公館站 -> 萬隆站 -> 景美站 -> 大坪林站 -> 大坪林站 -> 十四張站 -> 秀朗橋站 -> 景平站 -> 景安站 -> 中和站 -> 橋和站 -> 中原站 -> 板新站
東湖站,板新站,4,4222,70.36666666666666,3,600,10.0,東湖站[BR] -> 南港軟體園區站[BR] -> 南港展覽館站[BR] -> 南港展覽館站[BL] -> 南港站[BL] -> 昆陽站[BL] -> 後山埤站[BL] -> 永春站[BL] -> 市政府站[BL] -> 國父紀念館站[BL] -> 忠孝敦化站[BL] -> 忠孝復興站[BL] -> 忠孝新生站[BL] -> 善導寺站[BL] -> 台北車站[BL] -> 西門站[BL] -> 西門站[G] -> 小南門站[G] -> 中正紀念堂站[G] -> 古亭站[G] -> 台電大樓站[G] -> 公館站[G] -> 萬隆站[G] -> 景美站[G] -> 大坪林站[G] -> 大坪林站[Y] -> 十四張站[Y] -> 秀朗橋站[Y] -> 景平站[Y] -> 景安站[Y] -> 中和站[Y] -> 橋和站[Y] -> 中原站[Y] -> 板新站[Y],東湖站 -> 南港軟體園區站 -> 南港展覽館站 -> 南港展覽館站 -> 南港站 -> 昆陽站 -> 後山埤站 -> 永春站 -> 市政府站 -> 國父紀念館站 -> 忠孝敦化站 -> 忠孝復興站 -> 忠孝新生站 -> 善導寺站 -> 台北車站 -> 西門站 -> 西門站 -> 小南門站 -> 中正紀念堂站 -> 古亭站 -> 台電大樓站 -> 公館站 -> 萬隆站 -> 景美站 -> 大坪林站 -> 大坪林站 -> 十四張站 -> 秀朗橋站 -> 景平站 -> 景安站 -> 中和站 -> 橋和站 -> 中原站 -> 板新站
東湖站,板新站,5,4409,73.48333333333333,2,480,8.0,東湖站[BR] -> 葫洲站[BR] -> 大湖公園站[BR] -> 內湖站[BR] -> 文德站[BR] -> 港墘站[BR] -> 西湖站[BR] -> 劍南路站[BR] -> 大直站[BR] -> 松山機場站[BR] -> 中山國中站[BR] -> 南京復興站[BR] -> 南京復興站[G] -> 松江南京站[G] -> 中山站[G] -> 北門站[G] -> 西門站[G] -> 小南門站[G] -> 中正紀念堂站[G] -> 古亭站[G] -> 台電大樓站[G] -> 公館站[G] -> 萬隆站[G] -> 景美站[G] -> 大坪林站[G] -> 大坪林站[Y] -> 十四張站[Y] -> 秀朗橋站[Y] -> 景平站[Y] -> 景安站[Y] -> 中和站[Y] -> 橋和站[Y] -> 中原站[Y] -> 板新站[Y],東湖站 -> 葫洲站 -> 大湖公園站 -> 內湖站 -> 文德站 -> 港墘站 -> 西湖站 -> 劍南路站 -> 大直站 -> 松山機場站 -> 中山國中站 -> 南京復興站 -> 南京復興站 -> 松江南京站 -> 中山站 -> 北門站 -> 西門站 -> 小南門站 -> 中正紀念堂站 -> 古亭站 -> 台電大樓站 -> 公館站 -> 萬隆站 -> 景美站 -> 大坪林站 -> 大坪林站 -> 十四張站 -> 秀朗橋站 -> 景平站 -> 景安站 -> 中和站 -> 橋和站 -> 中原站 -> 板新站
東湖站,橋和站,1,3233,53.88333333333333,3,780,13.0,東湖站[BR] -> 南港軟體園區站[BR] -> 南港展覽館站[BR] -> 南港展覽館站[BL] -> 南港站[BL] -> 昆陽站[BL] -> 後山埤站[BL] -> 永春站[BL] -> 市政府站[BL] -> 國父紀念館站[BL] -> 忠孝敦化站[BL] -> 忠孝復興站[BL] -> 忠孝新生站[BL] -> 忠孝新生站[O#4] -> 東門站[O#4] -> 古亭站[O#4] -> 頂溪站[O#4] -> 永安市場站[O#4] -> 景安站[O#4] -> 景安站[Y] -> 中和站[Y] -> 橋和站[Y],東湖站 -> 南港軟體園區站 -> 南港展覽館站 -> 南港展覽館站 -> 南港站 -> 昆陽站 -> 後山埤站 -> 永春站 -> 市政府站 -> 國父紀念館站 -> 忠孝敦化站 -> 忠孝復興站 -> 忠孝新生站 -> 忠孝新生站 -> 東門站 -> 古亭站 -> 頂溪站 -> 永安市場站 -> 景安站 -> 景安站 -> 中和站 -> 橋和站
東湖站,橋和站,2,3536,58.93333333333333,2,840,14.0,東湖站[BR] -> 南港軟體園區站[BR] -> 南港展覽館站[BR] -> 南港展覽館站[BL] -> 南港站[BL] -> 昆陽站[BL] -> 後山埤站[BL] -> 永春站[BL] -> 市政府站[BL] -> 國父紀念館站[BL] -> 忠孝敦化站[BL] -> 忠孝復興站[BL] -> 忠孝新生站[BL] -> 善導寺站[BL] -> 台北車站[BL] -> 西門站[BL] -> 龍山寺站[BL] -> 江子翠站[BL] -> 新埔站[BL] -> 新埔民生站[Y] -> 板橋站[Y] -> 板新站[Y] -> 中原站[Y] -> 橋和站[Y],東湖站 -> 南港軟體園區站 -> 南港展覽館站 -> 南港展覽館站 -> 南港站 -> 昆陽站 -> 後山埤站 -> 永春站 -> 市政府站 -> 國父紀念館站 -> 忠孝敦化站 -> 忠孝復興站 -> 忠孝新生站 -> 善導寺站 -> 台北車站 -> 西門站 -> 龍山寺站 -> 江子翠站 -> 新埔站 -> 新埔民生站 -> 板橋站 -> 板新站 -> 中原站 -> 橋和站
東湖站,橋和站,3,3805,63.41666666666666,4,720,12.0,東湖站[BR] -> 南港軟體園區站[BR] -> 南港展覽館站[BR] -> 南港展覽館站[BL] -> 南港站[BL] -> 昆陽站[BL] -> 後山埤站[BL] -> 永春站[BL] -> 市政府站[BL] -> 國父紀念館站[BL] -> 忠孝敦化站[BL] -> 忠孝復興站[BL] -> 忠孝新生站[BL] -> 忠孝新生站[O#4] -> 東門站[O#4] -> 古亭站[O#4] -> 古亭站[G] -> 台電大樓站[G] -> 公館站[G] -> 萬隆站[G] -> 景美站[G] -> 大坪林站[G] -> 大坪林站[Y] -> 十四張站[Y] -> 秀朗橋站[Y] -> 景平站[Y] -> 景安站[Y] -> 中和站[Y] -> 橋和站[Y],東湖站 -> 南港軟體園區站 -> 南港展覽館站 -> 南港展覽館站 -> 南港站 -> 昆陽站 -> 後山埤站 -> 永春站 -> 市政府站 -> 國父紀念館站 -> 忠孝敦化站 -> 忠孝復興站 -> 忠孝新生站 -> 忠孝新生站 -> 東門站 -> 古亭站 -> 古亭站 -> 台電大樓站 -> 公館站 -> 萬隆站 -> 景美站 -> 大坪林站 -> 大坪林站 -> 十四張站 -> 秀朗橋站 -> 景平站 -> 景安站 -> 中和站 -> 橋和站
東湖站,橋和站,4,3989,66.48333333333333,3,600,10.0,東湖站[BR] -> 南港軟體園區站[BR] -> 南港展覽館站[BR] -> 南港展覽館站[BL] -> 南港站[BL] -> 昆陽站[BL] -> 後山埤站[BL] -> 永春站[BL] -> 市政府站[BL] -> 國父紀念館站[BL] -> 忠孝敦化站[BL] -> 忠孝復興站[BL] -> 忠孝新生站[BL] -> 善導寺站[BL] -> 台北車站[BL] -> 西門站[BL] -> 西門站[G] -> 小南門站[G] -> 中正紀念堂站[G] -> 古亭站[G] -> 台電大樓站[G] -> 公館站[G] -> 萬隆站[G] -> 景美站[G] -> 大坪林站[G] -> 大坪林站[Y] -> 十四張站[Y] -> 秀朗橋站[Y] -> 景平站[Y] -> 景安站[Y] -> 中和站[Y] -> 橋和站[Y],東湖站 -> 南港軟體園區站 -> 南港展覽館站 -> 南港展覽館站 -> 南港站 -> 昆陽站 -> 後山埤站 -> 永春站 -> 市政府站 -> 國父紀念館站 -> 忠孝敦化站 -> 忠孝復興站 -> 忠孝新生站 -> 善導寺站 -> 台北車站 -> 西門站 -> 西門站 -> 小南門站 -> 中正紀念堂站 -> 古亭站 -> 台電大樓站 -> 公館站 -> 萬隆站 -> 景美站 -> 大坪林站 -> 大坪林站 -> 十四張站 -> 秀朗橋站 -> 景平站 -> 景安站 -> 中和站 -> 橋和站
東湖站,橋和站,5,4176,69.6,2,480,8.0,東湖站[BR] -> 葫洲站[BR] -> 大湖公園站[BR] -> 內湖站[BR] -> 文德站[BR] -> 港墘站[BR] -> 西湖站[BR] -> 劍南路站[BR] -> 大直站[BR] -> 松山機場站[BR] -> 中山國中站[BR] -> 南京復興站[BR] -> 南京復興站[G] -> 松江南京站[G] -> 中山站[G] -> 北門站[G] -> 西門站[G] -> 小南門站[G] -> 中正紀念堂站[G] -> 古亭站[G] -> 台電大樓站[G] -> 公館站[G] -> 萬隆站[G] -> 景美站[G] -> 大坪林站[G] -> 大坪林站[Y] -> 十四張站[Y] -> 秀朗橋站[Y] -> 景平站[Y] -> 景安站[Y] -> 中和站[Y] -> 橋和站[Y],東湖站 -> 葫洲站 -> 大湖公園站 -> 內湖站 -> 文德站 -> 港墘站 -> 西湖站 -> 劍南路站 -> 大直站 -> 松山機場站 -> 中山國中站 -> 南京復興站 -> 南京復興站 -> 松江南京站 -> 中山站 -> 北門站 -> 西門站 -> 小南門站 -> 中正紀念堂站 -> 古亭站 -> 台電大樓站 -> 公館站 -> 萬隆站 -> 景美站 -> 大坪林站 -> 大坪林站 -> 十四張站 -> 秀朗橋站 -> 景平站 -> 景安站 -> 中和站 -> 橋和站
板新站,中山站,1,1772,29.53333333333333,2,660,11.0,板新站[Y] -> 板橋站[Y] -> 新埔民生站[Y] -> 新埔站[BL] -> 江子翠站[BL] -> 龍山寺站[BL] -> 西門站[BL] -> 西門站[G] -> 北門站[G] -> 中山站[G],板新站 -> 板橋站 -> 新埔民生站 -> 新埔站 -> 江子翠站 -> 龍山寺站 -> 西門站 -> 西門站 -> 北門站 -> 中山站
板新站,中山站,2,2055,34.25,2,540,9.0,板新站[Y] -> 板橋站[Y] -> 新埔民生站[Y] -> 頭前庄站[Y] -> 頭前庄站[O] -> 先嗇宮站[O] -> 三重站[O] -> 菜寮站[O] -> 台北橋站[O] -> 大橋頭站[O#4] -> 民權西路站[O#4] -> 民權西路站[R] -> 雙連站[R] -> 中山站[R],板新站 -> 板橋站 -> 新埔民生站 -> 頭前庄站 -> 頭前庄站 -> 先嗇宮站 -> 三重站 -> 菜寮站 -> 台北橋站 -> 大橋頭站 -> 民權西路站 -> 民權西路站 -> 雙連站 -> 中山站
板新站,中山站,3,2110,35.166666666666664,2,480,8.0,板新站[Y] -> 中原站[Y] -> 橋和站[Y] -> 中和站[Y] -> 景安站[Y] -> 景安站[O#4] -> 永安市場站[O#4] -> 頂溪站[O#4] -> 古亭站[O#4] -> 古亭站[G] -> 中正紀念堂站[G] -> 小南門站[G] -> 西門站[G] -> 北門站[G] -> 中山站[G],板新站 -> 中原站 -> 橋和站 -> 中和站 -> 景安站 -> 景安站 -> 永安市場站 -> 頂溪站 -> 古亭站 -> 古亭站 -> 中正紀念堂站 -> 小南門站 -> 西門站 -> 北門站 -> 中山站
板新站,中山站,4,2430,40.5,2,300,5.0,板新站[Y] -> 中原站[Y] -> 橋和站[Y] -> 中和站[Y] -> 景安站[Y] -> 景平站[Y] -> 秀朗橋站[Y] -> 十四張站[Y] -> 大坪林站[Y] -> 大坪林站[G] -> 景美站[G] -> 萬隆站[G] -> 公館站[G] -> 台電大樓站[G] -> 古亭站[G] -> 中正紀念堂站[G] -> 中正紀念堂站[R] -> 台大醫院站[R] -> 台北車站[R] -> 中山站[R],板新站 -> 中原站 -> 橋和站 -> 中和站 -> 景安站 -> 景平站 -> 秀朗橋站 -> 十四張站 -> 大坪林站 -> 大坪林站 -> 景美站 -> 萬隆站 -> 公館站 -> 台電大樓站 -> 古亭站 -> 中正紀念堂站 -> 中正紀念堂站 -> 台大醫院站 -> 台北車站 -> 中山站
板新站,中山站,5,2476,41.266666666666666,1,180,3.0,板新站[Y] -> 中原站[Y] -> 橋和站[Y] -> 中和站[Y] -> 景安站[Y] -> 景平站[Y] -> 秀朗橋站[Y] -> 十四張站[Y] -> 大坪林站[Y] -> 大坪林站[G] -> 景美站[G] -> 萬隆站[G] -> 公館站[G] -> 台電大樓站[G] -> 古亭站[G] -> 中正紀念堂站[G] -> 小南門站[G] -> 西門站[G] -> 北門站[G] -> 中山站[G],板新站 -> 中原站 -> 橋和站 -> 中和站 -> 景安站 -> 景平站 -> 秀朗橋站 -> 十四張站 -> 大坪林站 -> 大坪林站 -> 景美站 -> 萬隆站 -> 公館站 -> 台電大樓站 -> 古亭站 -> 中正紀念堂站 -> 小南門站 -> 西門站 -> 北門站 -> 中山站
板新站,南港軟體園區站,1,3196,53.266666666666666,2,840,14.0,板新站[Y] -> 板橋站[Y] -> 新埔民生站[Y] -> 新埔站[BL] -> 江子翠站[BL] -> 龍山寺站[BL] -> 西門站[BL] -> 台北車站[BL] -> 善導寺站[BL] -> 忠孝新生站[BL] -> 忠孝復興站[BL] -> 忠孝敦化站[BL] -> 國父紀念館站[BL] -> 市政府站[BL] -> 永春站[BL] -> 後山埤站[BL] -> 昆陽站[BL] -> 南港站[BL] -> 南港展覽館站[BL] -> 南港展覽館站[BR] -> 南港軟體園區站[BR],板新站 -> 板橋站 -> 新埔民生站 -> 新埔站 -> 江子翠站 -> 龍山寺站 -> 西門站 -> 台北車站 -> 善導寺站 -> 忠孝新生站 -> 忠孝復興站 -> 忠孝敦化站 -> 國父紀念館站 -> 市政府站 -> 永春站 -> 後山埤站 -> 昆陽站 -> 南港站 -> 南港展覽館站 -> 南港展覽館站 -> 南港軟體園區站
板新站,南港軟體園區站,2,3351,55.85,3,780,13.0,板新站[Y] -> 中原站[Y] -> 橋和站[Y] -> 中和站[Y] -> 景安站[Y] -> 景安站[O#4] -> 永安市場站[O#4] -> 頂溪站[O#4] -> 古亭站[O#4] -> 東門站[O#4] -> 忠孝新生站[O#4] -> 忠孝新生站[BL] -> 忠孝復興站[BL] -> 忠孝敦化站[BL] -> 國父紀念館站[BL] -> 市政府站[BL] -> 永春站[BL] -> 後山埤站[BL] -> 昆陽站[BL] -> 南港站[BL] -> 南港展覽館站[BL] -> 南港展覽館站[BR] -> 南港軟體園區站[BR],板新站 -> 中原站 -> 橋和站 -> 中和站 -> 景安站 -> 景安站 -> 永安市場站 -> 頂溪站 -> 古亭站 -> 東門站 -> 忠孝新生站 -> 忠孝新生站 -> 忠孝復興站 -> 忠孝敦化站 -> 國父紀念館站 -> 市政府站 -> 永春站 -> 後山埤站 -> 昆陽站 -> 南港站 -> 南港展覽館站 -> 南港展覽館站 -> 南港軟體園區站
板新站,南港軟體園區站,3,3957,65.95,4,720,12.0,板新站[Y] -> 中原站[Y] -> 橋和站[Y] -> 中和站[Y] -> 景安站[Y] -> 景平站[Y] -> 秀朗橋站[Y] -> 十四張站[Y] -> 大坪林站[Y] -> 大坪林站[G] -> 景美站[G] -> 萬隆站[G] -> 公館站[G] -> 台電大樓站[G] -> 古亭站[G] -> 古亭站[O#4] -> 東門站[O#4] -> 忠孝新生站[O#4] -> 忠孝新生站[BL] -> 忠孝復興站[BL] -> 忠孝敦化站[BL] -> 國父紀念館站[BL] -> 市政府站[BL] -> 永春站[BL] -> 後山埤站[BL] -> 昆陽站[BL] -> 南港站[BL] -> 南港展覽館站[BL] -> 南港展覽館站[BR] -> 南港軟體園區站[BR],板新站 -> 中原站 -> 橋和站 -> 中和站 -> 景安站 -> 景平站 -> 秀朗橋站 -> 十四張站 -> 大坪林站 -> 大坪林站 -> 景美站 -> 萬隆站 -> 公館站 -> 台電大樓站 -> 古亭站 -> 古亭站 -> 東門站 -> 忠孝新生站 -> 忠孝新生站 -> 忠孝復興站 -> 忠孝敦化站 -> 國父紀念館站 -> 市政府站 -> 永春站 -> 後山埤站 -> 昆陽站 -> 南港站 -> 南港展覽館站 -> 南港展覽館站 -> 南港軟體園區站
板新站,南港軟體園區站,4,4140,69.0,3,600,10.0,板新站[Y] -> 中原站[Y] -> 橋和站[Y] -> 中和站[Y] -> 景安站[Y] -> 景平站[Y] -> 秀朗橋站[Y] -> 十四張站[Y] -> 大坪林站[Y] -> 大坪林站[G] -> 景美站[G] -> 萬隆站[G] -> 公館站[G] -> 台電大樓站[G] -> 古亭站[G] -> 中正紀念堂站[G] -> 小南門站[G] -> 西門站[G] -> 西門站[BL] -> 台北車站[BL] -> 善導寺站[BL] -> 忠孝新生站[BL] -> 忠孝復興站[BL] -> 忠孝敦化站[BL] -> 國父紀念館站[BL] -> 市政府站[BL] -> 永春站[BL] -> 後山埤站[BL] -> 昆陽站[BL] -> 南港站[BL] -> 南港展覽館站[BL] -> 南港展覽館站[BR] -> 南港軟體園區站[BR],板新站 -> 中原站 -> 橋和站 -> 中和站 -> 景安站 -> 景平站 -> 秀朗橋站 -> 十四張站 -> 大坪林站 -> 大坪林站 -> 景美站 -> 萬隆站 -> 公館站 -> 台電大樓站 -> 古亭站 -> 中正紀念堂站 -> 小南門站 -> 西門站 -> 西門站 -> 台北車站 -> 善導寺站 -> 忠孝新生站 -> 忠孝復興站 -> 忠孝敦化站 -> 國父紀念館站 -> 市政府站 -> 永春站 -> 後山埤站 -> 昆陽站 -> 南港站 -> 南港展覽館站 -> 南港展覽館站 -> 南港軟體園區站
板新站,南港軟體園區站,5,4548,75.8,2,480,8.0,板新站[Y] -> 中原站[Y] -> 橋和站[Y] -> 中和站[Y] -> 景安站[Y] -> 景平站[Y] -> 秀朗橋站[Y] -> 十四張站[Y] -> 大坪林站[Y] -> 大坪林站[G] -> 景美站[G] -> 萬隆站[G] -> 公館站[G] -> 台電大樓站[G] -> 古亭站[G] -> 中正紀念堂站[G] -> 小南門站[G] -> 西門站[G] -> 北門站[G] -> 中山站[G] -> 松江南京站[G] -> 南京復興站[G] -> 南京復興站[BR] -> 中山國中站[BR] -> 松山機場站[BR] -> 大直站[BR] -> 劍南路站[BR] -> 西湖站[BR] -> 港墘站[BR] -> 文德站[BR] -> 內湖站[BR] -> 大湖公園站[BR] -> 葫洲站[BR] -> 東湖站[BR] -> 南港軟體園區站[BR],板新站 -> 中原站 -> 橋和站 -> 中和站 -> 景安站 -> 景平站 -> 秀朗橋站 -> 十四張站 -> 大坪林站 -> 大坪林站 -> 景美站 -> 萬隆站 -> 公館站 -> 台電大樓站 -> 古亭站 -> 中正紀念堂站 -> 小南門站 -> 西門站 -> 北門站 -> 中山站 -> 松江南京站 -> 南京復興站 -> 南京復興站 -> 中山國中站 -> 松山機場站 -> 大直站 -> 劍南路站 -> 西湖站 -> 港墘站 -> 文德站 -> 內湖站 -> 大湖公園站 -> 葫洲站 -> 東湖站 -> 南港軟體園區站
板新站,東湖站,1,3306,55.1,2,840,14.0,板新站[Y] -> 板橋站[Y] -> 新埔民生站[Y] -> 新埔站[BL] -> 江子翠站[BL] -> 龍山寺站[BL] -> 西門站[BL] -> 台北車站[BL] -> 善導寺站[BL] -> 忠孝新生站[BL] -> 忠孝復興站[BL] -> 忠孝敦化站[BL] -> 國父紀念館站[BL] -> 市政府站[BL] -> 永春站[BL] -> 後山埤站[BL] -> 昆陽站[BL] -> 南港站[BL] -> 南港展覽館站[BL] -> 南港展覽館站[BR] -> 南港軟體園區站[BR] -> 東湖站[BR],板新站 -> 板橋站 -> 新埔民生站 -> 新埔站 -> 江子翠站 -> 龍山寺站 -> 西門站 -> 台北車站 -> 善導寺站 -> 忠孝新生站 -> 忠孝復興站 -> 忠孝敦化站 -> 國父紀念館站 -> 市政府站 -> 永春站 -> 後山埤站 -> 昆陽站 -> 南港站 -> 南港展覽館站 -> 南港展覽館站 -> 南港軟體園區站 -> 東湖站
板新站,東湖站,2,3461,57.68333333333333,3,780,13.0,板新站[Y] -> 中原站[Y] -> 橋和站[Y] -> 中和站[Y] -> 景安站[Y] -> 景安站[O#4] -> 永安市場站[O#4] -> 頂溪站[O#4] -> 古亭站[O#4] -> 東門站[O#4] -> 忠孝新生站[O#4] -> 忠孝新生站[BL] -> 忠孝復興站[BL] -> 忠孝敦化站[BL] -> 國父紀念館站[BL] -> 市政府站[BL] -> 永春站[BL] -> 後山埤站[BL] -> 昆陽站[BL] -> 南港站[BL] -> 南港展覽館站[BL] -> 南港展覽館站[BR] -> 南港軟體園區站[BR] -> 東湖站[BR],板新站 -> 中原站 -> 橋和站 -> 中和站 -> 景安站 -> 景安站 -> 永安市場站 -> 頂溪站 -> 古亭站 -> 東門站 -> 忠孝新生站 -> 忠孝新生站 -> 忠孝復興站 -> 忠孝敦化站 -> 國父紀念館站 -> 市政府站 -> 永春站 -> 後山埤站 -> 昆陽站 -> 南港站 -> 南港展覽館站 -> 南港展覽館站 -> 南港軟體園區站 -> 東湖站
板新站,東湖站,3,4067,67.78333333333333,4,720,12.0,板新站[Y] -> 中原站[Y] -> 橋和站[Y] -> 中和站[Y] -> 景安站[Y] -> 景平站[Y] -> 秀朗橋站[Y] -> 十四張站[Y] -> 大坪林站[Y] -> 大坪林站[G] -> 景美站[G] -> 萬隆站[G] -> 公館站[G] -> 台電大樓站[G] -> 古亭站[G] -> 古亭站[O#4] -> 東門站[O#4] -> 忠孝新生站[O#4] -> 忠孝新生站[BL] -> 忠孝復興站[BL] -> 忠孝敦化站[BL] -> 國父紀念館站[BL] -> 市政府站[BL] -> 永春站[BL] -> 後山埤站[BL] -> 昆陽站[BL] -> 南港站[BL] -> 南港展覽館站[BL] -> 南港展覽館站[BR] -> 南港軟體園區站[BR] -> 東湖站[BR],板新站 -> 中原站 -> 橋和站 -> 中和站 -> 景安站 -> 景平站 -> 秀朗橋站 -> 十四張站 -> 大坪林站 -> 大坪林站 -> 景美站 -> 萬隆站 -> 公館站 -> 台電大樓站 -> 古亭站 -> 古亭站 -> 東門站 -> 忠孝新生站 -> 忠孝新生站 -> 忠孝復興站 -> 忠孝敦化站 -> 國父紀念館站 -> 市政府站 -> 永春站 -> 後山埤站 -> 昆陽站 -> 南港站 -> 南港展覽館站 -> 南港展覽館站 -> 南港軟體園區站 -> 東湖站
板新站,東湖站,4,4250,70.83333333333333,3,600,10.0,板新站[Y] -> 中原站[Y] -> 橋和站[Y] -> 中和站[Y] -> 景安站[Y] -> 景平站[Y] -> 秀朗橋站[Y] -> 十四張站[Y] -> 大坪林站[Y] -> 大坪林站[G] -> 景美站[G] -> 萬隆站[G] -> 公館站[G] -> 台電大樓站[G] -> 古亭站[G] -> 中正紀念堂站[G] -> 小南門站[G] -> 西門站[G] -> 西門站[BL] -> 台北車站[BL] -> 善導寺站[BL] -> 忠孝新生站[BL] -> 忠孝復興站[BL] -> 忠孝敦化站[BL] -> 國父紀念館站[BL] -> 市政府站[BL] -> 永春站[BL] -> 後山埤站[BL] -> 昆陽站[BL] -> 南港站[BL] -> 南港展覽館站[BL] -> 南港展覽館站[BR] -> 南港軟體園區站[BR] -> 東湖站[BR],板新站 -> 中原站 -> 橋和站 -> 中和站 -> 景安站 -> 景平站 -> 秀朗橋站 -> 十四張站 -> 大坪林站 -> 大坪林站 -> 景美站 -> 萬隆站 -> 公館站 -> 台電大樓站 -> 古亭站 -> 中正紀念堂站 -> 小南門站 -> 西門站 -> 西門站 -> 台北車站 -> 善導寺站 -> 忠孝新生站 -> 忠孝復興站 -> 忠孝敦化站 -> 國父紀念館站 -> 市政府站 -> 永春站 -> 後山埤站 -> 昆陽站 -> 南港站 -> 南港展覽館站 -> 南港展覽館站 -> 南港軟體園區站 -> 東湖站
板新站,東湖站,5,4438,73.96666666666667,2,480,8.0,板新站[Y] -> 中原站[Y] -> 橋和站[Y] -> 中和站[Y] -> 景安站[Y] -> 景平站[Y] -> 秀朗橋站[Y] -> 十四張站[Y] -> 大坪林站[Y] -> 大坪林站[G] -> 景美站[G] -> 萬隆站[G] -> 公館站[G] -> 台電大樓站[G] -> 古亭站[G] -> 中正紀念堂站[G] -> 小南門站[G] -> 西門站[G] -> 北門站[G] -> 中山站[G] -> 松江南京站[G] -> 南京復興站[G] -> 南京復興站[BR] -> 中山國中站[BR] -> 松山機場站[BR] -> 大直站[BR] -> 劍南路站[BR] -> 西湖站[BR] -> 港墘站[BR] -> 文德站[BR] -> 內湖站[BR] -> 大湖公園站[BR] -> 葫洲站[BR] -> 東湖站[BR],板新站 -> 中原站 -> 橋和站 -> 中和站 -> 景安站 -> 景平站 -> 秀朗橋站 -> 十四張站 -> 大坪林站 -> 大坪林站 -> 景美站 -> 萬隆站 -> 公館站 -> 台電大樓站 -> 古亭站 -> 中正紀念堂站 -> 小南門站 -> 西門站 -> 北門站 -> 中山站 -> 松江南京站 -> 南京復興站 -> 南京復興站 -> 中山國中站 -> 松山機場站 -> 大直站 -> 劍南路站 -> 西湖站 -> 港墘站 -> 文德站 -> 內湖站 -> 大湖公園站 -> 葫洲站 -> 東湖站
橋和站,南港軟體園區站,1,3118,51.96666666666667,3,780,13.0,橋和站[Y] -> 中和站[Y] -> 景安站[Y] -> 景安站[O#4] -> 永安市場站[O#4] -> 頂溪站[O#4] -> 古亭站[O#4] -> 東門站[O#4] -> 忠孝新生站[O#4] -> 忠孝新生站[BL] -> 忠孝復興站[BL] -> 忠孝敦化站[BL] -> 國父紀念館站[BL] -> 市政府站[BL] -> 永春站[BL] -> 後山埤站[BL] -> 昆陽站[BL] -> 南港站[BL] -> 南港展覽館站[BL] -> 南港展覽館站[BR] -> 南港軟體園區站[BR],橋和站 -> 中和站 -> 景安站 -> 景安站 -> 永安市場站 -> 頂溪站 -> 古亭站 -> 東門站 -> 忠孝新生站 -> 忠孝新生站 -> 忠孝復興站 -> 忠孝敦化站 -> 國父紀念館站 -> 市政府站 -> 永春站 -> 後山埤站 -> 昆陽站 -> 南港站 -> 南港展覽館站 -> 南港展覽館站 -> 南港軟體園區站
橋和站,南港軟體園區站,2,3429,57.15,2,840,14.0,橋和站[Y] -> 中原站[Y] -> 板新站[Y] -> 板橋站[Y] -> 新埔民生站[Y] -> 新埔站[BL] -> 江子翠站[BL] -> 龍山寺站[BL] -> 西門站[BL] -> 台北車站[BL] -> 善導寺站[BL] -> 忠孝新生站[BL] -> 忠孝復興站[BL] -> 忠孝敦化站[BL] -> 國父紀念館站[BL] -> 市政府站[BL] -> 永春站[BL] -> 後山埤站[BL] -> 昆陽站[BL] -> 南港站[BL] -> 南港展覽館站[BL] -> 南港展覽館站[BR] -> 南港軟體園區站[BR],橋和站 -> 中原站 -> 板新站 -> 板橋站 -> 新埔民生站 -> 新埔站 -> 江子翠站 -> 龍山寺站 -> 西門站 -> 台北車站 -> 善導寺站 -> 忠孝新生站 -> 忠孝復興站 -> 忠孝敦化站 -> 國父紀念館站 -> 市政府站 -> 永春站 -> 後山埤站 -> 昆陽站 -> 南港站 -> 南港展覽館站 -> 南港展覽館站 -> 南港軟體園區站
橋和站,南港軟體園區站,3,3724,62.06666666666667,4,720,12.0,橋和站[Y] -> 中和站[Y] -> 景安站[Y] -> 景平站[Y] -> 秀朗橋站[Y] -> 十四張站[Y] -> 大坪林站[Y] -> 大坪林站[G] -> 景美站[G] -> 萬隆站[G] -> 公館站[G] -> 台電大樓站[G] -> 古亭站[G] -> 古亭站[O#4] -> 東門站[O#4] -> 忠孝新生站[O#4] -> 忠孝新生站[BL] -> 忠孝復興站[BL] -> 忠孝敦化站[BL] -> 國父紀念館站[BL] -> 市政府站[BL] -> 永春站[BL] -> 後山埤站[BL] -> 昆陽站[BL] -> 南港站[BL] -> 南港展覽館站[BL] -> 南港展覽館站[BR] -> 南港軟體園區站[BR],橋和站 -> 中和站 -> 景安站 -> 景平站 -> 秀朗橋站 -> 十四張站 -> 大坪林站 -> 大坪林站 -> 景美站 -> 萬隆站 -> 公館站 -> 台電大樓站 -> 古亭站 -> 古亭站 -> 東門站 -> 忠孝新生站 -> 忠孝新生站 -> 忠孝復興站 -> 忠孝敦化站 -> 國父紀念館站 -> 市政府站 -> 永春站 -> 後山埤站 -> 昆陽站 -> 南港站 -> 南港展覽館站 -> 南港展覽館站 -> 南港軟體園區站
橋和站,南港軟體園區站,4,3907,65.11666666666666,3,600,10.0,橋和站[Y] -> 中和站[Y] -> 景安站[Y] -> 景平站[Y] -> 秀朗橋站[Y] -> 十四張站[Y] -> 大坪林站[Y] -> 大坪林站[G] -> 景美站[G] -> 萬隆站[G] -> 公館站[G] -> 台電大樓站[G] -> 古亭站[G] -> 中正紀念堂站[G] -> 小南門站[G] -> 西門站[G] -> 西門站[BL] -> 台北車站[BL] -> 善導寺站[BL] -> 忠孝新生站[BL] -> 忠孝復興站[BL] -> 忠孝敦化站[BL] -> 國父紀念館站[BL] -> 市政府站[BL] -> 永春站[BL] -> 後山埤站[BL] -> 昆陽站[BL] -> 南港站[BL] -> 南港展覽館站[BL] -> 南港展覽館站[BR] -> 南港軟體園區站[BR],橋和站 -> 中和站 -> 景安站 -> 景平站 -> 秀朗橋站 -> 十四張站 -> 大坪林站 -> 大坪林站 -> 景美站 -> 萬隆站 -> 公館站 -> 台電大樓站 -> 古亭站 -> 中正紀念堂站 -> 小南門站 -> 西門站 -> 西門站 -> 台北車站 -> 善導寺站 -> 忠孝新生站 -> 忠孝復興站 -> 忠孝敦化站 -> 國父紀念館站 -> 市政府站 -> 永春站 -> 後山埤站 -> 昆陽站 -> 南港站 -> 南港展覽館站 -> 南港展覽館站 -> 南港軟體園區站
橋和站,南港軟體園區站,5,4315,71.91666666666667,2,480,8.0,橋和站[Y] -> 中和站[Y] -> 景安站[Y] -> 景平站[Y] -> 秀朗橋站[Y] -> 十四張站[Y] -> 大坪林站[Y] -> 大坪林站[G] -> 景美站[G] -> 萬隆站[G] -> 公館站[G] -> 台電大樓站[G] -> 古亭站[G] -> 中正紀念堂站[G] -> 小南門站[G] -> 西門站[G] -> 北門站[G] -> 中山站[G] -> 松江南京站[G] -> 南京復興站[G] -> 南京復興站[BR] -> 中山國中站[BR] -> 松山機場站[BR] -> 大直站[BR] -> 劍南路站[BR] -> 西湖站[BR] -> 港墘站[BR] -> 文德站[BR] -> 內湖站[BR] -> 大湖公園站[BR] -> 葫洲站[BR] -> 東湖站[BR] -> 南港軟體園區站[BR],橋和站 -> 中和站 -> 景安站 -> 景平站 -> 秀朗橋站 -> 十四張站 -> 大坪林站 -> 大坪林站 -> 景美站 -> 萬隆站 -> 公館站 -> 台電大樓站 -> 古亭站 -> 中正紀念堂站 -> 小南門站 -> 西門站 -> 北門站 -> 中山站 -> 松江南京站 -> 南京復興站 -> 南京復興站 -> 中山國中站 -> 松山機場站 -> 大直站 -> 劍南路站 -> 西湖站 -> 港墘站 -> 文德站 -> 內湖站 -> 大湖公園站 -> 葫洲站 -> 東湖站 -> 南港軟體園區站
橋和站,東湖站,1,3228,53.8,3,780,13.0,橋和站[Y] -> 中和站[Y] -> 景安站[Y] -> 景安站[O#4] -> 永安市場站[O#4] -> 頂溪站[O#4] -> 古亭站[O#4] -> 東門站[O#4] -> 忠孝新生站[O#4] -> 忠孝新生站[BL] -> 忠孝復興站[BL] -> 忠孝敦化站[BL] -> 國父紀念館站[BL] -> 市政府站[BL] -> 永春站[BL] -> 後山埤站[BL] -> 昆陽站[BL] -> 南港站[BL] -> 南港展覽館站[BL] -> 南港展覽館站[BR] -> 南港軟體園區站[BR] -> 東湖站[BR],橋和站 -> 中和站 -> 景安站 -> 景安站 -> 永安市場站 -> 頂溪站 -> 古亭站 -> 東門站 -> 忠孝新生站 -> 忠孝新生站 -> 忠孝復興站 -> 忠孝敦化站 -> 國父紀念館站 -> 市政府站 -> 永春站 -> 後山埤站 -> 昆陽站 -> 南港站 -> 南港展覽館站 -> 南港展覽館站 -> 南港軟體園區站 -> 東湖站
橋和站,東湖站,2,3539,58.98333333333333,2,840,14.0,橋和站[Y] -> 中原站[Y] -> 板新站[Y] -> 板橋站[Y] -> 新埔民生站[Y] -> 新埔站[BL] -> 江子翠站[BL] -> 龍山寺站[BL] -> 西門站[BL] -> 台北車站[BL] -> 善導寺站[BL] -> 忠孝新生站[BL] -> 忠孝復興站[BL] -> 忠孝敦化站[BL] -> 國父紀念館站[BL] -> 市政府站[BL] -> 永春站[BL] -> 後山埤站[BL] -> 昆陽站[BL] -> 南港站[BL] -> 南港展覽館站[BL] -> 南港展覽館站[BR] -> 南港軟體園區站[BR] -> 東湖站[BR],橋和站 -> 中原站 -> 板新站 -> 板橋站 -> 新埔民生站 -> 新埔站 -> 江子翠站 -> 龍山寺站 -> 西門站 -> 台北車站 -> 善導寺站 -> 忠孝新生站 -> 忠孝復興站 -> 忠孝敦化站 -> 國父紀念館站 -> 市政府站 -> 永春站 -> 後山埤站 -> 昆陽站 -> 南港站 -> 南港展覽館站 -> 南港展覽館站 -> 南港軟體園區站 -> 東湖站
橋和站,東湖站,3,3834,63.9,4,720,12.0,橋和站[Y] -> 中和站[Y] -> 景安站[Y] -> 景平站[Y] -> 秀朗橋站[Y] -> 十四張站[Y] -> 大坪林站[Y] -> 大坪林站[G] -> 景美站[G] -> 萬隆站[G] -> 公館站[G] -> 台電大樓站[G] -> 古亭站[G] -> 古亭站[O#4] -> 東門站[O#4] -> 忠孝新生站[O#4] -> 忠孝新生站[BL] -> 忠孝復興站[BL] -> 忠孝敦化站[BL] -> 國父紀念館站[BL] -> 市政府站[BL] -> 永春站[BL] -> 後山埤站[BL] -> 昆陽站[BL] -> 南港站[BL] -> 南港展覽館站[BL] -> 南港展覽館站[BR] -> 南港軟體園區站[BR] -> 東湖站[BR],橋和站 -> 中和站 -> 景安站 -> 景平站 -> 秀朗橋站 -> 十四張站 -> 大坪林站 -> 大坪林站 -> 景美站 -> 萬隆站 -> 公館站 -> 台電大樓站 -> 古亭站 -> 古亭站 -> 東門站 -> 忠孝新生站 -> 忠孝新生站 -> 忠孝復興站 -> 忠孝敦化站 -> 國父紀念館站 -> 市政府站 -> 永春站 -> 後山埤站 -> 昆陽站 -> 南港站 -> 南港展覽館站 -> 南港展覽館站 -> 南港軟體園區站 -> 東湖站
橋和站,東湖站,4,4017,66.95,3,600,10.0,橋和站[Y] -> 中和站[Y] -> 景安站[Y] -> 景平站[Y] -> 秀朗橋站[Y] -> 十四張站[Y] -> 大坪林站[Y] -> 大坪林站[G] -> 景美站[G] -> 萬隆站[G] -> 公館站[G] -> 台電大樓站[G] -> 古亭站[G] -> 中正紀念堂站[G] -> 小南門站[G] -> 西門站[G] -> 西門站[BL] -> 台北車站[BL] -> 善導寺站[BL] -> 忠孝新生站[BL] -> 忠孝復興站[BL] -> 忠孝敦化站[BL] -> 國父紀念館站[BL] -> 市政府站[BL] -> 永春站[BL] -> 後山埤站[BL] -> 昆陽站[BL] -> 南港站[BL] -> 南港展覽館站[BL] -> 南港展覽館站[BR] -> 南港軟體園區站[BR] -> 東湖站[BR],橋和站 -> 中和站 -> 景安站 -> 景平站 -> 秀朗橋站 -> 十四張站 -> 大坪林站 -> 大坪林站 -> 景美站 -> 萬隆站 -> 公館站 -> 台電大樓站 -> 古亭站 -> 中正紀念堂站 -> 小南門站 -> 西門站 -> 西門站 -> 台北車站 -> 善導寺站 -> 忠孝新生站 -> 忠孝復興站 -> 忠孝敦化站 -> 國父紀念館站 -> 市政府站 -> 永春站 -> 後山埤站 -> 昆陽站 -> 南港站 -> 南港展覽館站 -> 南港展覽館站 -> 南港軟體園區站 -> 東湖站
橋和站,東湖站,5,4205,70.08333333333333,2,480,8.0,橋和站[Y] -> 中和站[Y] -> 景安站[Y] -> 景平站[Y] -> 秀朗橋站[Y] -> 十四張站[Y] -> 大坪林站[Y] -> 大坪林站[G] -> 景美站[G] -> 萬隆站[G] -> 公館站[G] -> 台電大樓站[G] -> 古亭站[G] -> 中正紀念堂站[G] -> 小南門站[G] -> 西門站[G] -> 北門站[G] -> 中山站[G] -> 松江南京站[G] -> 南京復興站[G] -> 南京復興站[BR] -> 中山國中站[BR] -> 松山機場站[BR] -> 大直站[BR] -> 劍南路站[BR] -> 西湖站[BR] -> 港墘站[BR] -> 文德站[BR] -> 內湖站[BR] -> 大湖公園站[BR] -> 葫洲站[BR] -> 東湖站[BR],橋和站 -> 中和站 -> 景安站 -> 景平站 -> 秀朗橋站 -> 十四張站 -> 大坪林站 -> 大坪林站 -> 景美站 -> 萬隆站 -> 公館站 -> 台電大樓站 -> 古亭站 -> 中正紀念堂站 -> 小南門站 -> 西門站 -> 北門站 -> 中山站 -> 松江南京站 -> 南京復興站 -> 南京復興站 -> 中山國中站 -> 松山機場站 -> 大直站 -> 劍南路站 -> 西湖站 -> 港墘站 -> 文德站 -> 內湖站 -> 大湖公園站 -> 葫洲站 -> 東湖站
