origin,generated_labels,kept_labels,pruned_labels,dominance_checks,max_labels_per_node,runtime_seconds
七張站,657,372,285,578,3,0.0027972999960184097
三和國中站,730,408,322,725,3,0.0031570999999530613
三民高中站,730,408,322,725,3,0.0030777999782003462
三重國小站,730,408,322,725,3,0.003060000017285347
三重站,729,410,319,730,3,0.0030814000056125224
中原站,1275,712,563,2466,5,0.007138899993151426
中和站,1291,729,562,2617,5,0.007529700000304729
中山國中站,622,351,271,508,3,0.0024739000073168427
中山國小站,611,342,269,453,2,0.002356200013309717
中山站,844,461,383,1137,5,0.004030300013255328
中正紀念堂站,718,398,320,783,4,0.0031353000085800886
丹鳳站,769,432,337,847,3,0.003385700023500249
亞東醫院站,740,413,327,869,4,0.0033349999866914004
信義安和站,714,396,318,777,4,0.00312619999749586
先嗇宮站,735,415,320,749,3,0.003149299998767674
內湖站,622,350,272,507,3,0.002420200005872175
公館站,642,366,276,536,3,0.0025568999990355223
六張犁站,716,401,315,774,4,0.0030839999963063747
劍南路站,622,350,272,507,3,0.0025424000050406903
劍潭站,837,451,386,988,4,0.0037650000012945384
動物園站,716,401,315,774,4,0.003116000007139519
北投站,838,451,387,989,4,0.0037558000185526907
北門站,679,379,300,616,3,0.0028037999873049557
十四張站,874,484,390,1217,4,0.0042532999941613525
南京三民站,715,402,313,741,4,0.003205800021532923
南京復興站,761,419,342,874,4,0.0048018999805208296
南勢角站,734,419,315,784,3,0.0032580999832134694
南港展覽館站,786,440,346,1042,4,0.0037794999952893704
南港站,720,403,317,855,4,0.0032512000179849565
南港軟體園區站,949,532,417,1558,5,0.006004100025165826
古亭站,633,360,273,517,3,0.002532899990910664
台北101/世貿站,714,396,318,777,4,0.003100700007053092
台北小巨蛋站,715,402,313,741,4,0.0030513999809045345
台北橋站,704,395,309,643,3,0.00309209999977611
台北車站,698,382,316,685,4,0.002985300001455471
台大醫院站,776,423,353,885,5,0.0035700000007636845
台電大樓站,680,383,297,622,3,0.002818800014210865
唭哩岸站,837,451,386,988,4,0.003978900000220165
善導寺站,621,346,275,528,3,0.0025934000150300562
國父紀念館站,720,403,317,855,4,0.003359099995577708
圓山站,837,451,386,988,4,0.0038372999988496304
土城站,740,413,327,869,4,0.0035659999994095415
士林站,837,451,386,988,4,0.0037628000136464834
大坪林站,666,374,292,597,3,0.002724799996940419
大安森林公園站,671,373,298,619,4,0.0027895999955944717
大安站,785,426,359,1011,5,0.0037302999990060925
大橋頭站,705,395,310,644,3,0.0029209000058472157
大湖公園站,622,350,272,507,3,0.00241650000680238
大直站,622,350,272,507,3,0.0024440000124741346
奇岩站,837,451,386,988,4,0.003782700019655749
小南門站,657,362,295,559,3,0.0026520999963395298
小碧潭站,656,372,284,577,3,0.0026860999932978302
市政府站,720,403,317,855,4,0.003465400019194931
幸福站,1333,739,594,2642,5,0.007774699974106625
府中站,740,413,327,869,4,0.003466000023763627
廣慈/奉天宮站,714,396,318,777,4,0.003097500011790544
後山埤站,720,403,317,855,4,0.0032454000029247254
徐匯中學站,730,408,322,725,3,0.0031331999925896525
復興崗站,837,451,386,988,4,0.003938000008929521
忠孝復興站,759,416,343,944,4,0.003484200016828254
忠孝敦化站,720,403,317,855,4,0.0032288999937009066
忠孝新生站,631,350,281,512,3,0.002478300011716783
忠義站,837,451,386,988,4,0.003996799991000444
文德站,622,350,272,507,3,0.002461399999447167
新北投站,837,451,386,988,4,0.00387879999470897
新北產業園區站,1333,739,594,2642,5,0.007926099991891533
新埔民生站,1389,769,620,2894,5,0.008321899978909642
新埔站,707,394,313,726,3,0.003097699984209612
新店區公所站,656,372,284,577,3,0.0026806000096257776
新店站,656,372,284,577,3,0.002680400008102879
新莊站,769,432,337,847,3,0.0036247999814804643
昆陽站,720,403,317,855,4,0.004627899994375184
明德站,837,451,386,988,4,0.003959800000302494
景安站,750,427,323,908,4,0.0034456999856047332
景平站,1057,591,466,1630,5,0.00537519998033531
景美站,629,360,269,509,3,0.002496599976439029
木柵站,716,401,315,774,4,0.003117200016276911
東湖站,883,495,388,1418,5,0.0046322999987751245
東門站,551,305,246,339,3,0.002130300010321662
松山機場站,622,350,272,507,3,0.002449799998430535
松山站,715,402,313,741,4,0.0030802999972365797
松江南京站,699,388,311,688,4,0.0029864000098314136
板新站,1302,730,572,2584,5,0.007447799987858161
板橋站,650,354,296,553,3,0.0026291999965906143
橋和站,1305,738,567,2659,5,0.007574499992188066
民權西路站,705,388,317,634,3,0.002905300003476441
永安市場站,716,408,308,748,3,0.003129899996565655
永寧站,740,413,327,869,4,0.0034256000071763992
永春站,720,403,317,855,4,0.003338500013342127
江子翠站,707,395,312,727,3,0.0031445999920833856
海山站,740,413,327,869,4,0.0034291000047232956
淡水站,837,451,386,988,4,0.0038494000036735088
港墘站,622,350,272,507,3,0.002521300018997863
石牌站,837,451,386,988,4,0.0038856000173836946
秀朗橋站,943,529,414,1365,4,0.004792499996256083
科技大樓站,716,401,315,774,4,0.0032866999972611666
竹圍站,837,451,386,988,4,0.0037705000140704215
紅樹林站,837,451,386,988,4,0.0037890000094193965
芝山站,837,451,386,988,4,0.003788900008657947
菜寮站,732,411,321,736,3,0.003136099985567853
萬芳社區站,716,401,315,774,4,0.003105099982349202
萬芳醫院站,716,401,315,774,4,0.0030824000132270157
萬隆站,642,365,277,534,3,0.002589000010630116
葫洲站,716,401,315,790,4,0.00317810001433827
蘆洲站,730,408,322,725,3,0.0031169999856501818
行天宮站,614,342,272,463,3,0.0024098000139929354
西湖站,622,350,272,507,3,0.0025941999920178205
西門站,696,391,305,685,3,0.002990999986650422
象山站,714,396,318,777,4,0.003132900019409135
輔大站,769,432,337,847,3,0.003351699997438118
辛亥站,716,401,315,774,4,0.0031076000013854355
迴龍站,769,432,337,847,3,0.0034041000180877745
關渡站,837,451,386,988,4,0.0037829999928362668
雙連站,805,437,368,885,4,0.003540600009728223
頂埔站,740,413,327,869,4,0.0033429999893996865
頂溪站,701,398,303,716,3,0.0030183999915607274
頭前庄站,750,416,334,831,4,0.0033827000006567687
麟光站,716,401,315,774,4,0.003135799983283505
龍山寺站,709,392,317,725,4,0.0032796000014059246
