network_id,query_id,source,target,source_line,target_line,num_nodes,num_edges,avg_out_degree,shortest_hops,distinct_route_count,distinct_alternative_count,mean_pairwise_diversity,route_candidates_examined,route_count_ceiling,candidate_ceiling,target_pareto_labels,generated_labels,kept_labels,pruned_labels,immediate_rejection_rate,dominance_checks,max_labels_per_node,runtime_seconds
0,0,2,27,0,1,100,262,2.62,7,11,10,0.7631240981240981,18,0,0,6,798,314,484,0.606516290726817,1779,8,0.0047590000031050295
0,1,6,65,0,3,100,262,2.62,9,9,8,0.7379910213243547,28,0,0,4,917,355,562,0.6128680479825518,2330,10,0.0061550999962491915
0,2,32,3,1,0,100,262,2.62,2,1,0,0.0,2,0,0,1,660,259,401,0.6075757575757575,1203,7,0.003535000010742806
0,3,34,96,1,4,100,262,2.62,5,7,6,0.8653061224489795,9,0,0,5,571,222,349,0.6112084063047285,925,7,0.0028531000134535134
0,4,42,76,2,3,100,262,2.62,4,2,1,0.5,3,0,0,2,589,232,357,0.6061120543293718,1007,8,0.003058200003579259
0,5,45,75,2,3,100,262,2.62,4,5,4,0.93,6,0,0,3,678,265,413,0.6091445427728613,1317,7,0.003730099997483194
0,6,58,77,2,3,100,262,2.62,8,10,9,0.732962962962963,23,0,0,3,571,224,347,0.6077057793345009,936,7,0.002880100000766106
0,7,59,63,2,3,100,262,2.62,8,10,9,0.6961391694725028,24,0,0,2,559,217,342,0.6118067978533095,841,6,0.0026624000020092353
0,8,63,19,3,0,100,262,2.62,12,8,7,0.5729541816726691,102,0,0,2,668,255,413,0.6182634730538922,1367,10,0.0037675999919883907
0,9,74,56,3,2,100,262,2.62,7,10,9,0.734373897707231,19,0,0,4,564,224,340,0.6028368794326241,947,8,0.0029794000001857057
1,0,4,71,0,3,100,262,2.62,6,3,2,0.6984126984126985,5,0,0,3,598,235,363,0.6070234113712375,935,5,0.003348099999129772
1,1,21,93,1,4,100,262,2.62,8,5,4,0.6683080808080808,13,0,0,1,539,210,329,0.6103896103896104,786,6,0.0025378999998793006
1,2,24,57,1,2,100,262,2.62,4,2,1,0.5,3,0,0,3,633,245,388,0.6129541864139021,1114,7,0.0032866999972611666
1,3,31,11,1,0,100,262,2.62,4,1,0,0.0,2,0,0,2,572,230,342,0.5979020979020979,925,9,0.0028842999890912324
1,4,50,7,2,0,100,262,2.62,6,11,10,0.7946608946608947,24,0,0,6,736,294,442,0.6005434782608695,1472,8,0.004753400004119612
1,5,61,29,3,1,100,262,2.62,4,1,0,0.0,2,0,0,2,641,254,387,0.6037441497659907,1216,8,0.004639200007659383
1,6,77,91,3,4,100,262,2.62,4,4,3,0.7999999999999999,5,0,0,3,716,287,429,0.5991620111731844,1522,10,0.0061637000035261735
1,7,93,60,4,3,100,262,2.62,7,5,4,0.7196428571428571,8,0,0,2,566,219,347,0.6130742049469965,952,6,0.004295899998396635
1,8,96,23,4,1,100,262,2.62,3,1,0,0.0,2,0,0,1,535,213,322,0.6018691588785047,829,6,0.003958699991926551
1,9,98,32,4,1,100,262,2.62,2,1,0,0.0,2,0,0,1,708,285,423,0.597457627118644,1522,8,0.004837000000406988
2,0,12,27,0,1,100,262,2.62,7,10,9,0.7401410934744267,16,0,0,5,745,293,452,0.6067114093959731,1613,10,0.005349599989131093
2,1,26,94,1,4,100,262,2.62,5,2,1,0.8,4,0,0,1,500,195,305,0.61,743,6,0.0033885000011650845
2,2,35,64,1,3,100,262,2.62,6,5,4,0.7208333333333334,11,0,0,2,651,262,389,0.5975422427035331,1318,10,0.0036804999981541187
2,3,37,78,1,3,100,262,2.62,3,2,1,0.6666666666666667,3,0,0,2,572,225,347,0.6066433566433567,1010,7,0.0029500999953597784
2,4,38,79,1,3,100,262,2.62,3,2,1,0.6666666666666667,3,0,0,2,630,250,380,0.6031746031746031,1293,9,0.003525799998897128
2,5,63,10,3,0,100,262,2.62,3,2,1,0.6666666666666667,3,0,0,1,852,344,508,0.596244131455399,2478,12,0.005876499999430962
2,6,74,28,3,1,100,262,2.62,6,5,4,0.8952380952380953,9,0,0,3,607,234,373,0.6144975288303131,1224,9,0.003312000000732951
2,7,80,46,4,2,100,262,2.62,6,9,8,0.7438271604938271,20,0,0,4,643,254,389,0.6049766718506998,1349,11,0.003656999993836507
2,8,85,63,4,3,100,262,2.62,4,1,0,0.0,3,0,0,1,503,203,300,0.5964214711729622,765,5,0.002396800002316013
2,9,88,69,4,3,100,262,2.62,3,1,0,0.0,2,0,0,1,463,182,281,0.6069114470842333,632,5,0.002225100004579872
3,0,3,20,0,1,100,262,2.62,3,2,1,0.6666666666666667,3,0,0,1,616,247,369,0.599025974025974,1038,6,0.0034585000103106722
3,1,7,37,0,1,100,262,2.62,6,14,13,0.8175257282400139,28,0,0,4,612,236,376,0.6143790849673203,1051,8,0.0032033000024966896
3,2,34,57,1,2,100,262,2.62,4,4,3,0.7666666666666666,9,0,0,1,661,271,390,0.5900151285930408,1224,8,0.00353729999915231
3,3,41,90,2,4,100,262,2.62,7,3,2,0.724867724867725,8,0,0,3,672,274,398,0.5922619047619048,1278,8,0.0037328000034904107
3,4,42,92,2,4,100,262,2.62,8,6,5,0.7170370370370371,14,0,0,3,733,296,437,0.5961800818553888,1509,8,0.004073699994478375
3,5,49,99,2,4,100,262,2.62,8,4,3,0.7708333333333334,9,0,0,1,523,200,323,0.6175908221797323,927,9,0.002690299996174872
3,6,53,87,2,4,100,262,2.62,7,2,1,0.4285714285714286,9,0,0,3,852,324,528,0.6197183098591549,2164,14,0.005323100005625747
3,7,65,14,3,0,100,262,2.62,5,3,2,0.8571428571428571,4,0,0,2,620,246,374,0.603225806451613,1133,9,0.0032645000028423965
3,8,65,44,3,2,100,262,2.62,7,6,5,0.7091005291005291,7,0,0,3,620,246,374,0.603225806451613,1133,9,0.0032774999999674037
3,9,84,22,4,1,100,262,2.62,4,4,3,0.8194444444444445,6,0,0,4,521,205,316,0.6065259117082533,739,6,0.0024286999978357926
4,0,5,77,0,3,100,262,2.62,5,2,1,0.8,3,0,0,1,469,187,282,0.6012793176972282,637,7,0.002100500001688488
4,1,21,4,1,0,100,262,2.62,8,7,6,0.7481481481481481,12,0,0,3,547,214,333,0.6087751371115173,982,9,0.00276540000049863
4,2,30,9,1,0,100,262,2.62,8,16,15,0.7723316498316498,52,0,0,5,517,206,311,0.6015473887814313,797,7,0.0025351999938720837
4,3,32,17,1,0,100,262,2.62,6,8,7,0.7634637188208616,16,0,0,5,614,243,371,0.6042345276872965,1037,7,0.003077699991990812
4,4,40,91,2,4,100,262,2.62,8,10,9,0.7423569023569023,37,0,0,4,603,240,363,0.6019900497512438,979,7,0.003132099998765625
4,5,47,93,2,4,100,262,2.62,8,10,9,0.7300224466891134,26,0,0,3,809,313,496,0.6131025957972805,2064,13,0.005222199994022958
4,6,56,36,2,1,100,262,2.62,5,4,3,0.75,5,0,0,1,733,291,442,0.6030013642564802,1412,10,0.003935700005968101
4,7,78,86,3,4,100,262,2.62,5,3,2,0.8222222222222223,4,0,0,2,464,187,277,0.5969827586206896,603,5,0.0022951999999349937
4,8,80,78,4,3,100,262,2.62,4,1,0,0.0,2,0,0,2,608,247,361,0.59375,1146,10,0.0032207999902311713
4,9,84,69,4,3,100,262,2.62,5,3,2,0.7999999999999999,4,0,0,2,644,255,389,0.6040372670807453,1152,9,0.0033608000085223466
5,0,3,35,0,1,100,262,2.62,8,12,11,0.7531029996939088,43,0,0,6,792,323,469,0.5921717171717171,1829,7,0.004769699997268617
5,1,9,65,0,3,100,262,2.62,7,20,19,0.7900375939849624,45,1,0,7,993,406,587,0.5911379657603223,3115,14,0.0071727999893482774
5,2,26,46,1,2,100,262,2.62,4,2,1,0.5,3,0,0,1,899,346,553,0.6151279199110122,2239,9,0.005587899999227375
5,3,26,72,1,3,100,262,2.62,5,2,1,0.8,3,0,0,2,899,346,553,0.6151279199110122,2239,9,0.005597099996521138
5,4,43,1,2,0,100,262,2.62,8,10,9,0.6945454545454546,43,0,0,5,845,324,521,0.6165680473372781,1888,8,0.004998499993234873
5,5,56,17,2,0,100,262,2.62,7,7,6,0.7370559334845049,16,0,0,3,889,351,538,0.6051743532058492,2040,6,0.005222899999353103
5,6,70,18,3,0,100,262,2.62,3,3,2,0.8055555555555557,4,0,0,2,728,295,433,0.5947802197802198,1680,11,0.0043661999952746555
5,7,71,92,3,4,100,262,2.62,6,6,5,0.7433862433862434,13,0,0,4,587,230,357,0.6081771720613288,1046,11,0.0030337000061990693
5,8,78,8,3,0,100,262,2.62,7,6,5,0.6169312169312169,10,0,0,4,718,282,436,0.6072423398328691,1608,8,0.004150499997194856
5,9,86,68,4,3,100,262,2.62,3,1,0,0.0,2,0,0,2,980,393,587,0.5989795918367347,2920,12,0.007007699998212047
6,0,0,23,0,1,100,262,2.62,10,7,6,0.5108669108669108,57,0,0,3,649,254,395,0.6086286594761171,1307,9,0.003645599994342774
6,1,1,80,0,4,100,262,2.62,9,7,6,0.5886964886964887,37,0,0,1,649,254,395,0.6086286594761171,1307,9,0.003594499998143874
6,2,8,80,0,4,100,262,2.62,5,2,1,0.6,3,0,0,2,674,270,404,0.599406528189911,1496,10,0.004417999996803701
6,3,11,57,0,2,100,262,2.62,2,1,0,0.0,2,0,0,1,524,210,314,0.5992366412213741,783,6,0.002493100007995963
6,4,11,94,0,4,100,262,2.62,4,1,0,0.0,2,0,0,2,524,210,314,0.5992366412213741,783,6,0.002492500003427267
6,5,17,61,0,3,100,262,2.62,3,1,0,0.0,2,0,0,1,933,373,560,0.6002143622722401,2735,11,0.0063916000071913
6,6,36,63,1,3,100,262,2.62,5,4,3,0.7999999999999999,6,0,0,3,905,355,550,0.6077348066298343,2574,10,0.006098899990320206
6,7,38,67,1,3,100,262,2.62,2,1,0,0.0,2,0,0,1,815,324,491,0.6024539877300613,1966,8,0.005001800003810786
6,8,55,19,2,0,100,262,2.62,4,1,0,0.0,2,0,0,1,739,290,449,0.6075778078484438,1724,9,0.004398700009915046
6,9,76,97,3,4,100,262,2.62,8,9,8,0.7250631313131313,29,0,0,1,673,257,416,0.6181277860326895,1402,14,0.0037828000058652833
7,0,11,94,0,4,100,262,2.62,5,2,1,0.4,4,0,0,1,658,268,390,0.5927051671732523,1307,8,0.0042351000010967255
7,1,26,19,1,0,100,262,2.62,5,3,2,0.7999999999999999,5,0,0,4,595,229,366,0.6151260504201681,982,6,0.0029894000035710633
7,2,59,13,2,0,100,262,2.62,11,15,14,0.6458586651443794,102,0,0,3,601,246,355,0.5906821963394343,1003,6,0.0029606000025523826
7,3,62,58,3,2,100,262,2.62,7,5,4,0.6688492063492063,10,0,0,2,477,191,286,0.59958071278826,631,5,0.0021410000044852495
7,4,63,47,3,2,100,262,2.62,4,3,2,0.6666666666666666,4,0,0,3,835,327,508,0.6083832335329341,2020,9,0.005109500008984469
7,5,76,35,3,1,100,262,2.62,6,5,4,0.6678571428571429,15,0,0,3,924,369,555,0.6006493506493507,2286,11,0.00577980000525713
7,6,83,9,4,0,100,262,2.62,7,9,8,0.7613756613756615,31,0,0,5,868,333,535,0.6163594470046083,2111,10,0.005343500000890344
7,7,84,7,4,0,100,262,2.62,5,2,1,0.6,3,0,0,2,756,292,464,0.6137566137566137,1661,9,0.004378300000098534
7,8,87,41,4,2,100,262,2.62,3,2,1,0.6666666666666667,3,0,0,2,1147,442,705,0.6146469049694856,3602,14,0.008134200004860759
7,9,90,29,4,1,100,262,2.62,5,3,2,0.6857142857142856,4,0,0,4,958,381,577,0.6022964509394572,2761,11,0.006660200000624172
8,0,4,91,0,4,100,262,2.62,11,18,17,0.7314501674795792,121,0,0,5,714,270,444,0.6218487394957983,1614,10,0.004203699994832277
8,1,14,54,0,2,100,262,2.62,4,6,5,0.8333333333333334,7,0,0,5,586,227,359,0.6126279863481229,936,6,0.0031451999966520816
8,2,18,92,0,4,100,262,2.62,7,15,14,0.8440702947845804,28,0,0,4,762,297,465,0.610236220472441,1580,8,0.004255099993315525
8,3,36,67,1,3,100,262,2.62,5,6,5,0.8104761904761906,7,0,0,2,549,215,334,0.6083788706739527,910,7,0.0028117000038037077
8,4,46,15,2,0,100,262,2.62,4,1,0,0.0,2,0,0,1,534,207,327,0.6123595505617978,795,6,0.00257430000056047
8,5,49,84,2,4,100,262,2.62,7,3,2,0.5476190476190476,5,0,0,1,662,262,400,0.6042296072507553,1357,7,0.0036509000055957586
8,6,54,2,2,0,100,262,2.62,2,1,0,0.0,2,0,0,1,571,222,349,0.6112084063047285,937,6,0.0028190000011818483
8,7,75,55,3,2,100,262,2.62,7,7,6,0.7500944822373393,13,0,0,3,598,237,361,0.6036789297658863,1054,8,0.0030984000040916726
8,8,87,33,4,1,100,262,2.62,5,4,3,0.8095238095238096,5,0,0,2,595,232,363,0.6100840336134454,1064,9,0.003188700007740408
8,9,98,12,4,0,100,262,2.62,4,4,3,0.7999999999999999,5,0,0,3,843,329,514,0.6097271648873073,2180,11,0.005370899991248734
9,0,0,25,0,1,100,262,2.62,9,5,4,0.5194444444444445,17,0,0,2,576,223,353,0.6128472222222222,932,9,0.002890899995691143
9,1,8,67,0,3,100,262,2.62,5,1,0,0.0,2,0,0,1,402,156,246,0.6119402985074627,412,4,0.0016481000056955963
9,2,13,89,0,4,100,262,2.62,6,2,1,0.5,4,0,0,3,702,277,425,0.6054131054131054,1480,12,0.003992900004959665
9,3,20,49,1,2,100,262,2.62,6,5,4,0.6863095238095238,11,0,0,5,841,343,498,0.5921521997621879,2166,12,0.005428200005553663
9,4,48,60,2,3,100,262,2.62,7,10,9,0.7441269841269842,14,0,0,1,453,172,281,0.6203090507726269,601,6,0.0020255999988876283
9,5,52,92,2,4,100,262,2.62,5,4,3,0.8500000000000001,6,0,0,3,565,217,348,0.6159292035398231,874,8,0.0027221000054851174
9,6,56,85,2,4,100,262,2.62,4,1,0,0.0,2,0,0,1,586,225,361,0.6160409556313993,974,8,0.0028715999942505732
9,7,60,7,3,0,100,262,2.62,7,7,6,0.7409863945578232,12,0,0,2,743,291,452,0.6083445491251682,1617,11,0.004386799992062151
9,8,77,16,3,0,100,262,2.62,7,13,12,0.7397435897435898,26,0,0,2,613,244,369,0.601957585644372,1009,6,0.003039200004423037
9,9,98,2,4,0,100,262,2.62,7,2,1,0.7142857142857143,7,0,0,2,665,254,411,0.6180451127819548,1247,8,0.003517200006172061
10,0,2,57,0,2,100,262,2.62,6,3,2,0.5,8,0,0,2,746,297,449,0.6018766756032171,1537,7,0.00416399999812711
10,1,3,69,0,3,100,262,2.62,5,4,3,0.5380952380952381,5,0,0,2,613,238,375,0.6117455138662317,1092,8,0.004290099997888319
10,2,6,46,0,2,100,262,2.62,5,8,7,0.7273809523809524,9,0,0,1,494,188,306,0.6194331983805668,709,8,0.0026665000041248277
10,3,9,45,0,2,100,262,2.62,7,6,5,0.7375661375661375,12,0,0,2,826,320,506,0.612590799031477,2077,10,0.005226499997661449
10,4,15,52,0,2,100,262,2.62,4,3,2,0.8333333333333334,4,0,0,1,529,204,325,0.6143667296786389,840,8,0.0026046999992104247
10,5,62,39,3,1,100,262,2.62,7,1,0,0.0,3,0,0,2,512,198,314,0.61328125,666,6,0.002254400009405799
10,6,69,95,3,4,100,262,2.62,4,3,2,0.5333333333333333,4,0,0,1,583,231,352,0.6037735849056604,938,9,0.0028224999987287447
10,7,81,10,4,0,100,262,2.62,6,5,4,0.7777777777777778,8,0,0,4,525,202,323,0.6152380952380953,697,7,0.002359899997827597
10,8,91,59,4,2,100,262,2.62,5,1,0,0.0,2,0,0,1,749,290,459,0.6128170894526035,1543,9,0.004189900006167591
10,9,98,14,4,0,100,262,2.62,4,3,2,0.9166666666666666,4,0,0,2,620,251,369,0.5951612903225807,1101,6,0.003923199998098426
11,0,1,35,0,1,100,262,2.62,5,3,2,0.8111111111111112,4,0,0,1,632,254,378,0.5981012658227848,1224,9,0.003607399994507432
11,1,3,80,0,4,100,262,2.62,8,3,2,0.5083333333333333,12,0,0,3,580,233,347,0.5982758620689655,955,7,0.00308400001085829
11,2,6,38,0,1,100,262,2.62,6,13,12,0.7907000407000407,26,0,0,6,853,344,509,0.5967174677608441,1879,9,0.005056099995272234
11,3,12,93,0,4,100,262,2.62,7,7,6,0.8030045351473922,23,0,0,5,808,326,482,0.5965346534653465,2061,10,0.005171500000869855
11,4,39,51,1,2,100,262,2.62,4,3,2,0.6,5,0,0,3,659,262,397,0.6024279210925645,1247,8,0.003568599990103394
11,5,41,60,2,3,100,262,2.62,2,1,0,0.0,2,0,0,1,756,294,462,0.6111111111111112,1888,10,0.004708699998445809
11,6,48,24,2,1,100,262,2.62,6,5,4,0.8152777777777779,9,0,0,2,672,270,402,0.5982142857142857,1386,8,0.0037420000007841736
11,7,48,81,2,4,100,262,2.62,7,5,4,0.631904761904762,8,0,0,1,672,270,402,0.5982142857142857,1386,8,0.003750499992747791
11,8,92,75,4,3,100,262,2.62,6,3,2,0.8055555555555557,7,0,0,1,570,221,349,0.612280701754386,924,7,0.002809600002365187
11,9,96,24,4,1,100,262,2.62,7,6,5,0.7733333333333333,9,0,0,3,621,244,377,0.607085346215781,1266,10,0.003449199997703545
12,0,9,60,0,3,100,262,2.62,7,12,11,0.8193302068302069,19,0,0,2,722,273,449,0.6218836565096952,1444,10,0.004506600002059713
12,1,9,68,0,3,100,262,2.62,5,2,1,1.0,4,0,0,2,722,273,449,0.6218836565096952,1444,10,0.003968300006818026
12,2,11,47,0,2,100,262,2.62,6,7,6,0.7830687830687831,10,0,0,2,564,221,343,0.6081560283687943,912,6,0.0027969999937340617
12,3,21,72,1,3,100,262,2.62,9,9,8,0.7255730380730381,24,0,0,5,754,294,460,0.610079575596817,1624,8,0.00428999999712687
12,4,40,23,2,1,100,262,2.62,7,6,5,0.8333333333333334,9,0,0,5,642,252,390,0.6074766355140186,1303,9,0.003586499995435588
12,5,41,9,2,0,100,262,2.62,6,6,5,0.8853174603174604,10,0,0,4,638,253,385,0.603448275862069,1280,7,0.0036843000125372782
12,6,41,12,2,0,100,262,2.62,3,1,0,0.0,2,0,0,1,638,253,385,0.603448275862069,1280,7,0.003686800002469681
12,7,48,80,2,4,100,262,2.62,4,2,1,0.75,3,0,0,3,626,249,377,0.6022364217252396,1287,10,0.00347729999339208
12,8,64,81,3,4,100,262,2.62,4,3,2,0.75,4,0,0,3,766,304,462,0.6031331592689295,1723,9,0.004568200005451217
12,9,88,51,4,2,100,262,2.62,2,2,1,0.5,3,0,0,1,702,278,424,0.603988603988604,1374,9,0.003965800002333708
13,0,18,41,0,2,100,262,2.62,9,15,14,0.7001949901949902,47,0,0,8,703,274,429,0.6102418207681366,1372,11,0.0038865999958943576
13,1,25,44,1,2,100,262,2.62,8,9,8,0.6934624017957352,34,0,0,4,633,236,397,0.627172195892575,1119,8,0.0033171999966725707
13,2,41,30,2,1,100,262,2.62,2,2,1,1.0,3,0,0,2,1090,415,675,0.6192660550458715,2944,11,0.0071296999958576635
13,3,46,89,2,4,100,262,2.62,2,1,0,0.0,2,0,0,2,682,262,420,0.6158357771260997,1299,8,0.00367960000585299
13,4,49,14,2,0,100,262,2.62,3,1,0,0.0,2,0,0,2,662,257,405,0.6117824773413897,1212,8,0.003472299998975359
13,5,57,81,2,4,100,262,2.62,8,16,15,0.7693350168350168,72,0,0,10,820,310,510,0.6219512195121951,1965,12,0.005068999991635792
13,6,63,56,3,2,100,262,2.62,8,9,8,0.7210578002244669,35,0,0,4,568,222,346,0.6091549295774648,884,7,0.0028815999976359308
13,7,67,8,3,0,100,262,2.62,3,1,0,0.0,2,0,0,1,632,248,384,0.6075949367088608,1194,7,0.0034411999949952587
13,8,77,29,3,1,100,262,2.62,2,1,0,0.0,2,0,0,1,657,251,406,0.6179604261796042,1230,8,0.003525899999658577
13,9,81,75,4,3,100,262,2.62,4,2,1,0.75,4,0,0,2,611,244,367,0.6006546644844517,1014,7,0.003073699990636669
14,0,1,96,0,4,100,262,2.62,4,4,3,0.8611111111111112,5,0,0,4,815,319,496,0.6085889570552148,1908,12,0.004868999996688217
14,1,7,78,0,3,100,262,2.62,6,2,1,1.0,4,0,0,3,656,254,402,0.6128048780487805,1284,13,0.0035754999989876524
14,2,14,28,0,1,100,262,2.62,4,4,3,0.888888888888889,6,0,0,1,619,246,373,0.6025848142164781,1058,7,0.003129999997327104
14,3,28,10,1,0,100,262,2.62,6,10,9,0.8095679012345679,13,0,0,3,517,202,315,0.6092843326885881,725,5,0.002442700002575293
14,4,48,32,2,1,100,262,2.62,3,1,0,0.0,2,0,0,3,717,284,433,0.603905160390516,1415,10,0.003979500004788861
14,5,50,73,2,3,100,262,2.62,7,11,10,0.7569408369408369,20,0,0,3,577,227,350,0.6065857885615251,1020,7,0.003060499991988763
14,6,59,6,2,0,100,262,2.62,7,13,12,0.7537494912494912,23,0,0,2,541,210,331,0.6118299445471349,780,6,0.002541300011216663
14,7,64,2,3,0,100,262,2.62,5,2,1,0.6,4,0,0,2,877,348,529,0.6031927023945268,1939,8,0.005143500005942769
14,8,65,30,3,1,100,262,2.62,5,3,2,0.7333333333333334,5,0,0,1,855,339,516,0.6035087719298246,1944,9,0.005048899998655543
14,9,77,53,3,2,100,262,2.62,4,1,0,0.0,2,0,0,1,500,197,303,0.606,655,5,0.0023896999919088557
15,0,14,80,0,4,100,262,2.62,6,9,8,0.8116732804232805,14,0,0,4,498,195,303,0.608433734939759,672,7,0.0029115999932400882
15,1,20,70,1,3,100,262,2.62,6,8,7,0.8278769841269842,18,0,0,2,665,264,401,0.6030075187969924,1239,8,0.003699300010339357
15,2,21,81,1,4,100,262,2.62,4,3,2,0.75,4,0,0,2,543,223,320,0.5893186003683242,870,6,0.002688799999305047
15,3,27,10,1,0,100,262,2.62,4,1,0,0.0,2,0,0,1,825,328,497,0.6024242424242424,2042,10,0.005188299997826107
15,4,36,18,1,0,100,262,2.62,3,1,0,0.0,2,0,0,1,649,248,401,0.6178736517719569,1123,6,0.0032937999931164086
15,5,42,64,2,3,100,262,2.62,5,5,4,0.7314285714285715,7,0,0,1,549,218,331,0.6029143897996357,838,7,0.0026298000011593103
15,6,53,35,2,1,100,262,2.62,7,8,7,0.6689342403628118,20,0,0,4,678,272,406,0.5988200589970502,1280,9,0.0036219000030541793
15,7,65,98,3,4,100,262,2.62,2,1,0,0.0,2,0,0,1,554,223,331,0.5974729241877257,842,7,0.002645700005814433
15,8,68,4,3,0,100,262,2.62,6,5,4,0.7569444444444444,12,0,0,3,553,216,337,0.6094032549728752,793,7,0.0030608999950345606
15,9,81,13,4,0,100,262,2.62,5,5,4,0.8266666666666668,7,0,0,1,561,222,339,0.6042780748663101,883,7,0.002722300007008016
16,0,0,34,0,1,100,262,2.62,4,1,0,0.0,2,0,0,2,591,229,362,0.6125211505922166,1012,8,0.0037487000081455335
16,1,5,97,0,4,100,262,2.62,9,10,9,0.6627289993956661,43,0,0,6,711,278,433,0.6090014064697609,1511,8,0.004145900005823933
16,2,12,79,0,3,100,262,2.62,4,4,3,0.7333333333333334,5,0,0,2,595,234,361,0.6067226890756302,914,6,0.0028983999945921823
16,3,23,50,1,2,100,262,2.62,6,8,7,0.7591411564625851,19,0,0,5,546,216,330,0.6043956043956044,826,7,0.0026211999938823283
16,4,25,50,1,2,100,262,2.62,6,7,6,0.6984126984126985,18,0,0,3,697,268,429,0.6154949784791965,1282,8,0.0036881999985780567
16,5,49,11,2,0,100,262,2.62,6,4,3,0.7222222222222223,8,0,0,3,1052,420,632,0.6007604562737643,3162,11,0.007926199992652982
16,6,52,73,2,3,100,262,2.62,7,9,8,0.8162918871252205,18,0,0,5,727,276,451,0.6203576341127923,1627,9,0.004317200000514276
16,7,67,17,3,0,100,262,2.62,4,1,0,0.0,2,0,0,1,529,197,332,0.6275992438563327,770,7,0.0024523000029148534
16,8,87,55,4,2,100,262,2.62,4,2,1,0.5,3,0,0,1,715,285,430,0.6013986013986014,1516,8,0.004034199999296106
16,9,94,55,4,2,100,262,2.62,2,1,0,0.0,2,0,0,2,855,336,519,0.6070175438596491,1901,8,0.004980199999408796
17,0,4,79,0,3,100,262,2.62,10,4,3,0.5871794871794872,14,0,0,6,846,340,506,0.5981087470449172,2102,11,0.0054711999982828274
17,1,13,65,0,3,100,262,2.62,5,4,3,0.8428571428571429,5,0,0,1,680,268,412,0.6058823529411764,1439,10,0.003926100005628541
17,2,16,56,0,2,100,262,2.62,4,4,3,0.9027777777777778,5,0,0,4,631,250,381,0.6038034865293186,1179,7,0.003356600005645305
17,3,16,98,0,4,100,262,2.62,3,1,0,0.0,2,0,0,1,631,250,381,0.6038034865293186,1179,7,0.003395100007764995
17,4,33,59,1,2,100,262,2.62,6,2,1,0.5,3,0,0,1,650,261,389,0.5984615384615385,1198,6,0.00342839999939315
17,5,40,75,2,3,100,262,2.62,7,4,3,0.511904761904762,6,0,0,2,597,240,357,0.5979899497487438,1010,6,0.0029694000113522634
17,6,42,85,2,4,100,262,2.62,10,17,16,0.7158018452136099,108,0,0,4,691,273,418,0.6049204052098408,1271,9,0.003690799989271909
17,7,49,85,2,4,100,262,2.62,10,11,10,0.7080228862047044,79,0,0,2,649,251,398,0.613251155624037,1205,7,0.0035062999959336594
17,8,64,23,3,1,100,262,2.62,4,3,2,0.8666666666666667,4,0,0,2,614,244,370,0.6026058631921825,1049,6,0.003196100005879998
17,9,67,4,3,0,100,262,2.62,8,11,10,0.7639715335169881,30,0,0,2,700,279,421,0.6014285714285714,1401,9,0.0038822999922558665
18,0,1,78,0,3,100,262,2.62,4,2,1,0.75,3,0,0,2,636,244,392,0.6163522012578616,1291,9,0.003569900000002235
18,1,18,39,0,1,100,262,2.62,6,7,6,0.7642668178382463,11,0,0,4,571,218,353,0.6182136602451839,894,7,0.003034499997738749
18,2,25,74,1,3,100,262,2.62,6,4,3,0.7986111111111112,8,0,0,1,513,201,312,0.6081871345029239,812,7,0.0025968000118155032
18,3,34,46,1,2,100,262,2.62,4,2,1,1.0,3,0,0,2,476,188,288,0.6050420168067226,646,6,0.0022356999979820102
18,4,38,47,1,2,100,262,2.62,6,3,2,0.7083333333333334,4,0,0,1,734,292,442,0.6021798365122616,1588,7,0.004198399998131208
18,5,52,78,2,3,100,262,2.62,6,6,5,0.788888888888889,7,0,0,3,571,218,353,0.6182136602451839,945,8,0.00327139999717474
18,6,59,90,2,4,100,262,2.62,7,1,0,0.0,4,0,0,1,587,226,361,0.6149914821124361,987,7,0.0028694999928120524
18,7,82,58,4,2,100,262,2.62,9,4,3,0.5324074074074074,9,0,0,2,613,240,373,0.6084828711256117,963,5,0.0029129999893484637
18,8,86,76,4,3,100,262,2.62,4,4,3,0.9166666666666666,5,0,0,4,650,247,403,0.62,1166,8,0.0033464000007370487
18,9,97,62,4,3,100,262,2.62,6,4,3,0.8425925925925926,8,0,0,1,544,213,331,0.6084558823529411,800,5,0.0025636999926064163
19,0,0,34,0,1,100,262,2.62,5,6,5,0.8111111111111112,9,0,0,4,595,239,356,0.5983193277310924,991,6,0.002970300003653392
19,1,14,21,0,1,100,262,2.62,4,3,2,0.7222222222222223,4,0,0,3,629,251,378,0.6009538950715422,1163,8,0.003361900002346374
19,2,17,47,0,2,100,262,2.62,6,17,16,0.8260679271708684,30,0,0,7,602,236,366,0.6079734219269103,1182,9,0.0032875000033527613
19,3,24,76,1,3,100,262,2.62,6,5,4,0.7238095238095238,8,0,0,2,674,264,410,0.6083086053412463,1353,9,0.0037997999897925183
19,4,32,95,1,4,100,262,2.62,7,13,12,0.7383038258038258,26,0,0,2,621,242,379,0.6103059581320451,1127,8,0.0033020999981090426
19,5,34,87,1,4,100,262,2.62,8,18,17,0.8022875816993464,49,0,0,7,654,267,387,0.591743119266055,1328,9,0.0037455999990925193
19,6,40,99,2,4,100,262,2.62,10,16,15,0.7670089632589633,80,0,0,3,729,270,459,0.6296296296296297,1575,7,0.004118299999390729
19,7,41,18,2,0,100,262,2.62,6,2,1,0.8333333333333334,4,0,0,1,626,234,392,0.6261980830670927,1121,7,0.003184400004101917
19,8,81,13,4,0,100,262,2.62,7,8,7,0.7397817460317461,15,0,0,7,952,364,588,0.6176470588235294,2759,10,0.006407599998055957
19,9,92,12,4,0,100,262,2.62,8,14,13,0.804120879120879,33,0,0,5,706,269,437,0.6189801699716714,1486,10,0.003990700002759695
20,0,2,46,0,2,100,262,2.62,7,2,1,0.5714285714285714,3,0,0,1,631,244,387,0.6133122028526149,1109,7,0.0033555999980308115
20,1,7,71,0,3,100,262,2.62,6,3,2,0.7592592592592592,6,0,0,4,828,327,501,0.605072463768116,2095,10,0.005294100003084168
20,2,17,67,0,3,100,262,2.62,4,1,0,0.0,2,0,0,1,716,276,440,0.6145251396648045,1455,10,0.004004600006737746
20,3,18,22,0,1,100,262,2.62,7,6,5,0.7485449735449735,11,0,0,2,719,283,436,0.6063977746870653,1498,8,0.004192699998384342
20,4,31,65,1,3,100,262,2.62,6,4,3,0.7896825396825397,5,0,0,4,705,274,431,0.6113475177304964,1449,10,0.003941499991924502
20,5,39,61,1,3,100,262,2.62,6,2,1,0.5,5,0,0,3,1036,398,638,0.6158301158301158,3000,12,0.007052299988572486
20,6,45,9,2,0,100,262,2.62,5,4,3,0.6952380952380953,7,0,0,1,771,308,463,0.6005188067444877,1435,8,0.004223900003125891
20,7,51,33,2,1,100,262,2.62,5,2,1,1.0,4,0,0,3,778,303,475,0.6105398457583547,1654,9,0.004599899999448098
20,8,54,72,2,3,100,262,2.62,5,2,1,0.8,6,0,0,2,700,271,429,0.6128571428571429,1586,11,0.004176500005996786
20,9,70,51,3,2,100,262,2.62,7,14,13,0.8331371009942439,33,0,0,3,653,254,399,0.6110260336906586,1220,7,0.0035896000044886023
21,0,9,96,0,4,100,262,2.62,6,2,1,0.5,5,0,0,3,651,243,408,0.6267281105990783,1168,7,0.0034350000059930608
21,1,16,96,0,4,100,262,2.62,6,3,2,0.5416666666666666,8,0,0,3,481,194,287,0.5966735966735967,642,5,0.0022266000014496967
21,2,25,68,1,3,100,262,2.62,6,5,4,0.7208333333333334,12,0,0,2,867,339,528,0.6089965397923875,2338,14,0.005952799998340197
21,3,26,9,1,0,100,262,2.62,8,17,16,0.7721256684491979,40,0,0,5,683,263,420,0.6149341142020498,1333,10,0.003780600003665313
21,4,51,13,2,0,100,262,2.62,7,7,6,0.7372448979591837,14,0,0,2,625,244,381,0.6096,1142,9,0.003370400008861907
21,5,53,78,2,3,100,262,2.62,5,4,3,0.5523809523809523,5,0,0,2,623,247,376,0.6035313001605136,1080,7,0.0033798999938881025
21,6,67,57,3,2,100,262,2.62,5,4,3,0.6285714285714286,5,0,0,2,599,238,361,0.6026711185308848,1058,7,0.0031695000070612878
21,7,72,3,3,0,100,262,2.62,6,8,7,0.7988236961451248,16,0,0,4,616,234,382,0.6201298701298701,1056,8,0.0032060000085039064
21,8,80,15,4,0,100,262,2.62,7,6,5,0.6808465608465609,10,0,0,1,732,279,453,0.6188524590163934,1651,8,0.004883100002189167
21,9,87,66,4,3,100,262,2.62,5,4,3,0.7857142857142857,5,0,0,6,755,298,457,0.6052980132450331,1490,7,0.004301599998143502
22,0,19,94,0,4,100,262,2.62,7,11,10,0.7127200577200578,22,0,0,2,594,237,357,0.601010101010101,1002,7,0.0030549999937647954
22,1,34,84,1,4,100,262,2.62,6,3,2,0.7936507936507936,8,0,0,1,488,190,298,0.610655737704918,673,6,0.002286300004925579
22,2,37,43,1,2,100,262,2.62,4,2,1,0.75,4,0,0,2,671,251,420,0.6259314456035767,1481,13,0.0039551999943796545
22,3,43,98,2,4,100,262,2.62,4,5,4,0.9099999999999999,7,0,0,1,703,265,438,0.6230440967283073,1404,9,0.004067300003953278
22,4,48,7,2,0,100,262,2.62,7,2,1,0.4285714285714286,3,0,0,1,601,238,363,0.6039933444259568,1007,6,0.0030529000068781897
22,5,63,5,3,0,100,262,2.62,7,2,1,0.7142857142857143,6,0,0,3,565,223,342,0.6053097345132743,915,7,0.0028424000047380105
22,6,77,39,3,1,100,262,2.62,6,2,1,0.6666666666666667,3,0,0,2,550,208,342,0.6218181818181818,823,6,0.002607500005979091
22,7,83,75,4,3,100,262,2.62,6,5,4,0.7208333333333334,10,0,0,2,584,234,350,0.5993150684931506,964,7,0.0030245999951148406
22,8,86,28,4,1,100,262,2.62,5,3,2,0.6777777777777777,4,0,0,1,794,326,468,0.5894206549118388,1940,9,0.004986399988410994
22,9,95,46,4,2,100,262,2.62,6,8,7,0.7846513605442177,17,0,0,3,625,244,381,0.6096,1051,6,0.0032562000124016777
23,0,0,59,0,2,100,262,2.62,4,2,1,0.5,3,0,0,1,624,246,378,0.6057692307692307,1182,8,0.00392699999792967
23,1,13,64,0,3,100,262,2.62,5,4,3,0.6666666666666666,5,0,0,2,697,274,423,0.6068866571018652,1325,9,0.0038032999873394147
23,2,14,88,0,4,100,262,2.62,6,6,5,0.803968253968254,15,0,0,2,669,261,408,0.6098654708520179,1278,8,0.0037167999980738387
23,3,18,85,0,4,100,262,2.62,9,6,5,0.5251851851851852,18,0,0,3,882,344,538,0.6099773242630385,2320,13,0.005663300005835481
23,4,34,44,1,2,100,262,2.62,5,3,2,0.9444444444444445,4,0,0,1,474,186,288,0.6075949367088608,630,8,0.0021572999976342544
23,5,48,9,2,0,100,262,2.62,8,20,19,0.7910645933014354,48,1,0,6,549,214,335,0.6102003642987249,865,7,0.002720799995586276
23,6,48,68,2,3,100,262,2.62,3,2,1,0.6666666666666667,3,0,0,1,549,214,335,0.6102003642987249,865,7,0.0026665000041248277
23,7,55,20,2,1,100,262,2.62,5,2,1,0.6,3,0,0,1,1075,418,657,0.6111627906976744,3417,14,0.007775999998557381
23,8,64,5,3,0,100,262,2.62,7,6,5,0.7220105820105821,12,0,0,3,687,284,403,0.586608442503639,1468,8,0.0039782000094419345
23,9,64,98,3,4,100,262,2.62,2,1,0,0.0,2,0,0,1,687,284,403,0.586608442503639,1468,8,0.00396030000410974
24,0,26,69,1,3,100,262,2.62,6,3,2,0.8611111111111112,5,0,0,3,643,251,392,0.609642301710731,1300,10,0.003586400009226054
24,1,33,78,1,3,100,262,2.62,4,5,4,0.8416666666666666,8,0,0,4,564,223,341,0.6046099290780141,985,8,0.003040399999008514
24,2,34,48,1,2,100,262,2.62,7,7,6,0.790702947845805,14,0,0,2,605,243,362,0.5983471074380166,1088,8,0.0032113999914145097
24,3,51,95,2,4,100,262,2.62,5,1,0,0.0,2,0,0,1,715,268,447,0.6251748251748251,1571,11,0.00418109999736771
24,4,61,81,3,4,100,262,2.62,7,7,6,0.8187263794406652,11,0,0,1,780,289,491,0.6294871794871795,2075,10,0.005241999999270774
24,5,64,36,3,1,100,262,2.62,4,1,0,0.0,3,0,0,2,724,280,444,0.6132596685082873,1550,8,0.004251200007274747
24,6,66,3,3,0,100,262,2.62,9,10,9,0.7672727272727273,32,0,0,2,688,269,419,0.6090116279069767,1346,8,0.003850699999020435
24,7,73,96,3,4,100,262,2.62,5,2,1,1.0,3,0,0,2,581,225,356,0.612736660929432,986,8,0.002963199993246235
24,8,79,46,3,2,100,262,2.62,4,3,2,0.7999999999999999,4,0,0,1,716,280,436,0.6089385474860335,1529,9,0.004125999999814667
24,9,89,17,4,0,100,262,2.62,2,1,0,0.0,2,0,0,1,718,284,434,0.6044568245125348,1438,9,0.00396780000301078
25,0,0,72,0,3,100,262,2.62,5,3,2,0.6777777777777777,5,0,0,2,641,248,393,0.6131045241809673,1258,8,0.0038533000042662024
25,1,14,49,0,2,100,262,2.62,4,1,0,0.0,3,0,0,2,722,288,434,0.6011080332409973,1421,6,0.0040200999937951565
25,2,21,54,1,2,100,262,2.62,7,4,3,0.6071428571428571,6,0,0,1,614,238,376,0.6123778501628665,1102,8,0.0032024000101955608
25,3,24,81,1,4,100,262,2.62,5,1,0,0.0,4,0,0,1,565,214,351,0.6212389380530974,940,8,0.0027661999920383096
25,4,42,32,2,1,100,262,2.62,2,1,0,0.0,2,0,0,2,641,248,393,0.6131045241809673,1237,8,0.0035881999938283116
25,5,60,39,3,1,100,262,2.62,10,3,2,0.4055555555555556,13,0,0,3,706,259,447,0.6331444759206799,1632,12,0.004136199990171008
25,6,61,99,3,4,100,262,2.62,8,2,1,0.5,15,0,0,1,706,259,447,0.6331444759206799,1632,12,0.004181800002697855
25,7,66,14,3,0,100,262,2.62,6,6,5,0.7492063492063493,13,0,0,2,670,255,415,0.6194029850746269,1505,13,0.0039757999911671504
25,8,69,81,3,4,100,262,2.62,5,2,1,0.8,4,0,0,1,533,212,321,0.6022514071294559,845,6,0.002618900005472824
25,9,88,23,4,1,100,262,2.62,6,2,1,0.8333333333333334,4,0,0,2,555,216,339,0.6108108108108108,974,11,0.0028737999964505434
26,0,6,97,0,4,100,262,2.62,8,10,9,0.7562626262626263,28,0,0,3,730,292,438,0.6,1546,9,0.004227900004480034
26,1,16,78,0,3,100,262,2.62,8,8,7,0.6891053391053391,39,0,0,2,717,282,435,0.606694560669456,1707,13,0.004436699993675575
26,2,45,25,2,1,100,262,2.62,8,9,8,0.7398148148148148,31,0,0,1,501,196,305,0.6087824351297405,715,6,0.0024904000019887462
26,3,53,31,2,1,100,262,2.62,4,3,2,0.5499999999999999,4,0,0,3,556,225,331,0.5953237410071942,862,5,0.0027014999941457063
26,4,59,65,2,3,100,262,2.62,6,5,4,0.8,10,0,0,5,1166,467,699,0.5994854202401372,3969,13,0.008845900010783225
26,5,62,23,3,1,100,262,2.62,6,7,6,0.7903439153439153,18,0,0,1,534,212,322,0.602996254681648,774,5,0.0025647000002209097
26,6,73,22,3,1,100,262,2.62,6,5,4,0.7680555555555555,10,0,0,4,717,273,444,0.6192468619246861,1489,16,0.004022499997518025
26,7,81,43,4,2,100,262,2.62,3,1,0,0.0,2,0,0,1,469,182,287,0.6119402985074627,647,6,0.0021241999929770827
26,8,94,39,4,1,100,262,2.62,7,6,5,0.7358465608465609,15,0,0,3,486,189,297,0.6111111111111112,676,6,0.0022668000019621104
26,9,95,8,4,0,100,262,2.62,6,2,1,0.5,4,0,0,1,511,199,312,0.6105675146771037,786,7,0.002440400014165789
27,0,14,47,0,2,100,262,2.62,5,3,2,0.7000000000000001,4,0,0,3,719,281,438,0.6091794158553546,1424,10,0.0039591000095242634
27,1,17,84,0,4,100,262,2.62,7,12,11,0.7768157768157768,20,0,0,2,640,256,384,0.6,1173,7,0.003482200001599267
27,2,18,25,0,1,100,262,2.62,8,8,7,0.6196789321789321,27,0,0,3,640,256,384,0.6,1173,7,0.0034551999997347593
27,3,19,61,0,3,100,262,2.62,6,2,1,0.6666666666666667,6,0,0,1,640,256,384,0.6,1173,7,0.003427699994063005
27,4,20,96,1,4,100,262,2.62,7,4,3,0.5555555555555555,5,0,0,3,589,235,354,0.601018675721562,1006,7,0.0030295000033220276
27,5,31,47,1,2,100,262,2.62,5,3,2,0.9333333333333332,5,0,0,2,741,298,443,0.5978407557354926,1485,8,0.004136499992455356
27,6,51,21,2,1,100,262,2.62,4,2,1,0.75,3,0,0,1,579,224,355,0.613126079447323,972,6,0.002905300003476441
27,7,65,86,3,4,100,262,2.62,4,1,0,0.0,2,0,0,4,948,370,578,0.609704641350211,2830,14,0.0071561999939149246
27,8,91,74,4,3,100,262,2.62,8,16,15,0.7628724747474748,55,0,0,6,700,279,421,0.6014285714285714,1375,7,0.0038631999923381954
27,9,96,76,4,3,100,262,2.62,10,18,17,0.71992266992267,114,0,0,8,763,304,459,0.601572739187418,1826,11,0.004726600003778003
28,0,0,88,0,4,100,262,2.62,10,11,10,0.6123894287530651,52,0,0,7,589,231,358,0.6078098471986417,1045,8,0.0031167999986791983
28,1,12,38,0,1,100,262,2.62,2,1,0,0.0,2,0,0,1,543,210,333,0.6132596685082873,941,7,0.0028070999978808686
28,2,13,83,0,4,100,262,2.62,4,1,0,0.0,3,0,0,1,593,229,364,0.6138279932546374,1121,10,0.0033722000080160797
28,3,28,18,1,0,100,262,2.62,3,1,0,0.0,2,0,0,1,651,257,394,0.6052227342549923,1214,8,0.0038373999996110797
28,4,29,66,1,3,100,262,2.62,5,1,0,0.0,3,0,0,1,660,258,402,0.6090909090909091,1178,7,0.0034509999968577176
28,5,40,21,2,1,100,262,2.62,6,9,8,0.7213403880070547,21,0,0,4,632,247,385,0.6091772151898734,1202,10,0.0035161999985575676
28,6,55,11,2,0,100,262,2.62,7,10,9,0.7503968253968255,12,0,0,2,661,251,410,0.6202723146747352,1239,9,0.003572600006009452
28,7,60,92,3,4,100,262,2.62,6,9,8,0.6971450617283951,12,0,0,5,712,277,435,0.6109550561797753,1435,7,0.003981999994721264
28,8,70,90,3,4,100,262,2.62,5,1,0,0.0,2,0,0,1,529,205,324,0.6124763705103969,761,6,0.002494000000297092
28,9,79,14,3,0,100,262,2.62,8,9,8,0.7964927048260382,23,0,0,2,474,187,287,0.6054852320675106,659,6,0.00222609999764245
29,0,2,92,0,4,100,262,2.62,8,8,7,0.6942911255411256,31,0,0,1,613,244,369,0.601957585644372,1239,10,0.0034633000032044947
29,1,13,30,0,1,100,262,2.62,8,10,9,0.7768686868686869,56,0,0,3,953,379,574,0.602308499475341,2477,11,0.006160799995996058
29,2,40,87,2,4,100,262,2.62,4,1,0,0.0,2,0,0,1,607,241,366,0.6029654036243822,1216,9,0.003477800011751242
29,3,44,37,2,1,100,262,2.62,4,3,2,0.7999999999999999,4,0,0,3,652,250,402,0.6165644171779141,1241,8,0.003601599993999116
29,4,57,73,2,3,100,262,2.62,5,2,1,0.4,4,0,0,4,621,239,382,0.6151368760064412,1129,8,0.0035047999990638345
29,5,66,36,3,1,100,262,2.62,5,6,5,0.9053968253968254,12,0,0,4,545,216,329,0.6036697247706422,848,7,0.002752799991867505
29,6,69,8,3,0,100,262,2.62,5,6,5,0.6641269841269841,9,0,0,2,696,275,421,0.6048850574712644,1271,8,0.0038083999970695004
29,7,71,13,3,0,100,262,2.62,3,4,3,0.888888888888889,5,0,0,5,535,212,323,0.6037383177570094,822,6,0.0026388000114820898
29,8,76,12,3,0,100,262,2.62,4,1,0,0.0,2,0,0,1,921,355,566,0.6145494028230185,2546,11,0.006304399998043664
29,9,86,30,4,1,100,262,2.62,8,5,4,0.7083333333333333,8,0,0,2,621,239,382,0.6151368760064412,1177,7,0.003414200007682666
30,0,11,62,0,3,100,262,2.62,4,1,0,0.0,2,0,0,1,506,200,306,0.6047430830039525,730,5,0.002475600005709566
30,1,17,24,0,1,100,262,2.62,4,1,0,0.0,2,0,0,1,668,264,404,0.6047904191616766,1332,9,0.0037204999971436337
30,2,19,41,0,2,100,262,2.62,8,20,19,0.8240364167995747,46,1,0,6,497,193,304,0.6116700201207244,655,7,0.0022878000017954037
30,3,21,17,1,0,100,262,2.62,7,5,4,0.862063492063492,7,0,0,2,724,285,439,0.606353591160221,1515,7,0.00412549999600742
30,4,27,83,1,4,100,262,2.62,8,9,8,0.7232533670033671,18,0,0,1,528,209,319,0.6041666666666666,731,5,0.0024834000068949535
30,5,34,42,1,2,100,262,2.62,6,12,11,0.8546777296777297,22,0,0,4,479,184,295,0.615866388308977,658,6,0.002278400002978742
30,6,38,53,1,2,100,262,2.62,7,3,2,0.8571428571428572,5,0,0,2,516,210,306,0.5930232558139535,782,6,0.0024788999871816486
30,7,53,8,2,0,100,262,2.62,7,3,2,0.7619047619047619,4,0,0,2,700,274,426,0.6085714285714285,1441,7,0.003958800007239915
30,8,58,37,2,1,100,262,2.62,7,3,2,0.507936507936508,4,0,0,1,537,209,328,0.6108007448789572,794,6,0.0025814999971771613
30,9,88,7,4,0,100,262,2.62,9,20,19,0.827692716640085,34,1,0,9,736,282,454,0.6168478260869565,1755,12,0.004491599989705719
31,0,12,76,0,3,100,262,2.62,6,9,8,0.7376543209876544,14,0,0,1,735,284,451,0.6136054421768707,1596,9,0.004392500006360933
31,1,47,81,2,4,100,262,2.62,7,8,7,0.8133928571428573,25,0,0,3,702,264,438,0.6239316239316239,1480,8,0.004036800004541874
31,2,48,72,2,3,100,262,2.62,8,17,16,0.8020034907902555,88,0,0,7,686,260,426,0.6209912536443148,1443,8,0.0039561000012326986
31,3,59,76,2,3,100,262,2.62,4,5,4,0.8550000000000001,12,0,0,3,756,290,466,0.6164021164021164,1495,10,0.004746199992951006
31,4,59,80,2,4,100,262,2.62,1,1,0,0.0,2,0,0,1,756,290,466,0.6164021164021164,1495,10,0.0043160000059287995
31,5,66,46,3,2,100,262,2.62,6,5,4,0.8,11,0,0,1,578,225,353,0.610726643598616,946,9,0.002986800012877211
31,6,71,88,3,4,100,262,2.62,6,8,7,0.7561649659863946,19,0,0,8,1138,460,678,0.5957820738137083,3587,11,0.008406900000409223
31,7,83,15,4,0,100,262,2.62,5,5,4,0.7157142857142857,8,0,0,4,945,393,552,0.5841269841269842,2439,11,0.006209099999978207
31,8,88,19,4,0,100,262,2.62,10,10,9,0.6441798941798942,50,0,0,3,726,280,446,0.6143250688705234,1511,9,0.004185300000244752
31,9,92,76,4,3,100,262,2.62,7,11,10,0.7253246753246754,32,0,0,6,817,314,503,0.6156670746634026,1910,9,0.004949800000758842
32,0,2,66,0,3,100,262,2.62,7,8,7,0.6874433106575965,17,0,0,5,624,244,380,0.6089743589743589,1168,8,0.0034420000010868534
32,1,3,83,0,4,100,262,2.62,6,14,13,0.8201857666143381,23,0,0,3,661,257,404,0.6111951588502269,1330,8,0.003728900002897717
32,2,4,31,0,1,100,262,2.62,6,4,3,0.7129629629629629,6,0,0,7,764,295,469,0.6138743455497382,1639,9,0.00445670000044629
32,3,23,57,1,2,100,262,2.62,5,2,1,0.4,3,0,0,1,691,270,421,0.6092619392185239,1348,9,0.0038684000028297305
32,4,60,48,3,2,100,262,2.62,8,12,11,0.6893135904499541,31,0,0,7,664,258,406,0.6114457831325302,1259,7,0.003583799989428371
32,5,61,11,3,0,100,262,2.62,3,1,0,0.0,2,0,0,1,630,247,383,0.6079365079365079,1126,8,0.003308600003947504
32,6,76,90,3,4,100,262,2.62,3,1,0,0.0,2,0,0,1,603,240,363,0.6019900497512438,1168,9,0.003258200013078749
32,7,92,73,4,3,100,262,2.62,4,1,0,0.0,2,0,0,1,577,226,351,0.608318890814558,879,6,0.00287430000025779
32,8,95,32,4,1,100,262,2.62,6,2,1,0.5,4,0,0,4,551,217,334,0.6061705989110708,841,6,0.0026517000078456476
32,9,97,78,4,3,100,262,2.62,8,11,10,0.6637878787878788,24,0,0,1,704,279,425,0.6036931818181818,1549,8,0.004192299995338544
33,0,48,16,2,0,100,262,2.62,7,10,9,0.799673721340388,21,0,0,6,699,266,433,0.6194563662374821,1600,13,0.004244700001436286
33,1,53,27,2,1,100,262,2.62,5,2,1,0.6,3,0,0,2,929,371,558,0.6006458557588805,2675,10,0.006354299999657087
33,2,54,78,2,3,100,262,2.62,4,2,1,0.5,3,0,0,2,730,288,442,0.6054794520547945,1486,7,0.004176200003712438
33,3,54,98,2,4,100,262,2.62,4,3,2,0.5833333333333334,4,0,0,2,730,288,442,0.6054794520547945,1486,7,0.004016000006231479
33,4,63,4,3,0,100,262,2.62,6,4,3,0.7777777777777778,5,0,0,1,665,261,404,0.6075187969924812,1197,7,0.0036364999978104606
33,5,68,17,3,0,100,262,2.62,5,5,4,0.5795238095238096,6,0,0,3,643,250,393,0.6111975116640747,1345,8,0.0036254000006010756
33,6,74,91,3,4,100,262,2.62,4,1,0,0.0,2,0,0,1,738,291,447,0.6056910569105691,1518,10,0.004055800003698096
33,7,85,45,4,2,100,262,2.62,8,9,8,0.774347643097643,19,0,0,5,626,247,379,0.6054313099041534,1080,6,0.003270200002589263
33,8,88,67,4,3,100,262,2.62,8,20,19,0.8123631047315257,70,1,0,11,1065,401,664,0.6234741784037559,4209,20,0.00882380000257399
33,9,99,25,4,1,100,262,2.62,5,3,2,0.7666666666666666,5,0,0,1,543,218,325,0.5985267034990792,851,6,0.0026854000025196
34,0,11,96,0,4,100,262,2.62,5,9,8,0.7026455026455027,10,0,0,3,547,221,326,0.5959780621572212,826,5,0.0027685000095516443
34,1,26,4,1,0,100,262,2.62,7,12,11,0.7523388648388648,23,0,0,5,1158,452,706,0.6096718480138169,4436,18,0.009661099989898503
34,2,45,66,2,3,100,262,2.62,8,14,13,0.7102730602730604,45,0,0,7,976,388,588,0.6024590163934426,2452,12,0.006172699999297038
34,3,46,84,2,4,100,262,2.62,5,3,2,0.5047619047619047,4,0,0,1,650,259,391,0.6015384615384616,1221,10,0.0034601999941514805
34,4,47,23,2,1,100,262,2.62,6,11,10,0.7487012987012988,19,0,0,4,646,257,389,0.6021671826625387,1215,10,0.0034985999955097213
34,5,64,7,3,0,100,262,2.62,5,4,3,0.6396825396825397,5,0,0,1,974,375,599,0.6149897330595483,2692,12,0.006495599998743273
34,6,71,50,3,2,100,262,2.62,7,12,11,0.7064093314093314,31,0,0,2,555,227,328,0.590990990990991,908,6,0.0028445999923860654
34,7,95,27,4,1,100,262,2.62,5,1,0,0.0,3,0,0,2,979,375,604,0.616956077630235,3042,14,0.006909800009452738
34,8,95,36,4,1,100,262,2.62,8,16,15,0.7212962962962963,70,0,0,9,979,375,604,0.616956077630235,3042,14,0.00699239999812562
34,9,99,15,4,0,100,262,2.62,4,1,0,0.0,2,0,0,1,958,369,589,0.6148225469728601,2873,14,0.00661979999858886
35,0,5,86,0,4,100,262,2.62,5,1,0,0.0,2,0,0,3,718,279,439,0.6114206128133705,1570,10,0.004847699994570576
35,1,9,51,0,2,100,262,2.62,4,2,1,0.75,3,0,0,2,1023,401,622,0.6080156402737048,3024,12,0.007451299999956973
35,2,14,78,0,3,100,262,2.62,6,7,6,0.7724867724867724,9,0,0,2,574,211,363,0.632404181184669,961,10,0.0033682000066619366
35,3,17,38,0,1,100,262,2.62,7,15,14,0.7927513227513228,31,0,0,7,695,255,440,0.6330935251798561,1460,12,0.0039816000062273815
35,4,18,96,0,4,100,262,2.62,4,1,0,0.0,3,0,0,3,982,373,609,0.620162932790224,2762,15,0.007144699993659742
35,5,29,44,1,2,100,262,2.62,4,1,0,0.0,2,0,0,1,880,353,527,0.5988636363636364,2330,15,0.005923500008066185
35,6,62,19,3,0,100,262,2.62,4,1,0,0.0,2,0,0,1,609,239,370,0.6075533661740559,1070,8,0.00312619999749586
35,7,62,50,3,2,100,262,2.62,4,1,0,0.0,2,0,0,2,609,239,370,0.6075533661740559,1070,8,0.0033319999929517508
35,8,64,2,3,0,100,262,2.62,3,2,1,1.0,3,0,0,1,577,219,358,0.6204506065857885,908,7,0.0027740999939851463
35,9,81,6,4,0,100,262,2.62,7,6,5,0.6742063492063491,13,0,0,4,783,304,479,0.611749680715198,1817,12,0.00467219999700319
36,0,8,78,0,3,100,262,2.62,3,2,1,0.6666666666666667,3,0,0,1,922,358,564,0.6117136659436009,2203,9,0.005835100004333071
36,1,10,89,0,4,100,262,2.62,8,20,19,0.7632230196703881,51,1,0,4,595,223,372,0.6252100840336134,1125,11,0.0032529000018257648
36,2,23,58,1,2,100,262,2.62,9,5,4,0.4678787878787879,15,0,0,2,623,246,377,0.6051364365971108,1098,6,0.003278299991507083
36,3,24,16,1,0,100,262,2.62,6,5,4,0.818452380952381,6,0,0,4,766,301,465,0.6070496083550914,1621,8,0.004429599997820333
36,4,41,11,2,0,100,262,2.62,5,2,1,1.0,4,0,0,2,579,230,349,0.6027633851468048,944,7,0.0029538999951910228
36,5,63,13,3,0,100,262,2.62,4,1,0,0.0,3,0,0,1,788,301,487,0.618020304568528,1948,11,0.005134299994097091
36,6,66,26,3,1,100,262,2.62,7,15,14,0.7689455782312925,34,0,0,4,474,177,297,0.6265822784810127,642,8,0.0022139000066090375
36,7,69,6,3,0,100,262,2.62,7,12,11,0.8223605098605099,27,0,0,6,555,217,338,0.609009009009009,1021,8,0.0029553000058513135
36,8,77,7,3,0,100,262,2.62,3,1,0,0.0,2,0,0,1,578,229,349,0.6038062283737025,960,8,0.0030073000089032575
36,9,96,31,4,1,100,262,2.62,8,12,11,0.7606251913070095,55,0,0,7,618,239,379,0.6132686084142395,1151,8,0.003419999993639067
37,0,10,45,0,2,100,262,2.62,7,6,5,0.7087301587301588,9,0,0,2,634,256,378,0.5962145110410094,1186,7,0.0037412999954540282
37,1,18,45,0,2,100,262,2.62,9,14,13,0.7039422116345194,50,0,0,3,950,380,570,0.6,2680,11,0.0065227000013692304
37,2,20,95,1,4,100,262,2.62,4,1,0,0.0,2,0,0,1,607,239,368,0.6062602965403624,1048,6,0.0030907999898772687
37,3,31,53,1,2,100,262,2.62,5,7,6,0.7875283446712018,8,0,0,4,472,184,288,0.6101694915254238,621,5,0.002191299994592555
37,4,37,88,1,4,100,262,2.62,4,2,1,0.5,3,0,0,2,660,260,400,0.6060606060606061,1244,7,0.0034829999931389466
37,5,52,38,2,1,100,262,2.62,9,19,18,0.7375241392785252,64,0,0,6,888,356,532,0.5990990990990991,2516,10,0.006145799998193979
37,6,55,82,2,4,100,262,2.62,4,4,3,0.8416666666666667,5,0,0,4,1020,395,625,0.6127450980392157,2965,11,0.007104300006176345
37,7,81,56,4,2,100,262,2.62,2,1,0,0.0,2,0,0,1,530,209,321,0.6056603773584905,904,9,0.0026750999968498945
37,8,84,48,4,2,100,262,2.62,4,2,1,0.75,3,0,0,1,533,212,321,0.6022514071294559,791,5,0.0025908000097842887
37,9,91,15,4,0,100,262,2.62,6,10,9,0.8318342151675485,19,0,0,5,609,237,372,0.6108374384236454,1050,8,0.0031205999985104427
38,0,13,52,0,2,100,262,2.62,4,2,1,0.75,3,0,0,2,722,287,435,0.6024930747922438,1934,11,0.005380000002332963
38,1,21,7,1,0,100,262,2.62,4,2,1,0.5,3,0,0,2,570,225,345,0.6052631578947368,1025,9,0.0029864000098314136
38,2,34,75,1,3,100,262,2.62,6,5,4,0.7535714285714286,8,0,0,1,656,261,395,0.6021341463414634,1174,10,0.0034838999999919906
38,3,42,67,2,3,100,262,2.62,6,8,7,0.8302862811791384,14,0,0,3,613,245,368,0.600326264274062,1047,6,0.0032608000037726015
38,4,50,62,2,3,100,262,2.62,2,1,0,0.0,2,0,0,1,622,247,375,0.6028938906752411,1229,8,0.0034548999974504113
38,5,54,90,2,4,100,262,2.62,5,5,4,0.6366666666666667,7,0,0,3,494,189,305,0.6174089068825911,650,5,0.00228610000340268
38,6,83,36,4,1,100,262,2.62,7,7,6,0.7301587301587302,18,0,0,3,753,293,460,0.6108897742363878,1604,9,0.004328600000008009
38,7,97,54,4,2,100,262,2.62,4,3,2,0.8333333333333334,5,0,0,2,636,255,381,0.5990566037735849,1134,7,0.003348099999129772
38,8,98,43,4,2,100,262,2.62,2,1,0,0.0,2,0,0,1,527,209,318,0.603415559772296,787,7,0.0026821999927051365
38,9,98,59,4,2,100,262,2.62,8,5,4,0.5520454545454545,20,0,0,1,527,209,318,0.603415559772296,787,7,0.002526900003431365
39,0,16,26,0,1,100,262,2.62,5,3,2,0.7333333333333334,4,0,0,2,541,219,322,0.5951940850277264,822,5,0.0028409000078681856
39,1,17,69,0,3,100,262,2.62,7,10,9,0.7479717813051147,19,0,0,3,587,237,350,0.596252129471891,991,6,0.002982299993163906
39,2,21,60,1,3,100,262,2.62,7,15,14,0.7980536659108088,27,0,0,3,759,300,459,0.6047430830039525,1835,12,0.00475370000640396
39,3,22,9,1,0,100,262,2.62,7,17,16,0.8133870214752568,25,0,0,4,648,261,387,0.5972222222222222,1181,7,0.003498400008538738
39,4,29,18,1,0,100,262,2.62,7,3,2,0.6428571428571429,5,0,0,1,524,207,317,0.6049618320610687,792,5,0.002494900007150136
39,5,43,65,2,3,100,262,2.62,6,3,2,0.7361111111111112,5,0,0,1,510,202,308,0.6039215686274509,726,7,0.002358099998673424
39,6,48,3,2,0,100,262,2.62,2,1,0,0.0,2,0,0,1,519,207,312,0.6011560693641619,769,5,0.002456599992001429
39,7,62,19,3,0,100,262,2.62,7,8,7,0.7811224489795918,11,0,0,1,463,181,282,0.6090712742980562,587,4,0.002260499997646548
39,8,66,46,3,2,100,262,2.62,4,2,1,0.75,3,0,0,2,565,217,348,0.6159292035398231,926,7,0.0027307999989716336
39,9,81,2,4,0,100,262,2.62,4,2,1,1.0,3,0,0,1,508,196,312,0.6141732283464567,721,5,0.002379300000029616
40,0,0,99,0,4,100,262,2.62,4,2,1,0.75,3,0,0,1,572,225,347,0.6066433566433567,844,6,0.0028144999960204586
40,1,3,90,0,4,100,262,2.62,7,6,5,0.7440476190476191,10,0,0,5,604,240,364,0.6026490066225165,968,6,0.0031021000031614676
40,2,13,88,0,4,100,262,2.62,6,5,4,0.830952380952381,6,0,0,3,481,193,288,0.5987525987525988,618,5,0.002294399993843399
40,3,20,13,1,0,100,262,2.62,4,2,1,1.0,3,0,0,1,539,221,318,0.5899814471243042,872,7,0.002955799995106645
40,4,28,15,1,0,100,262,2.62,4,2,1,0.75,3,0,0,2,546,214,332,0.608058608058608,876,9,0.0027737999917007983
40,5,38,5,1,0,100,262,2.62,1,1,0,0.0,2,0,0,1,516,200,316,0.6124031007751938,779,7,0.0024988999939523637
40,6,51,23,2,1,100,262,2.62,7,16,15,0.8233730158730158,30,0,0,5,498,191,307,0.6164658634538153,737,7,0.0024707999982638285
40,7,86,24,4,1,100,262,2.62,7,17,16,0.8396533613445378,24,0,0,3,505,197,308,0.6099009900990099,710,6,0.002351900009671226
40,8,89,23,4,1,100,262,2.62,8,20,19,0.8025850611376927,35,1,0,3,651,251,400,0.6144393241167435,1232,8,0.00347590001183562
40,9,98,71,4,3,100,262,2.62,4,2,1,0.75,3,0,0,1,508,199,309,0.6082677165354331,741,7,0.00235870000324212
41,0,5,36,0,1,100,262,2.62,3,1,0,0.0,2,0,0,1,578,220,358,0.6193771626297578,993,8,0.0029196999967098236
41,1,11,79,0,3,100,262,2.62,7,11,10,0.707070707070707,20,0,0,8,659,265,394,0.5978755690440061,1167,8,0.003457900005741976
41,2,27,43,1,2,100,262,2.62,7,9,8,0.7123015873015873,21,0,0,7,801,322,479,0.5980024968789014,1771,9,0.0047045999963302165
41,3,32,97,1,4,100,262,2.62,8,10,9,0.7345959595959596,33,0,0,4,623,251,372,0.5971107544141252,1076,8,0.0032740000024205074
41,4,54,13,2,0,100,262,2.62,4,1,0,0.0,3,0,0,1,529,215,314,0.5935727788279773,822,6,0.0025633000041125342
41,5,61,19,3,0,100,262,2.62,6,2,1,0.6666666666666667,3,0,0,2,616,241,375,0.6087662337662337,1036,6,0.0031103000073926523
41,6,64,2,3,0,100,262,2.62,7,7,6,0.7964663643235073,11,0,0,2,847,327,520,0.6139315230224321,2043,10,0.005107400007545948
41,7,80,6,4,0,100,262,2.62,6,4,3,0.8194444444444445,10,0,0,2,731,287,444,0.6073871409028728,1750,10,0.004607800001394935
41,8,89,54,4,2,100,262,2.62,2,1,0,0.0,2,0,0,1,539,210,329,0.6103896103896104,908,10,0.002711599998292513
41,9,94,40,4,2,100,262,2.62,8,1,0,0.0,8,0,0,2,630,253,377,0.5984126984126984,1141,7,0.004231900005834177
42,0,10,93,0,4,100,262,2.62,5,3,2,0.8380952380952381,4,0,0,4,782,303,479,0.612531969309463,1641,7,0.004414099996211007
42,1,19,86,0,4,100,262,2.62,1,1,0,0.0,2,0,0,1,678,270,408,0.6017699115044248,1208,7,0.0037200999940978363
42,2,25,54,1,2,100,262,2.62,5,4,3,0.7722222222222223,5,0,0,2,447,180,267,0.5973154362416108,547,6,0.0019831999961752445
42,3,34,6,1,0,100,262,2.62,11,10,9,0.7204011729011728,56,0,0,6,749,296,453,0.6048064085447263,1780,10,0.004500799986999482
42,4,39,65,1,3,100,262,2.62,7,10,9,0.789347442680776,20,0,0,5,822,329,493,0.5997566909975669,2025,10,0.0052143000066280365
42,5,51,95,2,4,100,262,2.62,7,13,12,0.8186660561660561,28,0,0,3,563,218,345,0.6127886323268206,965,9,0.0038914000033400953
42,6,71,57,3,2,100,262,2.62,8,5,4,0.7582070707070707,18,0,0,2,487,198,289,0.5934291581108829,653,5,0.002868099996703677
42,7,74,50,3,2,100,262,2.62,4,4,3,0.8916666666666666,5,0,0,2,566,228,338,0.5971731448763251,918,7,0.0027677000034600496
42,8,84,78,4,3,100,262,2.62,6,9,8,0.7638888888888888,16,0,0,3,497,195,302,0.607645875251509,697,6,0.0023511000035796314
42,9,92,4,4,0,100,262,2.62,4,1,0,0.0,2,0,0,1,485,192,293,0.6041237113402061,646,5,0.002172299995436333
43,0,6,68,0,3,100,262,2.62,6,7,6,0.7772108843537415,11,0,0,2,564,219,345,0.6117021276595744,909,8,0.003277900003013201
43,1,27,78,1,3,100,262,2.62,5,1,0,0.0,2,0,0,4,506,202,304,0.6007905138339921,745,6,0.002416200004518032
43,2,30,95,1,4,100,262,2.62,3,1,0,0.0,2,0,0,1,455,185,270,0.5934065934065934,584,6,0.0020413000020198524
43,3,31,12,1,0,100,262,2.62,8,9,8,0.7712752525252525,19,0,0,2,438,176,262,0.5981735159817352,494,5,0.0019012999982805923
43,4,60,54,3,2,100,262,2.62,2,1,0,0.0,2,0,0,1,562,224,338,0.6014234875444839,869,7,0.0027886000025318936
43,5,69,16,3,0,100,262,2.62,4,3,2,0.6666666666666666,4,0,0,3,589,231,358,0.6078098471986417,1020,8,0.0030138000001898035
43,6,86,8,4,0,100,262,2.62,8,15,14,0.7706301106301107,27,0,0,3,525,204,321,0.6114285714285714,740,6,0.0024849999899743125
43,7,89,18,4,0,100,262,2.62,2,1,0,0.0,2,0,0,1,613,226,387,0.6313213703099511,1089,8,0.003263499995227903
43,8,94,21,4,1,100,262,2.62,7,2,1,0.7142857142857143,5,0,0,2,785,299,486,0.619108280254777,1854,8,0.004750600011902861
43,9,95,41,4,2,100,262,2.62,5,2,1,0.6,3,0,0,1,672,263,409,0.6086309523809523,1395,8,0.0037534000002779067
44,0,16,89,0,4,100,262,2.62,3,1,0,0.0,2,0,0,2,580,222,358,0.6172413793103448,1066,9,0.0030838000093353912
44,1,20,90,1,4,100,262,2.62,8,5,4,0.5441919191919192,30,0,0,1,657,257,400,0.60882800608828,1273,8,0.004531499987933785
44,2,23,46,1,2,100,262,2.62,5,2,1,0.4,4,0,0,2,740,294,446,0.6027027027027027,1719,9,0.004555299994535744
44,3,44,96,2,4,100,262,2.62,5,2,1,1.0,5,0,0,8,917,358,559,0.6095965103598692,2391,12,0.005948799996986054
44,4,45,96,2,4,100,262,2.62,6,12,11,0.7991221741221741,29,0,0,5,773,309,464,0.6002587322121604,1807,10,0.00487230000726413
44,5,47,6,2,0,100,262,2.62,7,13,12,0.7963217338217339,44,0,0,8,751,297,454,0.6045272969374168,1748,10,0.004590999989886768
44,6,48,86,2,4,100,262,2.62,4,2,1,0.75,3,0,0,1,505,196,309,0.6118811881188119,706,6,0.0023204999888548627
44,7,56,20,2,1,100,262,2.62,6,1,0,0.0,5,0,0,1,791,307,484,0.6118836915297092,1701,11,0.004627900008927099
44,8,82,55,4,2,100,262,2.62,5,2,1,0.6,3,0,0,1,613,238,375,0.6117455138662317,1152,8,0.003306800004793331
44,9,86,51,4,2,100,262,2.62,1,1,0,0.0,2,0,0,1,672,258,414,0.6160714285714286,1365,9,0.003748200004338287
45,0,16,25,0,1,100,262,2.62,4,2,1,1.0,5,0,0,1,694,276,418,0.6023054755043228,1483,11,0.004013800004031509
45,1,32,57,1,2,100,262,2.62,5,4,3,0.8285714285714286,8,0,0,2,933,365,568,0.6087888531618435,2552,14,0.006326300004730001
45,2,64,8,3,0,100,262,2.62,5,9,8,0.8137566137566137,11,0,0,4,745,284,461,0.6187919463087248,1523,10,0.004219900001771748
45,3,66,8,3,0,100,262,2.62,7,8,7,0.7699829931972789,16,0,0,7,905,347,558,0.6165745856353592,2322,11,0.005889099993510172
45,4,70,90,3,4,100,262,2.62,6,3,2,0.7962962962962963,6,0,0,1,677,267,410,0.6056129985228951,1299,8,0.003900600000633858
45,5,72,94,3,4,100,262,2.62,7,3,2,0.8571428571428571,10,0,0,3,753,295,458,0.6082337317397079,1791,9,0.0047085999976843596
45,6,81,6,4,0,100,262,2.62,3,1,0,0.0,2,0,0,1,574,231,343,0.5975609756097561,885,7,0.0028477000014390796
45,7,84,7,4,0,100,262,2.62,3,1,0,0.0,3,0,0,1,930,368,562,0.6043010752688172,2579,14,0.006292899997788481
45,8,84,24,4,1,100,262,2.62,5,6,5,0.8076190476190476,9,0,0,4,930,368,562,0.6043010752688172,2579,14,0.007738900007097982
45,9,94,4,4,0,100,262,2.62,5,5,4,0.78,9,0,0,5,755,292,463,0.6132450331125828,1655,10,0.004447700004675426
46,0,10,43,0,2,100,262,2.62,5,4,3,0.8928571428571429,6,0,0,2,593,239,354,0.596964586846543,1033,6,0.003129699995042756
46,1,15,58,0,2,100,262,2.62,3,1,0,0.0,2,0,0,1,848,330,518,0.6108490566037735,2167,10,0.005383099996834062
46,2,17,96,0,4,100,262,2.62,7,2,1,0.4285714285714286,3,0,0,1,561,222,339,0.6042780748663101,914,7,0.002880499989259988
46,3,21,49,1,2,100,262,2.62,7,5,4,0.74,8,0,0,2,653,252,401,0.6140888208269525,1234,7,0.003499999991618097
46,4,23,52,1,2,100,262,2.62,7,7,6,0.6816515495086923,11,0,0,1,489,189,300,0.6134969325153374,717,7,0.0023560000117868185
46,5,66,15,3,0,100,262,2.62,7,4,3,0.6111111111111112,10,0,0,2,516,207,309,0.5988372093023255,750,6,0.002489399994374253
46,6,73,54,3,2,100,262,2.62,5,2,1,0.8,3,0,0,1,628,249,379,0.6035031847133758,1082,7,0.0032269000075757504
46,7,75,92,3,4,100,262,2.62,7,3,2,0.7321428571428572,6,0,0,3,506,200,306,0.6047430830039525,694,5,0.0023742000048514456
46,8,92,69,4,3,100,262,2.62,3,1,0,0.0,2,0,0,1,516,199,317,0.6143410852713178,774,7,0.002420799995888956
46,9,98,75,4,3,100,262,2.62,7,7,6,0.7657785336356765,17,0,0,3,515,206,309,0.6,703,5,0.0024062000011326745
47,0,4,75,0,3,100,262,2.62,1,1,0,0.0,2,0,0,1,755,295,460,0.609271523178808,1661,9,0.0044316999992588535
47,1,16,20,0,1,100,262,2.62,5,6,5,0.7333333333333333,7,0,0,2,568,223,345,0.6073943661971831,944,6,0.0029741000034846365
47,2,23,16,1,0,100,262,2.62,4,4,3,0.7833333333333333,5,0,0,3,919,356,563,0.6126224156692056,2218,11,0.005671600010828115
47,3,43,73,2,3,100,262,2.62,6,2,1,0.8333333333333334,7,0,0,3,877,336,541,0.6168757126567845,1986,7,0.00519009999698028
47,4,49,7,2,0,100,262,2.62,3,1,0,0.0,2,0,0,1,639,254,385,0.6025039123630673,1426,11,0.0038564999995287508
47,5,52,12,2,0,100,262,2.62,5,6,5,0.8406349206349206,7,0,0,4,655,260,395,0.6030534351145038,1134,7,0.0033620000031078234
47,6,67,97,3,4,100,262,2.62,2,1,0,0.0,2,0,0,1,567,225,342,0.6031746031746031,930,6,0.002831199992215261
47,7,75,39,3,1,100,262,2.62,7,7,6,0.6592025699168557,19,0,0,3,723,273,450,0.6224066390041494,1594,10,0.004227099998388439
47,8,87,14,4,0,100,262,2.62,6,4,3,0.7103174603174603,7,0,0,2,672,259,413,0.6145833333333334,1387,8,0.003774700002395548
47,9,92,79,4,3,100,262,2.62,5,2,1,0.6,3,0,0,1,497,196,301,0.6056338028169014,634,6,0.0021942999883322045
48,0,9,46,0,2,100,262,2.62,6,7,6,0.7419690098261528,10,0,0,1,500,199,301,0.602,729,6,0.0024234000011347234
48,1,20,68,1,3,100,262,2.62,12,9,8,0.5860144485144485,151,0,0,2,541,202,339,0.6266173752310537,839,8,0.002642300009028986
48,2,27,93,1,4,100,262,2.62,4,4,3,0.9166666666666666,5,0,0,1,571,230,341,0.5971978984238179,977,7,0.002889600000344217
48,3,30,46,1,2,100,262,2.62,7,9,8,0.7411926807760141,12,0,0,5,696,271,425,0.610632183908046,1321,7,0.0037345999880926684
48,4,32,74,1,3,100,262,2.62,6,6,5,0.7626984126984128,11,0,0,5,816,319,497,0.6090686274509803,1942,9,0.004946699991705827
48,5,39,53,1,2,100,262,2.62,6,12,11,0.7836399711399711,16,0,0,4,739,282,457,0.618403247631935,1447,7,0.004081399994902313
48,6,48,35,2,1,100,262,2.62,4,3,2,0.6333333333333333,4,0,0,2,556,218,338,0.6079136690647482,964,7,0.0028258999955141917
48,7,56,66,2,3,100,262,2.62,6,6,5,0.7712962962962963,10,0,0,2,633,247,386,0.6097946287519748,1198,10,0.003325300000142306
48,8,73,58,3,2,100,262,2.62,3,1,0,0.0,2,0,0,1,674,261,413,0.612759643916914,1146,6,0.0035552000044845045
48,9,75,17,3,0,100,262,2.62,7,13,12,0.8128612128612129,29,0,0,6,581,227,354,0.6092943201376936,1000,7,0.0029786999948555604
49,0,15,91,0,4,100,262,2.62,4,2,1,0.75,3,0,0,1,568,217,351,0.6179577464788732,945,9,0.0028449000092223287
49,1,23,65,1,3,100,262,2.62,6,4,3,0.638888888888889,7,0,0,2,575,227,348,0.6052173913043478,925,7,0.0028390999941620976
49,2,29,49,1,2,100,262,2.62,4,2,1,0.5,3,0,0,2,568,228,340,0.5985915492957746,939,7,0.0028759999986505136
49,3,30,87,1,4,100,262,2.62,5,4,3,0.8333333333333334,6,0,0,3,589,231,358,0.6078098471986417,1014,7,0.003046800004085526
49,4,51,25,2,1,100,262,2.62,4,2,1,0.5,3,0,0,1,661,258,403,0.6096822995461422,1375,10,0.0037478000012924895
49,5,51,94,2,4,100,262,2.62,8,13,12,0.7409706034706035,34,0,0,4,661,258,403,0.6096822995461422,1375,10,0.003760899999178946
49,6,67,29,3,1,100,262,2.62,3,3,2,0.888888888888889,4,0,0,2,578,223,355,0.6141868512110726,931,8,0.0028461000038078055
49,7,70,37,3,1,100,262,2.62,5,3,2,0.7714285714285715,4,0,0,3,662,263,399,0.6027190332326284,1243,8,0.0036736000038217753
49,8,78,16,3,0,100,262,2.62,6,5,4,0.7222222222222222,7,0,0,2,688,277,411,0.5973837209302325,1381,9,0.003782400002819486
49,9,94,9,4,0,100,262,2.62,7,5,4,0.7826984126984127,9,0,0,2,549,213,336,0.6120218579234973,881,9,0.0027027000032830983
