predictor,outcome,pearson_r,pearson_p,spearman_rho,spearman_p
distinct_route_count,target_pareto_labels,0.6613442800625657,3.4345149932609675e-64,0.6450715754354002,3.6087637382748487e-60
distinct_route_count,generated_labels,0.0738787289889045,0.09892259599892353,0.0765351416936079,0.0873393688357679
distinct_route_count,dominance_checks,0.08610756630280302,0.05433206694955563,0.07475476307129356,0.09497467511964655
distinct_route_count,runtime_seconds,0.07706477551554451,0.08516583206583808,0.07326396343127237,0.10177026082320723
distinct_route_count,max_labels_per_node,0.11752706979439087,0.008525193145364648,0.07233171273948232,0.10621226417770856
distinct_alternative_count,target_pareto_labels,0.6613442800625657,3.4345149932609675e-64,0.6450715754354002,3.6087637382748487e-60
distinct_alternative_count,generated_labels,0.0738787289889045,0.09892259599892353,0.0765351416936079,0.0873393688357679
distinct_alternative_count,dominance_checks,0.08610756630280302,0.05433206694955563,0.07475476307129356,0.09497467511964655
distinct_alternative_count,runtime_seconds,0.07706477551554451,0.08516583206583808,0.07326396343127237,0.10177026082320723
distinct_alternative_count,max_labels_per_node,0.11752706979439087,0.008525193145364648,0.07233171273948232,0.10621226417770856
mean_pairwise_diversity,target_pareto_labels,0.3954706770740281,3.629201127220405e-20,0.42095483739296663,6.804770140602276e-23
mean_pairwise_diversity,generated_labels,0.03376677973383477,0.45122567753291754,-0.019530201291333746,0.6630855342677262
mean_pairwise_diversity,dominance_checks,0.024345950919399752,0.5870540884633753,-0.01999056240201006,0.6556490147738582
mean_pairwise_diversity,runtime_seconds,0.02361862860594814,0.5982767491166016,-0.022035824329234625,0.623028698942955
mean_pairwise_diversity,max_labels_per_node,0.021809891392934086,0.6265976383086322,0.011295429871276555,0.80108020081828
shortest_hops,target_pareto_labels,0.45707248729622757,3.527134366592421e-27,0.48162906834701424,2.12430588625489e-30
shortest_hops,generated_labels,0.04175574037722258,0.3514625111041386,0.06740080811686947,0.13230669443717918
shortest_hops,dominance_checks,0.04628945035913441,0.30159138300781524,0.0732695361679405,0.10174415812108535
shortest_hops,runtime_seconds,0.03724897712374231,0.40590797510921717,0.06674206568138742,0.13613886318829635
shortest_hops,max_labels_per_node,0.07065767025320896,0.11457208452721677,0.05075076921814497,0.257335464319542
