,mean,std,min,median,max
distinct_route_count,5.338,4.513146683409696,1.0,4.0,20.0
distinct_alternative_count,4.338,4.513146683409696,0.0,3.0,19.0
mean_pairwise_diversity,0.592423698534925,0.307437300442082,0.0,0.7254488566988567,1.0
shortest_hops,5.6,1.955414865083412,1.0,6.0,12.0
target_pareto_labels,2.618,1.7749300700329054,1.0,2.0,11.0
generated_labels,664.052,134.9278783673761,402.0,640.0,1166.0
dominance_checks,1338.0,600.7701470105503,412.0,1200.0,4436.0
runtime_seconds,0.0037755248001194058,0.001254808092593172,0.0016481000056955,0.0035023999953408998,0.0096610999898985
max_labels_per_node,8.322,2.253991338472226,4.0,8.0,20.0
