outcome,model,variable,coef,std_error,p_value,ci_lower,ci_upper,r_squared,adj_r_squared
log_pareto,route_count_control_hops,z_distinct_routes,0.2636105127589175,0.020836942076873425,1.1030080039612355e-36,0.22277085674029834,0.30445016877753667,0.422002615408253,0.4196766701986283
log_pareto,route_count_control_hops,z_shortest_hops,0.02944627454783852,0.020053696369481663,0.1420033613763656,-0.00985824809324718,0.06875079718892421,0.422002615408253,0.4196766701986283
log_pareto,route_count_diversity_control_hops,z_distinct_routes,0.24038042924963454,0.021291663690219877,1.4722959341986213e-29,0.1986495352458644,0.2821113232534047,0.4421274259557748,0.4387531966772815
log_pareto,route_count_diversity_control_hops,z_mean_diversity,0.07355807329362012,0.015910230179850403,3.77647837712203e-06,0.0423745951553711,0.10474155143186914,0.4421274259557748,0.4387531966772815
log_pareto,route_count_diversity_control_hops,z_shortest_hops,0.009872168253001959,0.020725181841971634,0.6338344020856246,-0.030748441730305942,0.05049277823630986,0.4421274259557748,0.4387531966772815
log_generated,route_count_control_hops,z_distinct_routes,0.015336520094384493,0.01248858522473108,0.21943081362808592,-0.00914065716394748,0.03981369735271646,0.005882024634200178,0.0018815498842371658
log_generated,route_count_control_hops,z_shortest_hops,-0.0009680728052108567,0.010899776951765281,0.9292282719000211,-0.022331243070190583,0.02039509745976887,0.005882024634200178,0.0018815498842371658
log_generated,route_count_diversity_control_hops,z_distinct_routes,0.015616044868031378,0.012976990693694028,0.22883544969479952,-0.009818389519320368,0.041050479255383125,0.005897275367923394,-0.00011544272460928262
log_generated,route_count_diversity_control_hops,z_mean_diversity,-0.0008851153625459435,0.010627150274375502,0.933622446696267,-0.02171394715861688,0.019943716433524994,0.005897275367923394,-0.00011544272460928262
log_generated,route_count_diversity_control_hops,z_shortest_hops,-0.0007325399613786199,0.011334197039590727,0.9484678389270434,-0.022947157952656946,0.021482078029899706,0.005897275367923394,-0.00011544272460928262
log_checks,route_count_control_hops,z_distinct_routes,0.03337820097412376,0.027048881579441096,0.2172045421639036,-0.019636632743669682,0.0863930346919172,0.0069899813609447525,0.002993965189359016
log_checks,route_count_control_hops,z_shortest_hops,-0.0002556733865506089,0.022689106874958603,0.9910091864056291,-0.044725505702849604,0.044214158929748386,0.0069899813609447525,0.002993965189359016
log_checks,route_count_diversity_control_hops,z_distinct_routes,0.035938229995694515,0.02801516228779048,0.1995574031885864,-0.01897047910941957,0.0908469391008086,0.007287488365482764,0.0012831788193061744
log_checks,route_count_diversity_control_hops,z_mean_diversity,-0.008106333424382751,0.02192803365121122,0.7116216849616602,-0.05108448963253908,0.03487182278377358,0.007287488365482764,0.0012831788193061744
log_checks,route_count_diversity_control_hops,z_shortest_hops,0.00190145532829325,0.023543385708778602,0.9356297287096353,-0.04424273273504782,0.04804564339163432,0.007287488365482764,0.0012831788193061744
log_runtime,route_count_control_hops,z_distinct_routes,0.02597163029791749,0.020277631228543036,0.20026322718865408,-0.013771796601811551,0.06571505719764653,0.006338739824762074,0.0023401029628898895
log_runtime,route_count_control_hops,z_shortest_hops,-0.003003898047766046,0.017219443977739883,0.8615133719216167,-0.036753388077941346,0.030745591982409254,0.006338739824762074,0.0023401029628898895
log_runtime,route_count_diversity_control_hops,z_distinct_routes,0.027384226435342697,0.02096189031139753,0.1914228421081049,-0.013700323622875557,0.06846877649356095,0.006495845884759155,0.0004867481784168737
log_runtime,route_count_diversity_control_hops,z_mean_diversity,-0.00447298651205752,0.016885869497107735,0.7910901626307475,-0.037568682574032154,0.028622709549917115,0.006495845884759155,0.0004867481784168737
log_runtime,route_count_diversity_control_hops,z_shortest_hops,-0.0018136179123291185,0.017951232368620704,0.9195264284997109,-0.036997386832935346,0.03337015100827711,0.006495845884759155,0.0004867481784168737
