route_count_group,observations,mean_pareto,mean_generated,mean_checks,mean_runtime,mean_shortest_hops,mean_pairwise_diversity
1,96,1.3020833333333333,650.5625,1293.0520833333333,0.003686260417149793,3.3541666666666665,0.0
2,82,1.7926829268292683,674.1951219512196,1384.5243902439024,0.0038440951224978192,4.7560975609756095,0.6813008130081301
3,55,2.1454545454545455,641.1818181818181,1224.490909090909,0.0035173618187069036,5.254545454545455,0.7273280423280423
4,46,2.5217391304347827,679.4130434782609,1379.391304347826,0.003897882608884054,5.304347826086956,0.7540317371839111
5,40,2.45,656.725,1300.975,0.0037513449995457823,6.2,0.7352300685425686
6,29,3.1724137931034484,668.7931034482758,1354.7241379310344,0.003854517241365807,6.275862068965517,0.7530176975004561
7,24,2.5416666666666665,636.125,1222.5416666666667,0.003513854167370746,6.791666666666667,0.7433074255990922
8,18,3.6666666666666665,681.8333333333334,1424.111111111111,0.003943072222884589,6.944444444444445,0.7380264605842337
9,23,3.5217391304347827,641.4782608695652,1217.695652173913,0.0035364826085834953,7.304347826086956,0.7398886372618257
10+,87,4.655172413793103,687.4942528735633,1450.9080459770114,0.003993406895669825,7.689655172413793,0.7617088647259908
