origin,destination,route_id,travel_time_seconds,travel_time_minutes,transfers,walking_seconds,walking_minutes,path
東湖站,七張站,1,2882,48.03333333333333,3,540,9.0,東湖站[BR] -> 南港軟體園區站[BR] -> 南港展覽館站[BR] -> 南港展覽館站[BL] -> 南港站[BL] -> 昆陽站[BL] -> 後山埤站[BL] -> 永春站[BL] -> 市政府站[BL] -> 國父紀念館站[BL] -> 忠孝敦化站[BL] -> 忠孝復興站[BL] -> 忠孝新生站[BL] -> 忠孝新生站[O#4] -> 東門站[O#4] -> 古亭站[O#4] -> 古亭站[G] -> 台電大樓站[G] -> 公館站[G] -> 萬隆站[G] -> 景美站[G] -> 大坪林站[G] -> 七張站[G]
東湖站,七張站,2,3066,51.1,2,420,7.0,東湖站[BR] -> 南港軟體園區站[BR] -> 南港展覽館站[BR] -> 南港展覽館站[BL] -> 南港站[BL] -> 昆陽站[BL] -> 後山埤站[BL] -> 永春站[BL] -> 市政府站[BL] -> 國父紀念館站[BL] -> 忠孝敦化站[BL] -> 忠孝復興站[BL] -> 忠孝新生站[BL] -> 善導寺站[BL] -> 台北車站[BL] -> 西門站[BL] -> 西門站[G] -> 小南門站[G] -> 中正紀念堂站[G] -> 古亭站[G] -> 台電大樓站[G] -> 公館站[G] -> 萬隆站[G] -> 景美站[G] -> 大坪林站[G] -> 七張站[G]
東湖站,七張站,3,3253,54.21666666666667,1,300,5.0,東湖站[BR] -> 葫洲站[BR] -> 大湖公園站[BR] -> 內湖站[BR] -> 文德站[BR] -> 港墘站[BR] -> 西湖站[BR] -> 劍南路站[BR] -> 大直站[BR] -> 松山機場站[BR] -> 中山國中站[BR] -> 南京復興站[BR] -> 南京復興站[G] -> 松江南京站[G] -> 中山站[G] -> 北門站[G] -> 西門站[G] -> 小南門站[G] -> 中正紀念堂站[G] -> 古亭站[G] -> 台電大樓站[G] -> 公館站[G] -> 萬隆站[G] -> 景美站[G] -> 大坪林站[G] -> 七張站[G]
東湖站,三和國中站,1,2519,41.983333333333334,2,420,7.0,東湖站[BR] -> 南港軟體園區站[BR] -> 南港展覽館站[BR] -> 南港展覽館站[BL] -> 南港站[BL] -> 昆陽站[BL] -> 後山埤站[BL] -> 永春站[BL] -> 市政府站[BL] -> 國父紀念館站[BL] -> 忠孝敦化站[BL] -> 忠孝復興站[BL] -> 忠孝新生站[BL] -> 忠孝新生站[O#5] -> 松江南京站[O#5] -> 行天宮站[O#5] -> 中山國小站[O#5] -> 民權西路站[O#5] -> 大橋頭站[O#5] -> 三重國小站[O] -> 三和國中站[O]
東湖站,三民高中站,1,2743,45.71666666666667,2,420,7.0,東湖站[BR] -> 南港軟體園區站[BR] -> 南港展覽館站[BR] -> 南港展覽館站[BL] -> 南港站[BL] -> 昆陽站[BL] -> 後山埤站[BL] -> 永春站[BL] -> 市政府站[BL] -> 國父紀念館站[BL] -> 忠孝敦化站[BL] -> 忠孝復興站[BL] -> 忠孝新生站[BL] -> 忠孝新生站[O#5] -> 松江南京站[O#5] -> 行天宮站[O#5] -> 中山國小站[O#5] -> 民權西路站[O#5] -> 大橋頭站[O#5] -> 三重國小站[O] -> 三和國中站[O] -> 徐匯中學站[O] -> 三民高中站[O]
東湖站,三重國小站,1,2387,39.78333333333333,2,420,7.0,東湖站[BR] -> 南港軟體園區站[BR] -> 南港展覽館站[BR] -> 南港展覽館站[BL] -> 南港站[BL] -> 昆陽站[BL] -> 後山埤站[BL] -> 永春站[BL] -> 市政府站[BL] -> 國父紀念館站[BL] -> 忠孝敦化站[BL] -> 忠孝復興站[BL] -> 忠孝新生站[BL] -> 忠孝新生站[O#5] -> 松江南京站[O#5] -> 行天宮站[O#5] -> 中山國小站[O#5] -> 民權西路站[O#5] -> 大橋頭站[O#5] -> 三重國小站[O]
東湖站,三重站,1,2594,43.233333333333334,2,420,7.0,東湖站[BR] -> 南港軟體園區站[BR] -> 南港展覽館站[BR] -> 南港展覽館站[BL] -> 南港站[BL] -> 昆陽站[BL] -> 後山埤站[BL] -> 永春站[BL] -> 市政府站[BL] -> 國父紀念館站[BL] -> 忠孝敦化站[BL] -> 忠孝復興站[BL] -> 忠孝新生站[BL] -> 忠孝新生站[O#4] -> 松江南京站[O#4] -> 行天宮站[O#4] -> 中山國小站[O#4] -> 民權西路站[O#4] -> 大橋頭站[O#4] -> 台北橋站[O] -> 菜寮站[O] -> 三重站[O]
東湖站,中原站,1,3330,55.5,3,780,13.0,東湖站[BR] -> 南港軟體園區站[BR] -> 南港展覽館站[BR] -> 南港展覽館站[BL] -> 南港站[BL] -> 昆陽站[BL] -> 後山埤站[BL] -> 永春站[BL] -> 市政府站[BL] -> 國父紀念館站[BL] -> 忠孝敦化站[BL] -> 忠孝復興站[BL] -> 忠孝新生站[BL] -> 忠孝新生站[O#4] -> 東門站[O#4] -> 古亭站[O#4] -> 頂溪站[O#4] -> 永安市場站[O#4] -> 景安站[O#4] -> 景安站[Y] -> 中和站[Y] -> 橋和站[Y] -> 中原站[Y]
東湖站,中原站,2,3439,57.31666666666667,2,840,14.0,東湖站[BR] -> 南港軟體園區站[BR] -> 南港展覽館站[BR] -> 南港展覽館站[BL] -> 南港站[BL] -> 昆陽站[BL] -> 後山埤站[BL] -> 永春站[BL] -> 市政府站[BL] -> 國父紀念館站[BL] -> 忠孝敦化站[BL] -> 忠孝復興站[BL] -> 忠孝新生站[BL] -> 善導寺站[BL] -> 台北車站[BL] -> 西門站[BL] -> 龍山寺站[BL] -> 江子翠站[BL] -> 新埔站[BL] -> 新埔民生站[Y] -> 板橋站[Y] -> 板新站[Y] -> 中原站[Y]
東湖站,中原站,3,3902,65.03333333333333,4,720,12.0,東湖站[BR] -> 南港軟體園區站[BR] -> 南港展覽館站[BR] -> 南港展覽館站[BL] -> 南港站[BL] -> 昆陽站[BL] -> 後山埤站[BL] -> 永春站[BL] -> 市政府站[BL] -> 國父紀念館站[BL] -> 忠孝敦化站[BL] -> 忠孝復興站[BL] -> 忠孝新生站[BL] -> 忠孝新生站[O#4] -> 東門站[O#4] -> 古亭站[O#4] -> 古亭站[G] -> 台電大樓站[G] -> 公館站[G] -> 萬隆站[G] -> 景美站[G] -> 大坪林站[G] -> 大坪林站[Y] -> 十四張站[Y] -> 秀朗橋站[Y] -> 景平站[Y] -> 景安站[Y] -> 中和站[Y] -> 橋和站[Y] -> 中原站[Y]
東湖站,中原站,4,4086,68.1,3,600,10.0,東湖站[BR] -> 南港軟體園區站[BR] -> 南港展覽館站[BR] -> 南港展覽館站[BL] -> 南港站[BL] -> 昆陽站[BL] -> 後山埤站[BL] -> 永春站[BL] -> 市政府站[BL] -> 國父紀念館站[BL] -> 忠孝敦化站[BL] -> 忠孝復興站[BL] -> 忠孝新生站[BL] -> 善導寺站[BL] -> 台北車站[BL] -> 西門站[BL] -> 西門站[G] -> 小南門站[G] -> 中正紀念堂站[G] -> 古亭站[G] -> 台電大樓站[G] -> 公館站[G] -> 萬隆站[G] -> 景美站[G] -> 大坪林站[G] -> 大坪林站[Y] -> 十四張站[Y] -> 秀朗橋站[Y] -> 景平站[Y] -> 景安站[Y] -> 中和站[Y] -> 橋和站[Y] -> 中原站[Y]
東湖站,中原站,5,4273,71.21666666666667,2,480,8.0,東湖站[BR] -> 葫洲站[BR] -> 大湖公園站[BR] -> 內湖站[BR] -> 文德站[BR] -> 港墘站[BR] -> 西湖站[BR] -> 劍南路站[BR] -> 大直站[BR] -> 松山機場站[BR] -> 中山國中站[BR] -> 南京復興站[BR] -> 南京復興站[G] -> 松江南京站[G] -> 中山站[G] -> 北門站[G] -> 西門站[G] -> 小南門站[G] -> 中正紀念堂站[G] -> 古亭站[G] -> 台電大樓站[G] -> 公館站[G] -> 萬隆站[G] -> 景美站[G] -> 大坪林站[G] -> 大坪林站[Y] -> 十四張站[Y] -> 秀朗橋站[Y] -> 景平站[Y] -> 景安站[Y] -> 中和站[Y] -> 橋和站[Y] -> 中原站[Y]
東湖站,中和站,1,3104,51.733333333333334,3,780,13.0,東湖站[BR] -> 南港軟體園區站[BR] -> 南港展覽館站[BR] -> 南港展覽館站[BL] -> 南港站[BL] -> 昆陽站[BL] -> 後山埤站[BL] -> 永春站[BL] -> 市政府站[BL] -> 國父紀念館站[BL] -> 忠孝敦化站[BL] -> 忠孝復興站[BL] -> 忠孝新生站[BL] -> 忠孝新生站[O#4] -> 東門站[O#4] -> 古亭站[O#4] -> 頂溪站[O#4] -> 永安市場站[O#4] -> 景安站[O#4] -> 景安站[Y] -> 中和站[Y]
東湖站,中和站,2,3665,61.083333333333336,2,840,14.0,東湖站[BR] -> 南港軟體園區站[BR] -> 南港展覽館站[BR] -> 南港展覽館站[BL] -> 南港站[BL] -> 昆陽站[BL] -> 後山埤站[BL] -> 永春站[BL] -> 市政府站[BL] -> 國父紀念館站[BL] -> 忠孝敦化站[BL] -> 忠孝復興站[BL] -> 忠孝新生站[BL] -> 善導寺站[BL] -> 台北車站[BL] -> 西門站[BL] -> 龍山寺站[BL] -> 江子翠站[BL] -> 新埔站[BL] -> 新埔民生站[Y] -> 板橋站[Y] -> 板新站[Y] -> 中原站[Y] -> 橋和站[Y] -> 中和站[Y]
東湖站,中和站,3,3676,61.266666666666666,4,720,12.0,東湖站[BR] -> 南港軟體園區站[BR] -> 南港展覽館站[BR] -> 南港展覽館站[BL] -> 南港站[BL] -> 昆陽站[BL] -> 後山埤站[BL] -> 永春站[BL] -> 市政府站[BL] -> 國父紀念館站[BL] -> 忠孝敦化站[BL] -> 忠孝復興站[BL] -> 忠孝新生站[BL] -> 忠孝新生站[O#4] -> 東門站[O#4] -> 古亭站[O#4] -> 古亭站[G] -> 台電大樓站[G] -> 公館站[G] -> 萬隆站[G] -> 景美站[G] -> 大坪林站[G] -> 大坪林站[Y] -> 十四張站[Y] -> 秀朗橋站[Y] -> 景平站[Y] -> 景安站[Y] -> 中和站[Y]
東湖站,中和站,4,3860,64.33333333333333,3,600,10.0,東湖站[BR] -> 南港軟體園區站[BR] -> 南港展覽館站[BR] -> 南港展覽館站[BL] -> 南港站[BL] -> 昆陽站[BL] -> 後山埤站[BL] -> 永春站[BL] -> 市政府站[BL] -> 國父紀念館站[BL] -> 忠孝敦化站[BL] -> 忠孝復興站[BL] -> 忠孝新生站[BL] -> 善導寺站[BL] -> 台北車站[BL] -> 西門站[BL] -> 西門站[G] -> 小南門站[G] -> 中正紀念堂站[G] -> 古亭站[G] -> 台電大樓站[G] -> 公館站[G] -> 萬隆站[G] -> 景美站[G] -> 大坪林站[G] -> 大坪林站[Y] -> 十四張站[Y] -> 秀朗橋站[Y] -> 景平站[Y] -> 景安站[Y] -> 中和站[Y]
東湖站,中和站,5,4047,67.45,2,480,8.0,東湖站[BR] -> 葫洲站[BR] -> 大湖公園站[BR] -> 內湖站[BR] -> 文德站[BR] -> 港墘站[BR] -> 西湖站[BR] -> 劍南路站[BR] -> 大直站[BR] -> 松山機場站[BR] -> 中山國中站[BR] -> 南京復興站[BR] -> 南京復興站[G] -> 松江南京站[G] -> 中山站[G] -> 北門站[G] -> 西門站[G] -> 小南門站[G] -> 中正紀念堂站[G] -> 古亭站[G] -> 台電大樓站[G] -> 公館站[G] -> 萬隆站[G] -> 景美站[G] -> 大坪林站[G] -> 大坪林站[Y] -> 十四張站[Y] -> 秀朗橋站[Y] -> 景平站[Y] -> 景安站[Y] -> 中和站[Y]
東湖站,中山國中站,1,1263,21.05,0,0,0.0,東湖站[BR] -> 葫洲站[BR] -> 大湖公園站[BR] -> 內湖站[BR] -> 文德站[BR] -> 港墘站[BR] -> 西湖站[BR] -> 劍南路站[BR] -> 大直站[BR] -> 松山機場站[BR] -> 中山國中站[BR]
東湖站,中山國小站,1,2003,33.38333333333333,2,420,7.0,東湖站[BR] -> 南港軟體園區站[BR] -> 南港展覽館站[BR] -> 南港展覽館站[BL] -> 南港站[BL] -> 昆陽站[BL] -> 後山埤站[BL] -> 永春站[BL] -> 市政府站[BL] -> 國父紀念館站[BL] -> 忠孝敦化站[BL] -> 忠孝復興站[BL] -> 忠孝新生站[BL] -> 忠孝新生站[O#4] -> 松江南京站[O#4] -> 行天宮站[O#4] -> 中山國小站[O#4]
東湖站,中山站,1,1925,32.083333333333336,1,300,5.0,東湖站[BR] -> 葫洲站[BR] -> 大湖公園站[BR] -> 內湖站[BR] -> 文德站[BR] -> 港墘站[BR] -> 西湖站[BR] -> 劍南路站[BR] -> 大直站[BR] -> 松山機場站[BR] -> 中山國中站[BR] -> 南京復興站[BR] -> 南京復興站[G] -> 松江南京站[G] -> 中山站[G]
東湖站,中正紀念堂站,1,2128,35.46666666666667,3,540,9.0,東湖站[BR] -> 南港軟體園區站[BR] -> 南港展覽館站[BR] -> 南港展覽館站[BL] -> 南港站[BL] -> 昆陽站[BL] -> 後山埤站[BL] -> 永春站[BL] -> 市政府站[BL] -> 國父紀念館站[BL] -> 忠孝敦化站[BL] -> 忠孝復興站[BL] -> 忠孝新生站[BL] -> 忠孝新生站[O#4] -> 東門站[O#4] -> 東門站[R] -> 中正紀念堂站[R]
東湖站,中正紀念堂站,2,2185,36.416666666666664,2,540,9.0,東湖站[BR] -> 南港軟體園區站[BR] -> 南港展覽館站[BR] -> 南港展覽館站[BL] -> 南港站[BL] -> 昆陽站[BL] -> 後山埤站[BL] -> 永春站[BL] -> 市政府站[BL] -> 國父紀念館站[BL] -> 忠孝敦化站[BL] -> 忠孝復興站[BL] -> 忠孝新生站[BL] -> 善導寺站[BL] -> 台北車站[BL] -> 台北車站[R] -> 台大醫院站[R] -> 中正紀念堂站[R]
東湖站,中正紀念堂站,3,2223,37.05,2,420,7.0,東湖站[BR] -> 南港軟體園區站[BR] -> 南港展覽館站[BR] -> 南港展覽館站[BL] -> 南港站[BL] -> 昆陽站[BL] -> 後山埤站[BL] -> 永春站[BL] -> 市政府站[BL] -> 國父紀念館站[BL] -> 忠孝敦化站[BL] -> 忠孝復興站[BL] -> 忠孝新生站[BL] -> 善導寺站[BL] -> 台北車站[BL] -> 西門站[BL] -> 西門站[G] -> 小南門站[G] -> 中正紀念堂站[G]
東湖站,中正紀念堂站,4,2303,38.38333333333333,1,300,5.0,東湖站[BR] -> 葫洲站[BR] -> 大湖公園站[BR] -> 內湖站[BR] -> 文德站[BR] -> 港墘站[BR] -> 西湖站[BR] -> 劍南路站[BR] -> 大直站[BR] -> 松山機場站[BR] -> 中山國中站[BR] -> 南京復興站[BR] -> 忠孝復興站[BR] -> 大安站[BR] -> 大安站[R] -> 大安森林公園站[R] -> 東門站[R] -> 中正紀念堂站[R]
東湖站,丹鳳站,1,3313,55.21666666666667,2,420,7.0,東湖站[BR] -> 南港軟體園區站[BR] -> 南港展覽館站[BR] -> 南港展覽館站[BL] -> 南港站[BL] -> 昆陽站[BL] -> 後山埤站[BL] -> 永春站[BL] -> 市政府站[BL] -> 國父紀念館站[BL] -> 忠孝敦化站[BL] -> 忠孝復興站[BL] -> 忠孝新生站[BL] -> 忠孝新生站[O#4] -> 松江南京站[O#4] -> 行天宮站[O#4] -> 中山國小站[O#4] -> 民權西路站[O#4] -> 大橋頭站[O#4] -> 台北橋站[O] -> 菜寮站[O] -> 三重站[O] -> 先嗇宮站[O] -> 頭前庄站[O] -> 新莊站[O] -> 輔大站[O] -> 丹鳳站[O]
東湖站,亞東醫院站,1,2714,45.233333333333334,1,300,5.0,東湖站[BR] -> 南港軟體園區站[BR] -> 南港展覽館站[BR] -> 南港展覽館站[BL] -> 南港站[BL] -> 昆陽站[BL] -> 後山埤站[BL] -> 永春站[BL] -> 市政府站[BL] -> 國父紀念館站[BL] -> 忠孝敦化站[BL] -> 忠孝復興站[BL] -> 忠孝新生站[BL] -> 善導寺站[BL] -> 台北車站[BL] -> 西門站[BL] -> 龍山寺站[BL] -> 江子翠站[BL] -> 新埔站[BL] -> 板橋站[BL] -> 府中站[BL] -> 亞東醫院站[BL]
東湖站,信義安和站,1,2012,33.53333333333333,1,300,5.0,東湖站[BR] -> 葫洲站[BR] -> 大湖公園站[BR] -> 內湖站[BR] -> 文德站[BR] -> 港墘站[BR] -> 西湖站[BR] -> 劍南路站[BR] -> 大直站[BR] -> 松山機場站[BR] -> 中山國中站[BR] -> 南京復興站[BR] -> 忠孝復興站[BR] -> 大安站[BR] -> 大安站[R] -> 信義安和站[R]
東湖站,先嗇宮站,1,2761,46.016666666666666,2,420,7.0,東湖站[BR] -> 南港軟體園區站[BR] -> 南港展覽館站[BR] -> 南港展覽館站[BL] -> 南港站[BL] -> 昆陽站[BL] -> 後山埤站[BL] -> 永春站[BL] -> 市政府站[BL] -> 國父紀念館站[BL] -> 忠孝敦化站[BL] -> 忠孝復興站[BL] -> 忠孝新生站[BL] -> 忠孝新生站[O#4] -> 松江南京站[O#4] -> 行天宮站[O#4] -> 中山國小站[O#4] -> 民權西路站[O#4] -> 大橋頭站[O#4] -> 台北橋站[O] -> 菜寮站[O] -> 三重站[O] -> 先嗇宮站[O]
東湖站,內湖站,1,320,5.333333333333333,0,0,0.0,東湖站[BR] -> 葫洲站[BR] -> 大湖公園站[BR] -> 內湖站[BR]
東湖站,公館站,1,2391,39.85,3,540,9.0,東湖站[BR] -> 南港軟體園區站[BR] -> 南港展覽館站[BR] -> 南港展覽館站[BL] -> 南港站[BL] -> 昆陽站[BL] -> 後山埤站[BL] -> 永春站[BL] -> 市政府站[BL] -> 國父紀念館站[BL] -> 忠孝敦化站[BL] -> 忠孝復興站[BL] -> 忠孝新生站[BL] -> 忠孝新生站[O#4] -> 東門站[O#4] -> 古亭站[O#4] -> 古亭站[G] -> 台電大樓站[G] -> 公館站[G]
東湖站,公館站,2,2575,42.916666666666664,2,420,7.0,東湖站[BR] -> 南港軟體園區站[BR] -> 南港展覽館站[BR] -> 南港展覽館站[BL] -> 南港站[BL] -> 昆陽站[BL] -> 後山埤站[BL] -> 永春站[BL] -> 市政府站[BL] -> 國父紀念館站[BL] -> 忠孝敦化站[BL] -> 忠孝復興站[BL] -> 忠孝新生站[BL] -> 善導寺站[BL] -> 台北車站[BL] -> 西門站[BL] -> 西門站[G] -> 小南門站[G] -> 中正紀念堂站[G] -> 古亭站[G] -> 台電大樓站[G] -> 公館站[G]
東湖站,公館站,3,2762,46.03333333333333,1,300,5.0,東湖站[BR] -> 葫洲站[BR] -> 大湖公園站[BR] -> 內湖站[BR] -> 文德站[BR] -> 港墘站[BR] -> 西湖站[BR] -> 劍南路站[BR] -> 大直站[BR] -> 松山機場站[BR] -> 中山國中站[BR] -> 南京復興站[BR] -> 南京復興站[G] -> 松江南京站[G] -> 中山站[G] -> 北門站[G] -> 西門站[G] -> 小南門站[G] -> 中正紀念堂站[G] -> 古亭站[G] -> 台電大樓站[G] -> 公館站[G]
東湖站,六張犁站,1,1843,30.716666666666665,0,0,0.0,東湖站[BR] -> 葫洲站[BR] -> 大湖公園站[BR] -> 內湖站[BR] -> 文德站[BR] -> 港墘站[BR] -> 西湖站[BR] -> 劍南路站[BR] -> 大直站[BR] -> 松山機場站[BR] -> 中山國中站[BR] -> 南京復興站[BR] -> 忠孝復興站[BR] -> 大安站[BR] -> 科技大樓站[BR] -> 六張犁站[BR]
東湖站,劍南路站,1,745,12.416666666666666,0,0,0.0,東湖站[BR] -> 葫洲站[BR] -> 大湖公園站[BR] -> 內湖站[BR] -> 文德站[BR] -> 港墘站[BR] -> 西湖站[BR] -> 劍南路站[BR]
東湖站,劍潭站,1,2507,41.78333333333333,2,540,9.0,東湖站[BR] -> 南港軟體園區站[BR] -> 南港展覽館站[BR] -> 南港展覽館站[BL] -> 南港站[BL] -> 昆陽站[BL] -> 後山埤站[BL] -> 永春站[BL] -> 市政府站[BL] -> 國父紀念館站[BL] -> 忠孝敦化站[BL] -> 忠孝復興站[BL] -> 忠孝新生站[BL] -> 善導寺站[BL] -> 台北車站[BL] -> 台北車站[R] -> 中山站[R] -> 雙連站[R] -> 民權西路站[R] -> 圓山站[R] -> 劍潭站[R]
東湖站,劍潭站,2,2548,42.46666666666667,2,480,8.0,東湖站[BR] -> 葫洲站[BR] -> 大湖公園站[BR] -> 內湖站[BR] -> 文德站[BR] -> 港墘站[BR] -> 西湖站[BR] -> 劍南路站[BR] -> 大直站[BR] -> 松山機場站[BR] -> 中山國中站[BR] -> 南京復興站[BR] -> 南京復興站[G] -> 松江南京站[G] -> 中山站[G] -> 中山站[R] -> 雙連站[R] -> 民權西路站[R] -> 圓山站[R] -> 劍潭站[R]
東湖站,劍潭站,3,3068,51.13333333333333,1,300,5.0,東湖站[BR] -> 葫洲站[BR] -> 大湖公園站[BR] -> 內湖站[BR] -> 文德站[BR] -> 港墘站[BR] -> 西湖站[BR] -> 劍南路站[BR] -> 大直站[BR] -> 松山機場站[BR] -> 中山國中站[BR] -> 南京復興站[BR] -> 忠孝復興站[BR] -> 大安站[BR] -> 大安站[R] -> 大安森林公園站[R] -> 東門站[R] -> 中正紀念堂站[R] -> 台大醫院站[R] -> 台北車站[R] -> 中山站[R] -> 雙連站[R] -> 民權西路站[R] -> 圓山站[R] -> 劍潭站[R]
東湖站,動物園站,1,2525,42.083333333333336,0,0,0.0,東湖站[BR] -> 葫洲站[BR] -> 大湖公園站[BR] -> 內湖站[BR] -> 文德站[BR] -> 港墘站[BR] -> 西湖站[BR] -> 劍南路站[BR] -> 大直站[BR] -> 松山機場站[BR] -> 中山國中站[BR] -> 南京復興站[BR] -> 忠孝復興站[BR] -> 大安站[BR] -> 科技大樓站[BR] -> 六張犁站[BR] -> 麟光站[BR] -> 辛亥站[BR] -> 萬芳醫院站[BR] -> 萬芳社區站[BR] -> 木柵站[BR] -> 動物園站[BR]
東湖站,北投站,1,3308,55.13333333333333,2,540,9.0,東湖站[BR] -> 南港軟體園區站[BR] -> 南港展覽館站[BR] -> 南港展覽館站[BL] -> 南港站[BL] -> 昆陽站[BL] -> 後山埤站[BL] -> 永春站[BL] -> 市政府站[BL] -> 國父紀念館站[BL] -> 忠孝敦化站[BL] -> 忠孝復興站[BL] -> 忠孝新生站[BL] -> 善導寺站[BL] -> 台北車站[BL] -> 台北車站[R] -> 中山站[R] -> 雙連站[R] -> 民權西路站[R] -> 圓山站[R] -> 劍潭站[R] -> 士林站[R] -> 芝山站[R] -> 明德站[R] -> 石牌站[R] -> 唭哩岸站[R] -> 奇岩站[R] -> 北投站[R]
東湖站,北投站,2,3349,55.81666666666667,2,480,8.0,東湖站[BR] -> 葫洲站[BR] -> 大湖公園站[BR] -> 內湖站[BR] -> 文德站[BR] -> 港墘站[BR] -> 西湖站[BR] -> 劍南路站[BR] -> 大直站[BR] -> 松山機場站[BR] -> 中山國中站[BR] -> 南京復興站[BR] -> 南京復興站[G] -> 松江南京站[G] -> 中山站[G] -> 中山站[R] -> 雙連站[R] -> 民權西路站[R] -> 圓山站[R] -> 劍潭站[R] -> 士林站[R] -> 芝山站[R] -> 明德站[R] -> 石牌站[R] -> 唭哩岸站[R] -> 奇岩站[R] -> 北投站[R]
東湖站,北投站,3,3869,64.48333333333333,1,300,5.0,東湖站[BR] -> 葫洲站[BR] -> 大湖公園站[BR] -> 內湖站[BR] -> 文德站[BR] -> 港墘站[BR] -> 西湖站[BR] -> 劍南路站[BR] -> 大直站[BR] -> 松山機場站[BR] -> 中山國中站[BR] -> 南京復興站[BR] -> 忠孝復興站[BR] -> 大安站[BR] -> 大安站[R] -> 大安森林公園站[R] -> 東門站[R] -> 中正紀念堂站[R] -> 台大醫院站[R] -> 台北車站[R] -> 中山站[R] -> 雙連站[R] -> 民權西路站[R] -> 圓山站[R] -> 劍潭站[R] -> 士林站[R] -> 芝山站[R] -> 明德站[R] -> 石牌站[R] -> 唭哩岸站[R] -> 奇岩站[R] -> 北投站[R]
東湖站,北門站,1,2076,34.6,1,300,5.0,東湖站[BR] -> 葫洲站[BR] -> 大湖公園站[BR] -> 內湖站[BR] -> 文德站[BR] -> 港墘站[BR] -> 西湖站[BR] -> 劍南路站[BR] -> 大直站[BR] -> 松山機場站[BR] -> 中山國中站[BR] -> 南京復興站[BR] -> 南京復興站[G] -> 松江南京站[G] -> 中山站[G] -> 北門站[G]
東湖站,十四張站,1,3102,51.7,4,720,12.0,東湖站[BR] -> 南港軟體園區站[BR] -> 南港展覽館站[BR] -> 南港展覽館站[BL] -> 南港站[BL] -> 昆陽站[BL] -> 後山埤站[BL] -> 永春站[BL] -> 市政府站[BL] -> 國父紀念館站[BL] -> 忠孝敦化站[BL] -> 忠孝復興站[BL] -> 忠孝新生站[BL] -> 忠孝新生站[O#4] -> 東門站[O#4] -> 古亭站[O#4] -> 古亭站[G] -> 台電大樓站[G] -> 公館站[G] -> 萬隆站[G] -> 景美站[G] -> 大坪林站[G] -> 大坪林站[Y] -> 十四張站[Y]
東湖站,十四張站,2,3232,53.86666666666667,3,780,13.0,東湖站[BR] -> 南港軟體園區站[BR] -> 南港展覽館站[BR] -> 南港展覽館站[BL] -> 南港站[BL] -> 昆陽站[BL] -> 後山埤站[BL] -> 永春站[BL] -> 市政府站[BL] -> 國父紀念館站[BL] -> 忠孝敦化站[BL] -> 忠孝復興站[BL] -> 忠孝新生站[BL] -> 忠孝新生站[O#4] -> 東門站[O#4] -> 古亭站[O#4] -> 頂溪站[O#4] -> 永安市場站[O#4] -> 景安站[O#4] -> 景安站[Y] -> 景平站[Y] -> 秀朗橋站[Y] -> 十四張站[Y]
東湖站,十四張站,3,3286,54.766666666666666,3,600,10.0,東湖站[BR] -> 南港軟體園區站[BR] -> 南港展覽館站[BR] -> 南港展覽館站[BL] -> 南港站[BL] -> 昆陽站[BL] -> 後山埤站[BL] -> 永春站[BL] -> 市政府站[BL] -> 國父紀念館站[BL] -> 忠孝敦化站[BL] -> 忠孝復興站[BL] -> 忠孝新生站[BL] -> 善導寺站[BL] -> 台北車站[BL] -> 西門站[BL] -> 西門站[G] -> 小南門站[G] -> 中正紀念堂站[G] -> 古亭站[G] -> 台電大樓站[G] -> 公館站[G] -> 萬隆站[G] -> 景美站[G] -> 大坪林站[G] -> 大坪林站[Y] -> 十四張站[Y]
東湖站,十四張站,4,3473,57.88333333333333,2,480,8.0,東湖站[BR] -> 葫洲站[BR] -> 大湖公園站[BR] -> 內湖站[BR] -> 文德站[BR] -> 港墘站[BR] -> 西湖站[BR] -> 劍南路站[BR] -> 大直站[BR] -> 松山機場站[BR] -> 中山國中站[BR] -> 南京復興站[BR] -> 南京復興站[G] -> 松江南京站[G] -> 中山站[G] -> 北門站[G] -> 西門站[G] -> 小南門站[G] -> 中正紀念堂站[G] -> 古亭站[G] -> 台電大樓站[G] -> 公館站[G] -> 萬隆站[G] -> 景美站[G] -> 大坪林站[G] -> 大坪林站[Y] -> 十四張站[Y]
東湖站,南京三民站,1,1905,31.75,1,300,5.0,東湖站[BR] -> 葫洲站[BR] -> 大湖公園站[BR] -> 內湖站[BR] -> 文德站[BR] -> 港墘站[BR] -> 西湖站[BR] -> 劍南路站[BR] -> 大直站[BR] -> 松山機場站[BR] -> 中山國中站[BR] -> 南京復興站[BR] -> 南京復興站[G] -> 台北小巨蛋站[G] -> 南京三民站[G]
東湖站,南京復興站,1,1359,22.65,0,0,0.0,東湖站[BR] -> 葫洲站[BR] -> 大湖公園站[BR] -> 內湖站[BR] -> 文德站[BR] -> 港墘站[BR] -> 西湖站[BR] -> 劍南路站[BR] -> 大直站[BR] -> 松山機場站[BR] -> 中山國中站[BR] -> 南京復興站[BR]
東湖站,南勢角站,1,2640,44.0,2,420,7.0,東湖站[BR] -> 南港軟體園區站[BR] -> 南港展覽館站[BR] -> 南港展覽館站[BL] -> 南港站[BL] -> 昆陽站[BL] -> 後山埤站[BL] -> 永春站[BL] -> 市政府站[BL] -> 國父紀念館站[BL] -> 忠孝敦化站[BL] -> 忠孝復興站[BL] -> 忠孝新生站[BL] -> 忠孝新生站[O#4] -> 東門站[O#4] -> 古亭站[O#4] -> 頂溪站[O#4] -> 永安市場站[O#4] -> 景安站[O#4] -> 南勢角站[O#4]
東湖站,南港展覽館站,1,188,3.1333333333333333,0,0,0.0,東湖站[BR] -> 南港軟體園區站[BR] -> 南港展覽館站[BR]
東湖站,南港站,1,600,10.0,1,300,5.0,東湖站[BR] -> 南港軟體園區站[BR] -> 南港展覽館站[BR] -> 南港展覽館站[BL] -> 南港站[BL]
東湖站,南港軟體園區站,1,85,1.4166666666666667,0,0,0.0,東湖站[BR] -> 南港軟體園區站[BR]
東湖站,古亭站,1,2044,34.06666666666667,2,420,7.0,東湖站[BR] -> 南港軟體園區站[BR] -> 南港展覽館站[BR] -> 南港展覽館站[BL] -> 南港站[BL] -> 昆陽站[BL] -> 後山埤站[BL] -> 永春站[BL] -> 市政府站[BL] -> 國父紀念館站[BL] -> 忠孝敦化站[BL] -> 忠孝復興站[BL] -> 忠孝新生站[BL] -> 忠孝新生站[O#4] -> 東門站[O#4] -> 古亭站[O#4]
東湖站,古亭站,2,2535,42.25,1,300,5.0,東湖站[BR] -> 葫洲站[BR] -> 大湖公園站[BR] -> 內湖站[BR] -> 文德站[BR] -> 港墘站[BR] -> 西湖站[BR] -> 劍南路站[BR] -> 大直站[BR] -> 松山機場站[BR] -> 中山國中站[BR] -> 南京復興站[BR] -> 南京復興站[G] -> 松江南京站[G] -> 中山站[G] -> 北門站[G] -> 西門站[G] -> 小南門站[G] -> 中正紀念堂站[G] -> 古亭站[G]
東湖站,台北101/世貿站,1,2122,35.36666666666667,1,300,5.0,東湖站[BR] -> 葫洲站[BR] -> 大湖公園站[BR] -> 內湖站[BR] -> 文德站[BR] -> 港墘站[BR] -> 西湖站[BR] -> 劍南路站[BR] -> 大直站[BR] -> 松山機場站[BR] -> 中山國中站[BR] -> 南京復興站[BR] -> 忠孝復興站[BR] -> 大安站[BR] -> 大安站[R] -> 信義安和站[R] -> 台北101/世貿站[R]
東湖站,台北小巨蛋站,1,1776,29.6,1,300,5.0,東湖站[BR] -> 葫洲站[BR] -> 大湖公園站[BR] -> 內湖站[BR] -> 文德站[BR] -> 港墘站[BR] -> 西湖站[BR] -> 劍南路站[BR] -> 大直站[BR] -> 松山機場站[BR] -> 中山國中站[BR] -> 南京復興站[BR] -> 南京復興站[G] -> 台北小巨蛋站[G]
東湖站,台北橋站,1,2363,39.38333333333333,2,420,7.0,東湖站[BR] -> 南港軟體園區站[BR] -> 南港展覽館站[BR] -> 南港展覽館站[BL] -> 南港站[BL] -> 昆陽站[BL] -> 後山埤站[BL] -> 永春站[BL] -> 市政府站[BL] -> 國父紀念館站[BL] -> 忠孝敦化站[BL] -> 忠孝復興站[BL] -> 忠孝新生站[BL] -> 忠孝新生站[O#4] -> 松江南京站[O#4] -> 行天宮站[O#4] -> 中山國小站[O#4] -> 民權西路站[O#4] -> 大橋頭站[O#4] -> 台北橋站[O]
東湖站,台北車站,1,1721,28.683333333333334,1,300,5.0,東湖站[BR] -> 南港軟體園區站[BR] -> 南港展覽館站[BR] -> 南港展覽館站[BL] -> 南港站[BL] -> 昆陽站[BL] -> 後山埤站[BL] -> 永春站[BL] -> 市政府站[BL] -> 國父紀念館站[BL] -> 忠孝敦化站[BL] -> 忠孝復興站[BL] -> 忠孝新生站[BL] -> 善導寺站[BL] -> 台北車站[BL]
東湖站,台大醫院站,1,2063,34.38333333333333,2,540,9.0,東湖站[BR] -> 南港軟體園區站[BR] -> 南港展覽館站[BR] -> 南港展覽館站[BL] -> 南港站[BL] -> 昆陽站[BL] -> 後山埤站[BL] -> 永春站[BL] -> 市政府站[BL] -> 國父紀念館站[BL] -> 忠孝敦化站[BL] -> 忠孝復興站[BL] -> 忠孝新生站[BL] -> 善導寺站[BL] -> 台北車站[BL] -> 台北車站[R] -> 台大醫院站[R]
東湖站,台大醫院站,2,2305,38.416666666666664,2,480,8.0,東湖站[BR] -> 葫洲站[BR] -> 大湖公園站[BR] -> 內湖站[BR] -> 文德站[BR] -> 港墘站[BR] -> 西湖站[BR] -> 劍南路站[BR] -> 大直站[BR] -> 松山機場站[BR] -> 中山國中站[BR] -> 南京復興站[BR] -> 南京復興站[G] -> 松江南京站[G] -> 中山站[G] -> 中山站[R] -> 台北車站[R] -> 台大醫院站[R]
東湖站,台大醫院站,3,2428,40.46666666666667,1,300,5.0,東湖站[BR] -> 葫洲站[BR] -> 大湖公園站[BR] -> 內湖站[BR] -> 文德站[BR] -> 港墘站[BR] -> 西湖站[BR] -> 劍南路站[BR] -> 大直站[BR] -> 松山機場站[BR] -> 中山國中站[BR] -> 南京復興站[BR] -> 忠孝復興站[BR] -> 大安站[BR] -> 大安站[R] -> 大安森林公園站[R] -> 東門站[R] -> 中正紀念堂站[R] -> 台大醫院站[R]
東湖站,台電大樓站,1,2282,38.03333333333333,3,540,9.0,東湖站[BR] -> 南港軟體園區站[BR] -> 南港展覽館站[BR] -> 南港展覽館站[BL] -> 南港站[BL] -> 昆陽站[BL] -> 後山埤站[BL] -> 永春站[BL] -> 市政府站[BL] -> 國父紀念館站[BL] -> 忠孝敦化站[BL] -> 忠孝復興站[BL] -> 忠孝新生站[BL] -> 忠孝新生站[O#4] -> 東門站[O#4] -> 古亭站[O#4] -> 古亭站[G] -> 台電大樓站[G]
東湖站,台電大樓站,2,2466,41.1,2,420,7.0,東湖站[BR] -> 南港軟體園區站[BR] -> 南港展覽館站[BR] -> 南港展覽館站[BL] -> 南港站[BL] -> 昆陽站[BL] -> 後山埤站[BL] -> 永春站[BL] -> 市政府站[BL] -> 國父紀念館站[BL] -> 忠孝敦化站[BL] -> 忠孝復興站[BL] -> 忠孝新生站[BL] -> 善導寺站[BL] -> 台北車站[BL] -> 西門站[BL] -> 西門站[G] -> 小南門站[G] -> 中正紀念堂站[G] -> 古亭站[G] -> 台電大樓站[G]
東湖站,台電大樓站,3,2653,44.21666666666667,1,300,5.0,東湖站[BR] -> 葫洲站[BR] -> 大湖公園站[BR] -> 內湖站[BR] -> 文德站[BR] -> 港墘站[BR] -> 西湖站[BR] -> 劍南路站[BR] -> 大直站[BR] -> 松山機場站[BR] -> 中山國中站[BR] -> 南京復興站[BR] -> 南京復興站[G] -> 松江南京站[G] -> 中山站[G] -> 北門站[G] -> 西門站[G] -> 小南門站[G] -> 中正紀念堂站[G] -> 古亭站[G] -> 台電大樓站[G]
東湖站,唭哩岸站,1,3088,51.46666666666667,2,540,9.0,東湖站[BR] -> 南港軟體園區站[BR] -> 南港展覽館站[BR] -> 南港展覽館站[BL] -> 南港站[BL] -> 昆陽站[BL] -> 後山埤站[BL] -> 永春站[BL] -> 市政府站[BL] -> 國父紀念館站[BL] -> 忠孝敦化站[BL] -> 忠孝復興站[BL] -> 忠孝新生站[BL] -> 善導寺站[BL] -> 台北車站[BL] -> 台北車站[R] -> 中山站[R] -> 雙連站[R] -> 民權西路站[R] -> 圓山站[R] -> 劍潭站[R] -> 士林站[R] -> 芝山站[R] -> 明德站[R] -> 石牌站[R] -> 唭哩岸站[R]
東湖站,唭哩岸站,2,3129,52.15,2,480,8.0,東湖站[BR] -> 葫洲站[BR] -> 大湖公園站[BR] -> 內湖站[BR] -> 文德站[BR] -> 港墘站[BR] -> 西湖站[BR] -> 劍南路站[BR] -> 大直站[BR] -> 松山機場站[BR] -> 中山國中站[BR] -> 南京復興站[BR] -> 南京復興站[G] -> 松江南京站[G] -> 中山站[G] -> 中山站[R] -> 雙連站[R] -> 民權西路站[R] -> 圓山站[R] -> 劍潭站[R] -> 士林站[R] -> 芝山站[R] -> 明德站[R] -> 石牌站[R] -> 唭哩岸站[R]
東湖站,唭哩岸站,3,3649,60.81666666666667,1,300,5.0,東湖站[BR] -> 葫洲站[BR] -> 大湖公園站[BR] -> 內湖站[BR] -> 文德站[BR] -> 港墘站[BR] -> 西湖站[BR] -> 劍南路站[BR] -> 大直站[BR] -> 松山機場站[BR] -> 中山國中站[BR] -> 南京復興站[BR] -> 忠孝復興站[BR] -> 大安站[BR] -> 大安站[R] -> 大安森林公園站[R] -> 東門站[R] -> 中正紀念堂站[R] -> 台大醫院站[R] -> 台北車站[R] -> 中山站[R] -> 雙連站[R] -> 民權西路站[R] -> 圓山站[R] -> 劍潭站[R] -> 士林站[R] -> 芝山站[R] -> 明德站[R] -> 石牌站[R] -> 唭哩岸站[R]
東湖站,善導寺站,1,1630,27.166666666666668,1,300,5.0,東湖站[BR] -> 南港軟體園區站[BR] -> 南港展覽館站[BR] -> 南港展覽館站[BL] -> 南港站[BL] -> 昆陽站[BL] -> 後山埤站[BL] -> 永春站[BL] -> 市政府站[BL] -> 國父紀念館站[BL] -> 忠孝敦化站[BL] -> 忠孝復興站[BL] -> 忠孝新生站[BL] -> 善導寺站[BL]
東湖站,國父紀念館站,1,1187,19.783333333333335,1,300,5.0,東湖站[BR] -> 南港軟體園區站[BR] -> 南港展覽館站[BR] -> 南港展覽館站[BL] -> 南港站[BL] -> 昆陽站[BL] -> 後山埤站[BL] -> 永春站[BL] -> 市政府站[BL] -> 國父紀念館站[BL]
東湖站,圓山站,1,2366,39.43333333333333,2,540,9.0,東湖站[BR] -> 南港軟體園區站[BR] -> 南港展覽館站[BR] -> 南港展覽館站[BL] -> 南港站[BL] -> 昆陽站[BL] -> 後山埤站[BL] -> 永春站[BL] -> 市政府站[BL] -> 國父紀念館站[BL] -> 忠孝敦化站[BL] -> 忠孝復興站[BL] -> 忠孝新生站[BL] -> 善導寺站[BL] -> 台北車站[BL] -> 台北車站[R] -> 中山站[R] -> 雙連站[R] -> 民權西路站[R] -> 圓山站[R]
東湖站,圓山站,2,2407,40.11666666666667,2,480,8.0,東湖站[BR] -> 葫洲站[BR] -> 大湖公園站[BR] -> 內湖站[BR] -> 文德站[BR] -> 港墘站[BR] -> 西湖站[BR] -> 劍南路站[BR] -> 大直站[BR] -> 松山機場站[BR] -> 中山國中站[BR] -> 南京復興站[BR] -> 南京復興站[G] -> 松江南京站[G] -> 中山站[G] -> 中山站[R] -> 雙連站[R] -> 民權西路站[R] -> 圓山站[R]
東湖站,圓山站,3,2927,48.78333333333333,1,300,5.0,東湖站[BR] -> 葫洲站[BR] -> 大湖公園站[BR] -> 內湖站[BR] -> 文德站[BR] -> 港墘站[BR] -> 西湖站[BR] -> 劍南路站[BR] -> 大直站[BR] -> 松山機場站[BR] -> 中山國中站[BR] -> 南京復興站[BR] -> 忠孝復興站[BR] -> 大安站[BR] -> 大安站[R] -> 大安森林公園站[R] -> 東門站[R] -> 中正紀念堂站[R] -> 台大醫院站[R] -> 台北車站[R] -> 中山站[R] -> 雙連站[R] -> 民權西路站[R] -> 圓山站[R]
東湖站,土城站,1,3014,50.233333333333334,1,300,5.0,東湖站[BR] -> 南港軟體園區站[BR] -> 南港展覽館站[BR] -> 南港展覽館站[BL] -> 南港站[BL] -> 昆陽站[BL] -> 後山埤站[BL] -> 永春站[BL] -> 市政府站[BL] -> 國父紀念館站[BL] -> 忠孝敦化站[BL] -> 忠孝復興站[BL] -> 忠孝新生站[BL] -> 善導寺站[BL] -> 台北車站[BL] -> 西門站[BL] -> 龍山寺站[BL] -> 江子翠站[BL] -> 新埔站[BL] -> 板橋站[BL] -> 府中站[BL] -> 亞東醫院站[BL] -> 海山站[BL] -> 土城站[BL]
東湖站,士林站,1,2635,43.916666666666664,2,540,9.0,東湖站[BR] -> 南港軟體園區站[BR] -> 南港展覽館站[BR] -> 南港展覽館站[BL] -> 南港站[BL] -> 昆陽站[BL] -> 後山埤站[BL] -> 永春站[BL] -> 市政府站[BL] -> 國父紀念館站[BL] -> 忠孝敦化站[BL] -> 忠孝復興站[BL] -> 忠孝新生站[BL] -> 善導寺站[BL] -> 台北車站[BL] -> 台北車站[R] -> 中山站[R] -> 雙連站[R] -> 民權西路站[R] -> 圓山站[R] -> 劍潭站[R] -> 士林站[R]
東湖站,士林站,2,2676,44.6,2,480,8.0,東湖站[BR] -> 葫洲站[BR] -> 大湖公園站[BR] -> 內湖站[BR] -> 文德站[BR] -> 港墘站[BR] -> 西湖站[BR] -> 劍南路站[BR] -> 大直站[BR] -> 松山機場站[BR] -> 中山國中站[BR] -> 南京復興站[BR] -> 南京復興站[G] -> 松江南京站[G] -> 中山站[G] -> 中山站[R] -> 雙連站[R] -> 民權西路站[R] -> 圓山站[R] -> 劍潭站[R] -> 士林站[R]
東湖站,士林站,3,3196,53.266666666666666,1,300,5.0,東湖站[BR] -> 葫洲站[BR] -> 大湖公園站[BR] -> 內湖站[BR] -> 文德站[BR] -> 港墘站[BR] -> 西湖站[BR] -> 劍南路站[BR] -> 大直站[BR] -> 松山機場站[BR] -> 中山國中站[BR] -> 南京復興站[BR] -> 忠孝復興站[BR] -> 大安站[BR] -> 大安站[R] -> 大安森林公園站[R] -> 東門站[R] -> 中正紀念堂站[R] -> 台大醫院站[R] -> 台北車站[R] -> 中山站[R] -> 雙連站[R] -> 民權西路站[R] -> 圓山站[R] -> 劍潭站[R] -> 士林站[R]
東湖站,大坪林站,1,2777,46.28333333333333,3,540,9.0,東湖站[BR] -> 南港軟體園區站[BR] -> 南港展覽館站[BR] -> 南港展覽館站[BL] -> 南港站[BL] -> 昆陽站[BL] -> 後山埤站[BL] -> 永春站[BL] -> 市政府站[BL] -> 國父紀念館站[BL] -> 忠孝敦化站[BL] -> 忠孝復興站[BL] -> 忠孝新生站[BL] -> 忠孝新生站[O#4] -> 東門站[O#4] -> 古亭站[O#4] -> 古亭站[G] -> 台電大樓站[G] -> 公館站[G] -> 萬隆站[G] -> 景美站[G] -> 大坪林站[G]
東湖站,大坪林站,2,2961,49.35,2,420,7.0,東湖站[BR] -> 南港軟體園區站[BR] -> 南港展覽館站[BR] -> 南港展覽館站[BL] -> 南港站[BL] -> 昆陽站[BL] -> 後山埤站[BL] -> 永春站[BL] -> 市政府站[BL] -> 國父紀念館站[BL] -> 忠孝敦化站[BL] -> 忠孝復興站[BL] -> 忠孝新生站[BL] -> 善導寺站[BL] -> 台北車站[BL] -> 西門站[BL] -> 西門站[G] -> 小南門站[G] -> 中正紀念堂站[G] -> 古亭站[G] -> 台電大樓站[G] -> 公館站[G] -> 萬隆站[G] -> 景美站[G] -> 大坪林站[G]
東湖站,大坪林站,3,3148,52.46666666666667,1,300,5.0,東湖站[BR] -> 葫洲站[BR] -> 大湖公園站[BR] -> 內湖站[BR] -> 文德站[BR] -> 港墘站[BR] -> 西湖站[BR] -> 劍南路站[BR] -> 大直站[BR] -> 松山機場站[BR] -> 中山國中站[BR] -> 南京復興站[BR] -> 南京復興站[G] -> 松江南京站[G] -> 中山站[G] -> 北門站[G] -> 西門站[G] -> 小南門站[G] -> 中正紀念堂站[G] -> 古亭站[G] -> 台電大樓站[G] -> 公館站[G] -> 萬隆站[G] -> 景美站[G] -> 大坪林站[G]
東湖站,大安森林公園站,1,1996,33.266666666666666,1,300,5.0,東湖站[BR] -> 葫洲站[BR] -> 大湖公園站[BR] -> 內湖站[BR] -> 文德站[BR] -> 港墘站[BR] -> 西湖站[BR] -> 劍南路站[BR] -> 大直站[BR] -> 松山機場站[BR] -> 中山國中站[BR] -> 南京復興站[BR] -> 忠孝復興站[BR] -> 大安站[BR] -> 大安站[R] -> 大安森林公園站[R]
東湖站,大安站,1,1592,26.533333333333335,0,0,0.0,東湖站[BR] -> 葫洲站[BR] -> 大湖公園站[BR] -> 內湖站[BR] -> 文德站[BR] -> 港墘站[BR] -> 西湖站[BR] -> 劍南路站[BR] -> 大直站[BR] -> 松山機場站[BR] -> 中山國中站[BR] -> 南京復興站[BR] -> 忠孝復興站[BR] -> 大安站[BR]
東湖站,大橋頭站,1,2210,36.833333333333336,2,420,7.0,東湖站[BR] -> 南港軟體園區站[BR] -> 南港展覽館站[BR] -> 南港展覽館站[BL] -> 南港站[BL] -> 昆陽站[BL] -> 後山埤站[BL] -> 永春站[BL] -> 市政府站[BL] -> 國父紀念館站[BL] -> 忠孝敦化站[BL] -> 忠孝復興站[BL] -> 忠孝新生站[BL] -> 忠孝新生站[O#4] -> 松江南京站[O#4] -> 行天宮站[O#4] -> 中山國小站[O#4] -> 民權西路站[O#4] -> 大橋頭站[O#4]
東湖站,大湖公園站,1,224,3.7333333333333334,0,0,0.0,東湖站[BR] -> 葫洲站[BR] -> 大湖公園站[BR]
東湖站,大直站,1,874,14.566666666666666,0,0,0.0,東湖站[BR] -> 葫洲站[BR] -> 大湖公園站[BR] -> 內湖站[BR] -> 文德站[BR] -> 港墘站[BR] -> 西湖站[BR] -> 劍南路站[BR] -> 大直站[BR]
東湖站,奇岩站,1,3190,53.166666666666664,2,540,9.0,東湖站[BR] -> 南港軟體園區站[BR] -> 南港展覽館站[BR] -> 南港展覽館站[BL] -> 南港站[BL] -> 昆陽站[BL] -> 後山埤站[BL] -> 永春站[BL] -> 市政府站[BL] -> 國父紀念館站[BL] -> 忠孝敦化站[BL] -> 忠孝復興站[BL] -> 忠孝新生站[BL] -> 善導寺站[BL] -> 台北車站[BL] -> 台北車站[R] -> 中山站[R] -> 雙連站[R] -> 民權西路站[R] -> 圓山站[R] -> 劍潭站[R] -> 士林站[R] -> 芝山站[R] -> 明德站[R] -> 石牌站[R] -> 唭哩岸站[R] -> 奇岩站[R]
東湖站,奇岩站,2,3231,53.85,2,480,8.0,東湖站[BR] -> 葫洲站[BR] -> 大湖公園站[BR] -> 內湖站[BR] -> 文德站[BR] -> 港墘站[BR] -> 西湖站[BR] -> 劍南路站[BR] -> 大直站[BR] -> 松山機場站[BR] -> 中山國中站[BR] -> 南京復興站[BR] -> 南京復興站[G] -> 松江南京站[G] -> 中山站[G] -> 中山站[R] -> 雙連站[R] -> 民權西路站[R] -> 圓山站[R] -> 劍潭站[R] -> 士林站[R] -> 芝山站[R] -> 明德站[R] -> 石牌站[R] -> 唭哩岸站[R] -> 奇岩站[R]
東湖站,奇岩站,3,3751,62.516666666666666,1,300,5.0,東湖站[BR] -> 葫洲站[BR] -> 大湖公園站[BR] -> 內湖站[BR] -> 文德站[BR] -> 港墘站[BR] -> 西湖站[BR] -> 劍南路站[BR] -> 大直站[BR] -> 松山機場站[BR] -> 中山國中站[BR] -> 南京復興站[BR] -> 忠孝復興站[BR] -> 大安站[BR] -> 大安站[R] -> 大安森林公園站[R] -> 東門站[R] -> 中正紀念堂站[R] -> 台大醫院站[R] -> 台北車站[R] -> 中山站[R] -> 雙連站[R] -> 民權西路站[R] -> 圓山站[R] -> 劍潭站[R] -> 士林站[R] -> 芝山站[R] -> 明德站[R] -> 石牌站[R] -> 唭哩岸站[R] -> 奇岩站[R]
東湖站,小南門站,1,2120,35.333333333333336,2,420,7.0,東湖站[BR] -> 南港軟體園區站[BR] -> 南港展覽館站[BR] -> 南港展覽館站[BL] -> 南港站[BL] -> 昆陽站[BL] -> 後山埤站[BL] -> 永春站[BL] -> 市政府站[BL] -> 國父紀念館站[BL] -> 忠孝敦化站[BL] -> 忠孝復興站[BL] -> 忠孝新生站[BL] -> 善導寺站[BL] -> 台北車站[BL] -> 西門站[BL] -> 西門站[G] -> 小南門站[G]
東湖站,小南門站,2,2307,38.45,1,300,5.0,東湖站[BR] -> 葫洲站[BR] -> 大湖公園站[BR] -> 內湖站[BR] -> 文德站[BR] -> 港墘站[BR] -> 西湖站[BR] -> 劍南路站[BR] -> 大直站[BR] -> 松山機場站[BR] -> 中山國中站[BR] -> 南京復興站[BR] -> 南京復興站[G] -> 松江南京站[G] -> 中山站[G] -> 北門站[G] -> 西門站[G] -> 小南門站[G]
東湖站,小碧潭站,1,3265,54.416666666666664,4,720,12.0,東湖站[BR] -> 南港軟體園區站[BR] -> 南港展覽館站[BR] -> 南港展覽館站[BL] -> 南港站[BL] -> 昆陽站[BL] -> 後山埤站[BL] -> 永春站[BL] -> 市政府站[BL] -> 國父紀念館站[BL] -> 忠孝敦化站[BL] -> 忠孝復興站[BL] -> 忠孝新生站[BL] -> 忠孝新生站[O#4] -> 東門站[O#4] -> 古亭站[O#4] -> 古亭站[G] -> 台電大樓站[G] -> 公館站[G] -> 萬隆站[G] -> 景美站[G] -> 大坪林站[G] -> 七張站[G] -> 七張站[G-3] -> 小碧潭站[G-3]
東湖站,小碧潭站,2,3449,57.483333333333334,3,600,10.0,東湖站[BR] -> 南港軟體園區站[BR] -> 南港展覽館站[BR] -> 南港展覽館站[BL] -> 南港站[BL] -> 昆陽站[BL] -> 後山埤站[BL] -> 永春站[BL] -> 市政府站[BL] -> 國父紀念館站[BL] -> 忠孝敦化站[BL] -> 忠孝復興站[BL] -> 忠孝新生站[BL] -> 善導寺站[BL] -> 台北車站[BL] -> 西門站[BL] -> 西門站[G] -> 小南門站[G] -> 中正紀念堂站[G] -> 古亭站[G] -> 台電大樓站[G] -> 公館站[G] -> 萬隆站[G] -> 景美站[G] -> 大坪林站[G] -> 七張站[G] -> 七張站[G-3] -> 小碧潭站[G-3]
東湖站,小碧潭站,3,3636,60.6,2,480,8.0,東湖站[BR] -> 葫洲站[BR] -> 大湖公園站[BR] -> 內湖站[BR] -> 文德站[BR] -> 港墘站[BR] -> 西湖站[BR] -> 劍南路站[BR] -> 大直站[BR] -> 松山機場站[BR] -> 中山國中站[BR] -> 南京復興站[BR] -> 南京復興站[G] -> 松江南京站[G] -> 中山站[G] -> 北門站[G] -> 西門站[G] -> 小南門站[G] -> 中正紀念堂站[G] -> 古亭站[G] -> 台電大樓站[G] -> 公館站[G] -> 萬隆站[G] -> 景美站[G] -> 大坪林站[G] -> 七張站[G] -> 七張站[G-3] -> 小碧潭站[G-3]
東湖站,市政府站,1,1082,18.033333333333335,1,300,5.0,東湖站[BR] -> 南港軟體園區站[BR] -> 南港展覽館站[BR] -> 南港展覽館站[BL] -> 南港站[BL] -> 昆陽站[BL] -> 後山埤站[BL] -> 永春站[BL] -> 市政府站[BL]
東湖站,幸福站,1,3192,53.2,2,840,14.0,東湖站[BR] -> 南港軟體園區站[BR] -> 南港展覽館站[BR] -> 南港展覽館站[BL] -> 南港站[BL] -> 昆陽站[BL] -> 後山埤站[BL] -> 永春站[BL] -> 市政府站[BL] -> 國父紀念館站[BL] -> 忠孝敦化站[BL] -> 忠孝復興站[BL] -> 忠孝新生站[BL] -> 善導寺站[BL] -> 台北車站[BL] -> 西門站[BL] -> 龍山寺站[BL] -> 江子翠站[BL] -> 新埔站[BL] -> 新埔民生站[Y] -> 頭前庄站[Y] -> 幸福站[Y]
東湖站,幸福站,2,3384,56.4,3,780,13.0,東湖站[BR] -> 南港軟體園區站[BR] -> 南港展覽館站[BR] -> 南港展覽館站[BL] -> 南港站[BL] -> 昆陽站[BL] -> 後山埤站[BL] -> 永春站[BL] -> 市政府站[BL] -> 國父紀念館站[BL] -> 忠孝敦化站[BL] -> 忠孝復興站[BL] -> 忠孝新生站[BL] -> 忠孝新生站[O#4] -> 松江南京站[O#4] -> 行天宮站[O#4] -> 中山國小站[O#4] -> 民權西路站[O#4] -> 大橋頭站[O#4] -> 台北橋站[O] -> 菜寮站[O] -> 三重站[O] -> 先嗇宮站[O] -> 頭前庄站[O] -> 頭前庄站[Y] -> 幸福站[Y]
東湖站,幸福站,3,4745,79.08333333333333,4,720,12.0,東湖站[BR] -> 南港軟體園區站[BR] -> 南港展覽館站[BR] -> 南港展覽館站[BL] -> 南港站[BL] -> 昆陽站[BL] -> 後山埤站[BL] -> 永春站[BL] -> 市政府站[BL] -> 國父紀念館站[BL] -> 忠孝敦化站[BL] -> 忠孝復興站[BL] -> 忠孝新生站[BL] -> 忠孝新生站[O#4] -> 東門站[O#4] -> 古亭站[O#4] -> 古亭站[G] -> 台電大樓站[G] -> 公館站[G] -> 萬隆站[G] -> 景美站[G] -> 大坪林站[G] -> 大坪林站[Y] -> 十四張站[Y] -> 秀朗橋站[Y] -> 景平站[Y] -> 景安站[Y] -> 中和站[Y] -> 橋和站[Y] -> 中原站[Y] -> 板新站[Y] -> 板橋站[Y] -> 新埔民生站[Y] -> 頭前庄站[Y] -> 幸福站[Y]
東湖站,幸福站,4,4929,82.15,3,600,10.0,東湖站[BR] -> 南港軟體園區站[BR] -> 南港展覽館站[BR] -> 南港展覽館站[BL] -> 南港站[BL] -> 昆陽站[BL] -> 後山埤站[BL] -> 永春站[BL] -> 市政府站[BL] -> 國父紀念館站[BL] -> 忠孝敦化站[BL] -> 忠孝復興站[BL] -> 忠孝新生站[BL] -> 善導寺站[BL] -> 台北車站[BL] -> 西門站[BL] -> 西門站[G] -> 小南門站[G] -> 中正紀念堂站[G] -> 古亭站[G] -> 台電大樓站[G] -> 公館站[G] -> 萬隆站[G] -> 景美站[G] -> 大坪林站[G] -> 大坪林站[Y] -> 十四張站[Y] -> 秀朗橋站[Y] -> 景平站[Y] -> 景安站[Y] -> 中和站[Y] -> 橋和站[Y] -> 中原站[Y] -> 板新站[Y] -> 板橋站[Y] -> 新埔民生站[Y] -> 頭前庄站[Y] -> 幸福站[Y]
東湖站,幸福站,5,5116,85.26666666666667,2,480,8.0,東湖站[BR] -> 葫洲站[BR] -> 大湖公園站[BR] -> 內湖站[BR] -> 文德站[BR] -> 港墘站[BR] -> 西湖站[BR] -> 劍南路站[BR] -> 大直站[BR] -> 松山機場站[BR] -> 中山國中站[BR] -> 南京復興站[BR] -> 南京復興站[G] -> 松江南京站[G] -> 中山站[G] -> 北門站[G] -> 西門站[G] -> 小南門站[G] -> 中正紀念堂站[G] -> 古亭站[G] -> 台電大樓站[G] -> 公館站[G] -> 萬隆站[G] -> 景美站[G] -> 大坪林站[G] -> 大坪林站[Y] -> 十四張站[Y] -> 秀朗橋站[Y] -> 景平站[Y] -> 景安站[Y] -> 中和站[Y] -> 橋和站[Y] -> 中原站[Y] -> 板新站[Y] -> 板橋站[Y] -> 新埔民生站[Y] -> 頭前庄站[Y] -> 幸福站[Y]
東湖站,府中站,1,2584,43.06666666666667,1,300,5.0,東湖站[BR] -> 南港軟體園區站[BR] -> 南港展覽館站[BR] -> 南港展覽館站[BL] -> 南港站[BL] -> 昆陽站[BL] -> 後山埤站[BL] -> 永春站[BL] -> 市政府站[BL] -> 國父紀念館站[BL] -> 忠孝敦化站[BL] -> 忠孝復興站[BL] -> 忠孝新生站[BL] -> 善導寺站[BL] -> 台北車站[BL] -> 西門站[BL] -> 龍山寺站[BL] -> 江子翠站[BL] -> 新埔站[BL] -> 板橋站[BL] -> 府中站[BL]
東湖站,廣慈/奉天宮站,1,2395,39.916666666666664,1,300,5.0,東湖站[BR] -> 葫洲站[BR] -> 大湖公園站[BR] -> 內湖站[BR] -> 文德站[BR] -> 港墘站[BR] -> 西湖站[BR] -> 劍南路站[BR] -> 大直站[BR] -> 松山機場站[BR] -> 中山國中站[BR] -> 南京復興站[BR] -> 忠孝復興站[BR] -> 大安站[BR] -> 大安站[R] -> 信義安和站[R] -> 台北101/世貿站[R] -> 象山站[R] -> 廣慈/奉天宮站[R]
東湖站,後山埤站,1,865,14.416666666666666,1,300,5.0,東湖站[BR] -> 南港軟體園區站[BR] -> 南港展覽館站[BR] -> 南港展覽館站[BL] -> 南港站[BL] -> 昆陽站[BL] -> 後山埤站[BL]
東湖站,徐匯中學站,1,2626,43.766666666666666,2,420,7.0,東湖站[BR] -> 南港軟體園區站[BR] -> 南港展覽館站[BR] -> 南港展覽館站[BL] -> 南港站[BL] -> 昆陽站[BL] -> 後山埤站[BL] -> 永春站[BL] -> 市政府站[BL] -> 國父紀念館站[BL] -> 忠孝敦化站[BL] -> 忠孝復興站[BL] -> 忠孝新生站[BL] -> 忠孝新生站[O#5] -> 松江南京站[O#5] -> 行天宮站[O#5] -> 中山國小站[O#5] -> 民權西路站[O#5] -> 大橋頭站[O#5] -> 三重國小站[O] -> 三和國中站[O] -> 徐匯中學站[O]
東湖站,復興崗站,1,3470,57.833333333333336,2,540,9.0,東湖站[BR] -> 南港軟體園區站[BR] -> 南港展覽館站[BR] -> 南港展覽館站[BL] -> 南港站[BL] -> 昆陽站[BL] -> 後山埤站[BL] -> 永春站[BL] -> 市政府站[BL] -> 國父紀念館站[BL] -> 忠孝敦化站[BL] -> 忠孝復興站[BL] -> 忠孝新生站[BL] -> 善導寺站[BL] -> 台北車站[BL] -> 台北車站[R] -> 中山站[R] -> 雙連站[R] -> 民權西路站[R] -> 圓山站[R] -> 劍潭站[R] -> 士林站[R] -> 芝山站[R] -> 明德站[R] -> 石牌站[R] -> 唭哩岸站[R] -> 奇岩站[R] -> 北投站[R] -> 復興崗站[R]
東湖站,復興崗站,2,3511,58.516666666666666,2,480,8.0,東湖站[BR] -> 葫洲站[BR] -> 大湖公園站[BR] -> 內湖站[BR] -> 文德站[BR] -> 港墘站[BR] -> 西湖站[BR] -> 劍南路站[BR] -> 大直站[BR] -> 松山機場站[BR] -> 中山國中站[BR] -> 南京復興站[BR] -> 南京復興站[G] -> 松江南京站[G] -> 中山站[G] -> 中山站[R] -> 雙連站[R] -> 民權西路站[R] -> 圓山站[R] -> 劍潭站[R] -> 士林站[R] -> 芝山站[R] -> 明德站[R] -> 石牌站[R] -> 唭哩岸站[R] -> 奇岩站[R] -> 北投站[R] -> 復興崗站[R]
東湖站,復興崗站,3,4031,67.18333333333334,1,300,5.0,東湖站[BR] -> 葫洲站[BR] -> 大湖公園站[BR] -> 內湖站[BR] -> 文德站[BR] -> 港墘站[BR] -> 西湖站[BR] -> 劍南路站[BR] -> 大直站[BR] -> 松山機場站[BR] -> 中山國中站[BR] -> 南京復興站[BR] -> 忠孝復興站[BR] -> 大安站[BR] -> 大安站[R] -> 大安森林公園站[R] -> 東門站[R] -> 中正紀念堂站[R] -> 台大醫院站[R] -> 台北車站[R] -> 中山站[R] -> 雙連站[R] -> 民權西路站[R] -> 圓山站[R] -> 劍潭站[R] -> 士林站[R] -> 芝山站[R] -> 明德站[R] -> 石牌站[R] -> 唭哩岸站[R] -> 奇岩站[R] -> 北投站[R] -> 復興崗站[R]
東湖站,忠孝復興站,1,1379,22.983333333333334,1,300,5.0,東湖站[BR] -> 南港軟體園區站[BR] -> 南港展覽館站[BR] -> 南港展覽館站[BL] -> 南港站[BL] -> 昆陽站[BL] -> 後山埤站[BL] -> 永春站[BL] -> 市政府站[BL] -> 國父紀念館站[BL] -> 忠孝敦化站[BL] -> 忠孝復興站[BL]
東湖站,忠孝復興站,2,1480,24.666666666666668,0,0,0.0,東湖站[BR] -> 葫洲站[BR] -> 大湖公園站[BR] -> 內湖站[BR] -> 文德站[BR] -> 港墘站[BR] -> 西湖站[BR] -> 劍南路站[BR] -> 大直站[BR] -> 松山機場站[BR] -> 中山國中站[BR] -> 南京復興站[BR] -> 忠孝復興站[BR]
東湖站,忠孝敦化站,1,1286,21.433333333333334,1,300,5.0,東湖站[BR] -> 南港軟體園區站[BR] -> 南港展覽館站[BR] -> 南港展覽館站[BL] -> 南港站[BL] -> 昆陽站[BL] -> 後山埤站[BL] -> 永春站[BL] -> 市政府站[BL] -> 國父紀念館站[BL] -> 忠孝敦化站[BL]
東湖站,忠孝新生站,1,1509,25.15,1,300,5.0,東湖站[BR] -> 南港軟體園區站[BR] -> 南港展覽館站[BR] -> 南港展覽館站[BL] -> 南港站[BL] -> 昆陽站[BL] -> 後山埤站[BL] -> 永春站[BL] -> 市政府站[BL] -> 國父紀念館站[BL] -> 忠孝敦化站[BL] -> 忠孝復興站[BL] -> 忠孝新生站[BL]
東湖站,忠義站,1,3614,60.233333333333334,2,540,9.0,東湖站[BR] -> 南港軟體園區站[BR] -> 南港展覽館站[BR] -> 南港展覽館站[BL] -> 南港站[BL] -> 昆陽站[BL] -> 後山埤站[BL] -> 永春站[BL] -> 市政府站[BL] -> 國父紀念館站[BL] -> 忠孝敦化站[BL] -> 忠孝復興站[BL] -> 忠孝新生站[BL] -> 善導寺站[BL] -> 台北車站[BL] -> 台北車站[R] -> 中山站[R] -> 雙連站[R] -> 民權西路站[R] -> 圓山站[R] -> 劍潭站[R] -> 士林站[R] -> 芝山站[R] -> 明德站[R] -> 石牌站[R] -> 唭哩岸站[R] -> 奇岩站[R] -> 北投站[R] -> 復興崗站[R] -> 忠義站[R]
東湖站,忠義站,2,3655,60.916666666666664,2,480,8.0,東湖站[BR] -> 葫洲站[BR] -> 大湖公園站[BR] -> 內湖站[BR] -> 文德站[BR] -> 港墘站[BR] -> 西湖站[BR] -> 劍南路站[BR] -> 大直站[BR] -> 松山機場站[BR] -> 中山國中站[BR] -> 南京復興站[BR] -> 南京復興站[G] -> 松江南京站[G] -> 中山站[G] -> 中山站[R] -> 雙連站[R] -> 民權西路站[R] -> 圓山站[R] -> 劍潭站[R] -> 士林站[R] -> 芝山站[R] -> 明德站[R] -> 石牌站[R] -> 唭哩岸站[R] -> 奇岩站[R] -> 北投站[R] -> 復興崗站[R] -> 忠義站[R]
東湖站,忠義站,3,4175,69.58333333333333,1,300,5.0,東湖站[BR] -> 葫洲站[BR] -> 大湖公園站[BR] -> 內湖站[BR] -> 文德站[BR] -> 港墘站[BR] -> 西湖站[BR] -> 劍南路站[BR] -> 大直站[BR] -> 松山機場站[BR] -> 中山國中站[BR] -> 南京復興站[BR] -> 忠孝復興站[BR] -> 大安站[BR] -> 大安站[R] -> 大安森林公園站[R] -> 東門站[R] -> 中正紀念堂站[R] -> 台大醫院站[R] -> 台北車站[R] -> 中山站[R] -> 雙連站[R] -> 民權西路站[R] -> 圓山站[R] -> 劍潭站[R] -> 士林站[R] -> 芝山站[R] -> 明德站[R] -> 石牌站[R] -> 唭哩岸站[R] -> 奇岩站[R] -> 北投站[R] -> 復興崗站[R] -> 忠義站[R]
東湖站,文德站,1,423,7.05,0,0,0.0,東湖站[BR] -> 葫洲站[BR] -> 大湖公園站[BR] -> 內湖站[BR] -> 文德站[BR]
東湖站,新北投站,1,3645,60.75,3,720,12.0,東湖站[BR] -> 南港軟體園區站[BR] -> 南港展覽館站[BR] -> 南港展覽館站[BL] -> 南港站[BL] -> 昆陽站[BL] -> 後山埤站[BL] -> 永春站[BL] -> 市政府站[BL] -> 國父紀念館站[BL] -> 忠孝敦化站[BL] -> 忠孝復興站[BL] -> 忠孝新生站[BL] -> 善導寺站[BL] -> 台北車站[BL] -> 台北車站[R] -> 中山站[R] -> 雙連站[R] -> 民權西路站[R] -> 圓山站[R] -> 劍潭站[R] -> 士林站[R] -> 芝山站[R] -> 明德站[R] -> 石牌站[R] -> 唭哩岸站[R] -> 奇岩站[R] -> 北投站[R] -> 北投站[R-3] -> 新北投站[R-3]
東湖站,新北投站,2,3686,61.43333333333333,3,660,11.0,東湖站[BR] -> 葫洲站[BR] -> 大湖公園站[BR] -> 內湖站[BR] -> 文德站[BR] -> 港墘站[BR] -> 西湖站[BR] -> 劍南路站[BR] -> 大直站[BR] -> 松山機場站[BR] -> 中山國中站[BR] -> 南京復興站[BR] -> 南京復興站[G] -> 松江南京站[G] -> 中山站[G] -> 中山站[R] -> 雙連站[R] -> 民權西路站[R] -> 圓山站[R] -> 劍潭站[R] -> 士林站[R] -> 芝山站[R] -> 明德站[R] -> 石牌站[R] -> 唭哩岸站[R] -> 奇岩站[R] -> 北投站[R] -> 北投站[R-3] -> 新北投站[R-3]
東湖站,新北投站,3,4206,70.1,2,480,8.0,東湖站[BR] -> 葫洲站[BR] -> 大湖公園站[BR] -> 內湖站[BR] -> 文德站[BR] -> 港墘站[BR] -> 西湖站[BR] -> 劍南路站[BR] -> 大直站[BR] -> 松山機場站[BR] -> 中山國中站[BR] -> 南京復興站[BR] -> 忠孝復興站[BR] -> 大安站[BR] -> 大安站[R] -> 大安森林公園站[R] -> 東門站[R] -> 中正紀念堂站[R] -> 台大醫院站[R] -> 台北車站[R] -> 中山站[R] -> 雙連站[R] -> 民權西路站[R] -> 圓山站[R] -> 劍潭站[R] -> 士林站[R] -> 芝山站[R] -> 明德站[R] -> 石牌站[R] -> 唭哩岸站[R] -> 奇岩站[R] -> 北投站[R] -> 北投站[R-3] -> 新北投站[R-3]
東湖站,新北產業園區站,1,3350,55.833333333333336,2,840,14.0,東湖站[BR] -> 南港軟體園區站[BR] -> 南港展覽館站[BR] -> 南港展覽館站[BL] -> 南港站[BL] -> 昆陽站[BL] -> 後山埤站[BL] -> 永春站[BL] -> 市政府站[BL] -> 國父紀念館站[BL] -> 忠孝敦化站[BL] -> 忠孝復興站[BL] -> 忠孝新生站[BL] -> 善導寺站[BL] -> 台北車站[BL] -> 西門站[BL] -> 龍山寺站[BL] -> 江子翠站[BL] -> 新埔站[BL] -> 新埔民生站[Y] -> 頭前庄站[Y] -> 幸福站[Y] -> 新北產業園區站[Y]
東湖站,新北產業園區站,2,3542,59.03333333333333,3,780,13.0,東湖站[BR] -> 南港軟體園區站[BR] -> 南港展覽館站[BR] -> 南港展覽館站[BL] -> 南港站[BL] -> 昆陽站[BL] -> 後山埤站[BL] -> 永春站[BL] -> 市政府站[BL] -> 國父紀念館站[BL] -> 忠孝敦化站[BL] -> 忠孝復興站[BL] -> 忠孝新生站[BL] -> 忠孝新生站[O#4] -> 松江南京站[O#4] -> 行天宮站[O#4] -> 中山國小站[O#4] -> 民權西路站[O#4] -> 大橋頭站[O#4] -> 台北橋站[O] -> 菜寮站[O] -> 三重站[O] -> 先嗇宮站[O] -> 頭前庄站[O] -> 頭前庄站[Y] -> 幸福站[Y] -> 新北產業園區站[Y]
東湖站,新北產業園區站,3,4903,81.71666666666667,4,720,12.0,東湖站[BR] -> 南港軟體園區站[BR] -> 南港展覽館站[BR] -> 南港展覽館站[BL] -> 南港站[BL] -> 昆陽站[BL] -> 後山埤站[BL] -> 永春站[BL] -> 市政府站[BL] -> 國父紀念館站[BL] -> 忠孝敦化站[BL] -> 忠孝復興站[BL] -> 忠孝新生站[BL] -> 忠孝新生站[O#4] -> 東門站[O#4] -> 古亭站[O#4] -> 古亭站[G] -> 台電大樓站[G] -> 公館站[G] -> 萬隆站[G] -> 景美站[G] -> 大坪林站[G] -> 大坪林站[Y] -> 十四張站[Y] -> 秀朗橋站[Y] -> 景平站[Y] -> 景安站[Y] -> 中和站[Y] -> 橋和站[Y] -> 中原站[Y] -> 板新站[Y] -> 板橋站[Y] -> 新埔民生站[Y] -> 頭前庄站[Y] -> 幸福站[Y] -> 新北產業園區站[Y]
東湖站,新北產業園區站,4,5087,84.78333333333333,3,600,10.0,東湖站[BR] -> 南港軟體園區站[BR] -> 南港展覽館站[BR] -> 南港展覽館站[BL] -> 南港站[BL] -> 昆陽站[BL] -> 後山埤站[BL] -> 永春站[BL] -> 市政府站[BL] -> 國父紀念館站[BL] -> 忠孝敦化站[BL] -> 忠孝復興站[BL] -> 忠孝新生站[BL] -> 善導寺站[BL] -> 台北車站[BL] -> 西門站[BL] -> 西門站[G] -> 小南門站[G] -> 中正紀念堂站[G] -> 古亭站[G] -> 台電大樓站[G] -> 公館站[G] -> 萬隆站[G] -> 景美站[G] -> 大坪林站[G] -> 大坪林站[Y] -> 十四張站[Y] -> 秀朗橋站[Y] -> 景平站[Y] -> 景安站[Y] -> 中和站[Y] -> 橋和站[Y] -> 中原站[Y] -> 板新站[Y] -> 板橋站[Y] -> 新埔民生站[Y] -> 頭前庄站[Y] -> 幸福站[Y] -> 新北產業園區站[Y]
東湖站,新北產業園區站,5,5274,87.9,2,480,8.0,東湖站[BR] -> 葫洲站[BR] -> 大湖公園站[BR] -> 內湖站[BR] -> 文德站[BR] -> 港墘站[BR] -> 西湖站[BR] -> 劍南路站[BR] -> 大直站[BR] -> 松山機場站[BR] -> 中山國中站[BR] -> 南京復興站[BR] -> 南京復興站[G] -> 松江南京站[G] -> 中山站[G] -> 北門站[G] -> 西門站[G] -> 小南門站[G] -> 中正紀念堂站[G] -> 古亭站[G] -> 台電大樓站[G] -> 公館站[G] -> 萬隆站[G] -> 景美站[G] -> 大坪林站[G] -> 大坪林站[Y] -> 十四張站[Y] -> 秀朗橋站[Y] -> 景平站[Y] -> 景安站[Y] -> 中和站[Y] -> 橋和站[Y] -> 中原站[Y] -> 板新站[Y] -> 板橋站[Y] -> 新埔民生站[Y] -> 頭前庄站[Y] -> 幸福站[Y] -> 新北產業園區站[Y]
東湖站,新埔民生站,1,2894,48.233333333333334,2,840,14.0,東湖站[BR] -> 南港軟體園區站[BR] -> 南港展覽館站[BR] -> 南港展覽館站[BL] -> 南港站[BL] -> 昆陽站[BL] -> 後山埤站[BL] -> 永春站[BL] -> 市政府站[BL] -> 國父紀念館站[BL] -> 忠孝敦化站[BL] -> 忠孝復興站[BL] -> 忠孝新生站[BL] -> 善導寺站[BL] -> 台北車站[BL] -> 西門站[BL] -> 龍山寺站[BL] -> 江子翠站[BL] -> 新埔站[BL] -> 新埔民生站[Y]
東湖站,新埔民生站,2,3432,57.2,3,780,13.0,東湖站[BR] -> 南港軟體園區站[BR] -> 南港展覽館站[BR] -> 南港展覽館站[BL] -> 南港站[BL] -> 昆陽站[BL] -> 後山埤站[BL] -> 永春站[BL] -> 市政府站[BL] -> 國父紀念館站[BL] -> 忠孝敦化站[BL] -> 忠孝復興站[BL] -> 忠孝新生站[BL] -> 忠孝新生站[O#4] -> 松江南京站[O#4] -> 行天宮站[O#4] -> 中山國小站[O#4] -> 民權西路站[O#4] -> 大橋頭站[O#4] -> 台北橋站[O] -> 菜寮站[O] -> 三重站[O] -> 先嗇宮站[O] -> 頭前庄站[O] -> 頭前庄站[Y] -> 新埔民生站[Y]
東湖站,新埔民生站,3,4447,74.11666666666666,4,720,12.0,東湖站[BR] -> 南港軟體園區站[BR] -> 南港展覽館站[BR] -> 南港展覽館站[BL] -> 南港站[BL] -> 昆陽站[BL] -> 後山埤站[BL] -> 永春站[BL] -> 市政府站[BL] -> 國父紀念館站[BL] -> 忠孝敦化站[BL] -> 忠孝復興站[BL] -> 忠孝新生站[BL] -> 忠孝新生站[O#4] -> 東門站[O#4] -> 古亭站[O#4] -> 古亭站[G] -> 台電大樓站[G] -> 公館站[G] -> 萬隆站[G] -> 景美站[G] -> 大坪林站[G] -> 大坪林站[Y] -> 十四張站[Y] -> 秀朗橋站[Y] -> 景平站[Y] -> 景安站[Y] -> 中和站[Y] -> 橋和站[Y] -> 中原站[Y] -> 板新站[Y] -> 板橋站[Y] -> 新埔民生站[Y]
東湖站,新埔民生站,4,4631,77.18333333333334,3,600,10.0,東湖站[BR] -> 南港軟體園區站[BR] -> 南港展覽館站[BR] -> 南港展覽館站[BL] -> 南港站[BL] -> 昆陽站[BL] -> 後山埤站[BL] -> 永春站[BL] -> 市政府站[BL] -> 國父紀念館站[BL] -> 忠孝敦化站[BL] -> 忠孝復興站[BL] -> 忠孝新生站[BL] -> 善導寺站[BL] -> 台北車站[BL] -> 西門站[BL] -> 西門站[G] -> 小南門站[G] -> 中正紀念堂站[G] -> 古亭站[G] -> 台電大樓站[G] -> 公館站[G] -> 萬隆站[G] -> 景美站[G] -> 大坪林站[G] -> 大坪林站[Y] -> 十四張站[Y] -> 秀朗橋站[Y] -> 景平站[Y] -> 景安站[Y] -> 中和站[Y] -> 橋和站[Y] -> 中原站[Y] -> 板新站[Y] -> 板橋站[Y] -> 新埔民生站[Y]
東湖站,新埔民生站,5,4818,80.3,2,480,8.0,東湖站[BR] -> 葫洲站[BR] -> 大湖公園站[BR] -> 內湖站[BR] -> 文德站[BR] -> 港墘站[BR] -> 西湖站[BR] -> 劍南路站[BR] -> 大直站[BR] -> 松山機場站[BR] -> 中山國中站[BR] -> 南京復興站[BR] -> 南京復興站[G] -> 松江南京站[G] -> 中山站[G] -> 北門站[G] -> 西門站[G] -> 小南門站[G] -> 中正紀念堂站[G] -> 古亭站[G] -> 台電大樓站[G] -> 公館站[G] -> 萬隆站[G] -> 景美站[G] -> 大坪林站[G] -> 大坪林站[Y] -> 十四張站[Y] -> 秀朗橋站[Y] -> 景平站[Y] -> 景安站[Y] -> 中和站[Y] -> 橋和站[Y] -> 中原站[Y] -> 板新站[Y] -> 板橋站[Y] -> 新埔民生站[Y]
東湖站,新埔站,1,2354,39.233333333333334,1,300,5.0,東湖站[BR] -> 南港軟體園區站[BR] -> 南港展覽館站[BR] -> 南港展覽館站[BL] -> 南港站[BL] -> 昆陽站[BL] -> 後山埤站[BL] -> 永春站[BL] -> 市政府站[BL] -> 國父紀念館站[BL] -> 忠孝敦化站[BL] -> 忠孝復興站[BL] -> 忠孝新生站[BL] -> 善導寺站[BL] -> 台北車站[BL] -> 西門站[BL] -> 龍山寺站[BL] -> 江子翠站[BL] -> 新埔站[BL]
東湖站,新店區公所站,1,2987,49.78333333333333,3,540,9.0,東湖站[BR] -> 南港軟體園區站[BR] -> 南港展覽館站[BR] -> 南港展覽館站[BL] -> 南港站[BL] -> 昆陽站[BL] -> 後山埤站[BL] -> 永春站[BL] -> 市政府站[BL] -> 國父紀念館站[BL] -> 忠孝敦化站[BL] -> 忠孝復興站[BL] -> 忠孝新生站[BL] -> 忠孝新生站[O#4] -> 東門站[O#4] -> 古亭站[O#4] -> 古亭站[G] -> 台電大樓站[G] -> 公館站[G] -> 萬隆站[G] -> 景美站[G] -> 大坪林站[G] -> 七張站[G] -> 新店區公所站[G]
東湖站,新店區公所站,2,3171,52.85,2,420,7.0,東湖站[BR] -> 南港軟體園區站[BR] -> 南港展覽館站[BR] -> 南港展覽館站[BL] -> 南港站[BL] -> 昆陽站[BL] -> 後山埤站[BL] -> 永春站[BL] -> 市政府站[BL] -> 國父紀念館站[BL] -> 忠孝敦化站[BL] -> 忠孝復興站[BL] -> 忠孝新生站[BL] -> 善導寺站[BL] -> 台北車站[BL] -> 西門站[BL] -> 西門站[G] -> 小南門站[G] -> 中正紀念堂站[G] -> 古亭站[G] -> 台電大樓站[G] -> 公館站[G] -> 萬隆站[G] -> 景美站[G] -> 大坪林站[G] -> 七張站[G] -> 新店區公所站[G]
東湖站,新店區公所站,3,3358,55.96666666666667,1,300,5.0,東湖站[BR] -> 葫洲站[BR] -> 大湖公園站[BR] -> 內湖站[BR] -> 文德站[BR] -> 港墘站[BR] -> 西湖站[BR] -> 劍南路站[BR] -> 大直站[BR] -> 松山機場站[BR] -> 中山國中站[BR] -> 南京復興站[BR] -> 南京復興站[G] -> 松江南京站[G] -> 中山站[G] -> 北門站[G] -> 西門站[G] -> 小南門站[G] -> 中正紀念堂站[G] -> 古亭站[G] -> 台電大樓站[G] -> 公館站[G] -> 萬隆站[G] -> 景美站[G] -> 大坪林站[G] -> 七張站[G] -> 新店區公所站[G]
東湖站,新店站,1,3123,52.05,3,540,9.0,東湖站[BR] -> 南港軟體園區站[BR] -> 南港展覽館站[BR] -> 南港展覽館站[BL] -> 南港站[BL] -> 昆陽站[BL] -> 後山埤站[BL] -> 永春站[BL] -> 市政府站[BL] -> 國父紀念館站[BL] -> 忠孝敦化站[BL] -> 忠孝復興站[BL] -> 忠孝新生站[BL] -> 忠孝新生站[O#4] -> 東門站[O#4] -> 古亭站[O#4] -> 古亭站[G] -> 台電大樓站[G] -> 公館站[G] -> 萬隆站[G] -> 景美站[G] -> 大坪林站[G] -> 七張站[G] -> 新店區公所站[G] -> 新店站[G]
東湖站,新店站,2,3307,55.11666666666667,2,420,7.0,東湖站[BR] -> 南港軟體園區站[BR] -> 南港展覽館站[BR] -> 南港展覽館站[BL] -> 南港站[BL] -> 昆陽站[BL] -> 後山埤站[BL] -> 永春站[BL] -> 市政府站[BL] -> 國父紀念館站[BL] -> 忠孝敦化站[BL] -> 忠孝復興站[BL] -> 忠孝新生站[BL] -> 善導寺站[BL] -> 台北車站[BL] -> 西門站[BL] -> 西門站[G] -> 小南門站[G] -> 中正紀念堂站[G] -> 古亭站[G] -> 台電大樓站[G] -> 公館站[G] -> 萬隆站[G] -> 景美站[G] -> 大坪林站[G] -> 七張站[G] -> 新店區公所站[G] -> 新店站[G]
東湖站,新店站,3,3494,58.233333333333334,1,300,5.0,東湖站[BR] -> 葫洲站[BR] -> 大湖公園站[BR] -> 內湖站[BR] -> 文德站[BR] -> 港墘站[BR] -> 西湖站[BR] -> 劍南路站[BR] -> 大直站[BR] -> 松山機場站[BR] -> 中山國中站[BR] -> 南京復興站[BR] -> 南京復興站[G] -> 松江南京站[G] -> 中山站[G] -> 北門站[G] -> 西門站[G] -> 小南門站[G] -> 中正紀念堂站[G] -> 古亭站[G] -> 台電大樓站[G] -> 公館站[G] -> 萬隆站[G] -> 景美站[G] -> 大坪林站[G] -> 七張站[G] -> 新店區公所站[G] -> 新店站[G]
東湖站,新莊站,1,3013,50.21666666666667,2,420,7.0,東湖站[BR] -> 南港軟體園區站[BR] -> 南港展覽館站[BR] -> 南港展覽館站[BL] -> 南港站[BL] -> 昆陽站[BL] -> 後山埤站[BL] -> 永春站[BL] -> 市政府站[BL] -> 國父紀念館站[BL] -> 忠孝敦化站[BL] -> 忠孝復興站[BL] -> 忠孝新生站[BL] -> 忠孝新生站[O#4] -> 松江南京站[O#4] -> 行天宮站[O#4] -> 中山國小站[O#4] -> 民權西路站[O#4] -> 大橋頭站[O#4] -> 台北橋站[O] -> 菜寮站[O] -> 三重站[O] -> 先嗇宮站[O] -> 頭前庄站[O] -> 新莊站[O]
東湖站,昆陽站,1,733,12.216666666666667,1,300,5.0,東湖站[BR] -> 南港軟體園區站[BR] -> 南港展覽館站[BR] -> 南港展覽館站[BL] -> 南港站[BL] -> 昆陽站[BL]
東湖站,明德站,1,2862,47.7,2,540,9.0,東湖站[BR] -> 南港軟體園區站[BR] -> 南港展覽館站[BR] -> 南港展覽館站[BL] -> 南港站[BL] -> 昆陽站[BL] -> 後山埤站[BL] -> 永春站[BL] -> 市政府站[BL] -> 國父紀念館站[BL] -> 忠孝敦化站[BL] -> 忠孝復興站[BL] -> 忠孝新生站[BL] -> 善導寺站[BL] -> 台北車站[BL] -> 台北車站[R] -> 中山站[R] -> 雙連站[R] -> 民權西路站[R] -> 圓山站[R] -> 劍潭站[R] -> 士林站[R] -> 芝山站[R] -> 明德站[R]
東湖站,明德站,2,2903,48.38333333333333,2,480,8.0,東湖站[BR] -> 葫洲站[BR] -> 大湖公園站[BR] -> 內湖站[BR] -> 文德站[BR] -> 港墘站[BR] -> 西湖站[BR] -> 劍南路站[BR] -> 大直站[BR] -> 松山機場站[BR] -> 中山國中站[BR] -> 南京復興站[BR] -> 南京復興站[G] -> 松江南京站[G] -> 中山站[G] -> 中山站[R] -> 雙連站[R] -> 民權西路站[R] -> 圓山站[R] -> 劍潭站[R] -> 士林站[R] -> 芝山站[R] -> 明德站[R]
東湖站,明德站,3,3423,57.05,1,300,5.0,東湖站[BR] -> 葫洲站[BR] -> 大湖公園站[BR] -> 內湖站[BR] -> 文德站[BR] -> 港墘站[BR] -> 西湖站[BR] -> 劍南路站[BR] -> 大直站[BR] -> 松山機場站[BR] -> 中山國中站[BR] -> 南京復興站[BR] -> 忠孝復興站[BR] -> 大安站[BR] -> 大安站[R] -> 大安森林公園站[R] -> 東門站[R] -> 中正紀念堂站[R] -> 台大醫院站[R] -> 台北車站[R] -> 中山站[R] -> 雙連站[R] -> 民權西路站[R] -> 圓山站[R] -> 劍潭站[R] -> 士林站[R] -> 芝山站[R] -> 明德站[R]
東湖站,景安站,1,2515,41.916666666666664,2,420,7.0,東湖站[BR] -> 南港軟體園區站[BR] -> 南港展覽館站[BR] -> 南港展覽館站[BL] -> 南港站[BL] -> 昆陽站[BL] -> 後山埤站[BL] -> 永春站[BL] -> 市政府站[BL] -> 國父紀念館站[BL] -> 忠孝敦化站[BL] -> 忠孝復興站[BL] -> 忠孝新生站[BL] -> 忠孝新生站[O#4] -> 東門站[O#4] -> 古亭站[O#4] -> 頂溪站[O#4] -> 永安市場站[O#4] -> 景安站[O#4]
東湖站,景平站,1,2994,49.9,3,780,13.0,東湖站[BR] -> 南港軟體園區站[BR] -> 南港展覽館站[BR] -> 南港展覽館站[BL] -> 南港站[BL] -> 昆陽站[BL] -> 後山埤站[BL] -> 永春站[BL] -> 市政府站[BL] -> 國父紀念館站[BL] -> 忠孝敦化站[BL] -> 忠孝復興站[BL] -> 忠孝新生站[BL] -> 忠孝新生站[O#4] -> 東門站[O#4] -> 古亭站[O#4] -> 頂溪站[O#4] -> 永安市場站[O#4] -> 景安站[O#4] -> 景安站[Y] -> 景平站[Y]
東湖站,景平站,2,3338,55.63333333333333,4,720,12.0,東湖站[BR] -> 南港軟體園區站[BR] -> 南港展覽館站[BR] -> 南港展覽館站[BL] -> 南港站[BL] -> 昆陽站[BL] -> 後山埤站[BL] -> 永春站[BL] -> 市政府站[BL] -> 國父紀念館站[BL] -> 忠孝敦化站[BL] -> 忠孝復興站[BL] -> 忠孝新生站[BL] -> 忠孝新生站[O#4] -> 東門站[O#4] -> 古亭站[O#4] -> 古亭站[G] -> 台電大樓站[G] -> 公館站[G] -> 萬隆站[G] -> 景美站[G] -> 大坪林站[G] -> 大坪林站[Y] -> 十四張站[Y] -> 秀朗橋站[Y] -> 景平站[Y]
東湖站,景平站,3,3522,58.7,3,600,10.0,東湖站[BR] -> 南港軟體園區站[BR] -> 南港展覽館站[BR] -> 南港展覽館站[BL] -> 南港站[BL] -> 昆陽站[BL] -> 後山埤站[BL] -> 永春站[BL] -> 市政府站[BL] -> 國父紀念館站[BL] -> 忠孝敦化站[BL] -> 忠孝復興站[BL] -> 忠孝新生站[BL] -> 善導寺站[BL] -> 台北車站[BL] -> 西門站[BL] -> 西門站[G] -> 小南門站[G] -> 中正紀念堂站[G] -> 古亭站[G] -> 台電大樓站[G] -> 公館站[G] -> 萬隆站[G] -> 景美站[G] -> 大坪林站[G] -> 大坪林站[Y] -> 十四張站[Y] -> 秀朗橋站[Y] -> 景平站[Y]
東湖站,景平站,4,3709,61.81666666666667,2,480,8.0,東湖站[BR] -> 葫洲站[BR] -> 大湖公園站[BR] -> 內湖站[BR] -> 文德站[BR] -> 港墘站[BR] -> 西湖站[BR] -> 劍南路站[BR] -> 大直站[BR] -> 松山機場站[BR] -> 中山國中站[BR] -> 南京復興站[BR] -> 南京復興站[G] -> 松江南京站[G] -> 中山站[G] -> 北門站[G] -> 西門站[G] -> 小南門站[G] -> 中正紀念堂站[G] -> 古亭站[G] -> 台電大樓站[G] -> 公館站[G] -> 萬隆站[G] -> 景美站[G] -> 大坪林站[G] -> 大坪林站[Y] -> 十四張站[Y] -> 秀朗橋站[Y] -> 景平站[Y]
東湖站,景美站,1,2658,44.3,3,540,9.0,東湖站[BR] -> 南港軟體園區站[BR] -> 南港展覽館站[BR] -> 南港展覽館站[BL] -> 南港站[BL] -> 昆陽站[BL] -> 後山埤站[BL] -> 永春站[BL] -> 市政府站[BL] -> 國父紀念館站[BL] -> 忠孝敦化站[BL] -> 忠孝復興站[BL] -> 忠孝新生站[BL] -> 忠孝新生站[O#4] -> 東門站[O#4] -> 古亭站[O#4] -> 古亭站[G] -> 台電大樓站[G] -> 公館站[G] -> 萬隆站[G] -> 景美站[G]
東湖站,景美站,2,2842,47.36666666666667,2,420,7.0,東湖站[BR] -> 南港軟體園區站[BR] -> 南港展覽館站[BR] -> 南港展覽館站[BL] -> 南港站[BL] -> 昆陽站[BL] -> 後山埤站[BL] -> 永春站[BL] -> 市政府站[BL] -> 國父紀念館站[BL] -> 忠孝敦化站[BL] -> 忠孝復興站[BL] -> 忠孝新生站[BL] -> 善導寺站[BL] -> 台北車站[BL] -> 西門站[BL] -> 西門站[G] -> 小南門站[G] -> 中正紀念堂站[G] -> 古亭站[G] -> 台電大樓站[G] -> 公館站[G] -> 萬隆站[G] -> 景美站[G]
東湖站,景美站,3,3029,50.483333333333334,1,300,5.0,東湖站[BR] -> 葫洲站[BR] -> 大湖公園站[BR] -> 內湖站[BR] -> 文德站[BR] -> 港墘站[BR] -> 西湖站[BR] -> 劍南路站[BR] -> 大直站[BR] -> 松山機場站[BR] -> 中山國中站[BR] -> 南京復興站[BR] -> 南京復興站[G] -> 松江南京站[G] -> 中山站[G] -> 北門站[G] -> 西門站[G] -> 小南門站[G] -> 中正紀念堂站[G] -> 古亭站[G] -> 台電大樓站[G] -> 公館站[G] -> 萬隆站[G] -> 景美站[G]
東湖站,木柵站,1,2433,40.55,0,0,0.0,東湖站[BR] -> 葫洲站[BR] -> 大湖公園站[BR] -> 內湖站[BR] -> 文德站[BR] -> 港墘站[BR] -> 西湖站[BR] -> 劍南路站[BR] -> 大直站[BR] -> 松山機場站[BR] -> 中山國中站[BR] -> 南京復興站[BR] -> 忠孝復興站[BR] -> 大安站[BR] -> 科技大樓站[BR] -> 六張犁站[BR] -> 麟光站[BR] -> 辛亥站[BR] -> 萬芳醫院站[BR] -> 萬芳社區站[BR] -> 木柵站[BR]
東湖站,東門站,1,1803,30.05,2,420,7.0,東湖站[BR] -> 南港軟體園區站[BR] -> 南港展覽館站[BR] -> 南港展覽館站[BL] -> 南港站[BL] -> 昆陽站[BL] -> 後山埤站[BL] -> 永春站[BL] -> 市政府站[BL] -> 國父紀念館站[BL] -> 忠孝敦化站[BL] -> 忠孝復興站[BL] -> 忠孝新生站[BL] -> 忠孝新生站[O#4] -> 東門站[O#4]
東湖站,東門站,2,2098,34.96666666666667,1,300,5.0,東湖站[BR] -> 葫洲站[BR] -> 大湖公園站[BR] -> 內湖站[BR] -> 文德站[BR] -> 港墘站[BR] -> 西湖站[BR] -> 劍南路站[BR] -> 大直站[BR] -> 松山機場站[BR] -> 中山國中站[BR] -> 南京復興站[BR] -> 忠孝復興站[BR] -> 大安站[BR] -> 大安站[R] -> 大安森林公園站[R] -> 東門站[R]
東湖站,松山機場站,1,1071,17.85,0,0,0.0,東湖站[BR] -> 葫洲站[BR] -> 大湖公園站[BR] -> 內湖站[BR] -> 文德站[BR] -> 港墘站[BR] -> 西湖站[BR] -> 劍南路站[BR] -> 大直站[BR] -> 松山機場站[BR]
東湖站,松山站,1,2070,34.5,1,300,5.0,東湖站[BR] -> 葫洲站[BR] -> 大湖公園站[BR] -> 內湖站[BR] -> 文德站[BR] -> 港墘站[BR] -> 西湖站[BR] -> 劍南路站[BR] -> 大直站[BR] -> 松山機場站[BR] -> 中山國中站[BR] -> 南京復興站[BR] -> 南京復興站[G] -> 台北小巨蛋站[G] -> 南京三民站[G] -> 松山站[G]
東湖站,松江南京站,1,1769,29.483333333333334,2,420,7.0,東湖站[BR] -> 南港軟體園區站[BR] -> 南港展覽館站[BR] -> 南港展覽館站[BL] -> 南港站[BL] -> 昆陽站[BL] -> 後山埤站[BL] -> 永春站[BL] -> 市政府站[BL] -> 國父紀念館站[BL] -> 忠孝敦化站[BL] -> 忠孝復興站[BL] -> 忠孝新生站[BL] -> 忠孝新生站[O#4] -> 松江南京站[O#4]
東湖站,松江南京站,2,1784,29.733333333333334,1,300,5.0,東湖站[BR] -> 葫洲站[BR] -> 大湖公園站[BR] -> 內湖站[BR] -> 文德站[BR] -> 港墘站[BR] -> 西湖站[BR] -> 劍南路站[BR] -> 大直站[BR] -> 松山機場站[BR] -> 中山國中站[BR] -> 南京復興站[BR] -> 南京復興站[G] -> 松江南京站[G]
東湖站,板新站,1,3303,55.05,2,840,14.0,東湖站[BR] -> 南港軟體園區站[BR] -> 南港展覽館站[BR] -> 南港展覽館站[BL] -> 南港站[BL] -> 昆陽站[BL] -> 後山埤站[BL] -> 永春站[BL] -> 市政府站[BL] -> 國父紀念館站[BL] -> 忠孝敦化站[BL] -> 忠孝復興站[BL] -> 忠孝新生站[BL] -> 善導寺站[BL] -> 台北車站[BL] -> 西門站[BL] -> 龍山寺站[BL] -> 江子翠站[BL] -> 新埔站[BL] -> 新埔民生站[Y] -> 板橋站[Y] -> 板新站[Y]
東湖站,板新站,2,3466,57.766666666666666,3,780,13.0,東湖站[BR] -> 南港軟體園區站[BR] -> 南港展覽館站[BR] -> 南港展覽館站[BL] -> 南港站[BL] -> 昆陽站[BL] -> 後山埤站[BL] -> 永春站[BL] -> 市政府站[BL] -> 國父紀念館站[BL] -> 忠孝敦化站[BL] -> 忠孝復興站[BL] -> 忠孝新生站[BL] -> 忠孝新生站[O#4] -> 東門站[O#4] -> 古亭站[O#4] -> 頂溪站[O#4] -> 永安市場站[O#4] -> 景安站[O#4] -> 景安站[Y] -> 中和站[Y] -> 橋和站[Y] -> 中原站[Y] -> 板新站[Y]
東湖站,板新站,3,4038,67.3,4,720,12.0,東湖站[BR] -> 南港軟體園區站[BR] -> 南港展覽館站[BR] -> 南港展覽館站[BL] -> 南港站[BL] -> 昆陽站[BL] -> 後山埤站[BL] -> 永春站[BL] -> 市政府站[BL] -> 國父紀念館站[BL] -> 忠孝敦化站[BL] -> 忠孝復興站[BL] -> 忠孝新生站[BL] -> 忠孝新生站[O#4] -> 東門站[O#4] -> 古亭站[O#4] -> 古亭站[G] -> 台電大樓站[G] -> 公館站[G] -> 萬隆站[G] -> 景美站[G] -> 大坪林站[G] -> 大坪林站[Y] -> 十四張站[Y] -> 秀朗橋站[Y] -> 景平站[Y] -> 景安站[Y] -> 中和站[Y] -> 橋和站[Y] -> 中原站[Y] -> 板新站[Y]
東湖站,板新站,4,4222,70.36666666666666,3,600,10.0,東湖站[BR] -> 南港軟體園區站[BR] -> 南港展覽館站[BR] -> 南港展覽館站[BL] -> 南港站[BL] -> 昆陽站[BL] -> 後山埤站[BL] -> 永春站[BL] -> 市政府站[BL] -> 國父紀念館站[BL] -> 忠孝敦化站[BL] -> 忠孝復興站[BL] -> 忠孝新生站[BL] -> 善導寺站[BL] -> 台北車站[BL] -> 西門站[BL] -> 西門站[G] -> 小南門站[G] -> 中正紀念堂站[G] -> 古亭站[G] -> 台電大樓站[G] -> 公館站[G] -> 萬隆站[G] -> 景美站[G] -> 大坪林站[G] -> 大坪林站[Y] -> 十四張站[Y] -> 秀朗橋站[Y] -> 景平站[Y] -> 景安站[Y] -> 中和站[Y] -> 橋和站[Y] -> 中原站[Y] -> 板新站[Y]
東湖站,板新站,5,4409,73.48333333333333,2,480,8.0,東湖站[BR] -> 葫洲站[BR] -> 大湖公園站[BR] -> 內湖站[BR] -> 文德站[BR] -> 港墘站[BR] -> 西湖站[BR] -> 劍南路站[BR] -> 大直站[BR] -> 松山機場站[BR] -> 中山國中站[BR] -> 南京復興站[BR] -> 南京復興站[G] -> 松江南京站[G] -> 中山站[G] -> 北門站[G] -> 西門站[G] -> 小南門站[G] -> 中正紀念堂站[G] -> 古亭站[G] -> 台電大樓站[G] -> 公館站[G] -> 萬隆站[G] -> 景美站[G] -> 大坪林站[G] -> 大坪林站[Y] -> 十四張站[Y] -> 秀朗橋站[Y] -> 景平站[Y] -> 景安站[Y] -> 中和站[Y] -> 橋和站[Y] -> 中原站[Y] -> 板新站[Y]
東湖站,板橋站,1,2489,41.483333333333334,1,300,5.0,東湖站[BR] -> 南港軟體園區站[BR] -> 南港展覽館站[BR] -> 南港展覽館站[BL] -> 南港站[BL] -> 昆陽站[BL] -> 後山埤站[BL] -> 永春站[BL] -> 市政府站[BL] -> 國父紀念館站[BL] -> 忠孝敦化站[BL] -> 忠孝復興站[BL] -> 忠孝新生站[BL] -> 善導寺站[BL] -> 台北車站[BL] -> 西門站[BL] -> 龍山寺站[BL] -> 江子翠站[BL] -> 新埔站[BL] -> 板橋站[BL]
東湖站,橋和站,1,3233,53.88333333333333,3,780,13.0,東湖站[BR] -> 南港軟體園區站[BR] -> 南港展覽館站[BR] -> 南港展覽館站[BL] -> 南港站[BL] -> 昆陽站[BL] -> 後山埤站[BL] -> 永春站[BL] -> 市政府站[BL] -> 國父紀念館站[BL] -> 忠孝敦化站[BL] -> 忠孝復興站[BL] -> 忠孝新生站[BL] -> 忠孝新生站[O#4] -> 東門站[O#4] -> 古亭站[O#4] -> 頂溪站[O#4] -> 永安市場站[O#4] -> 景安站[O#4] -> 景安站[Y] -> 中和站[Y] -> 橋和站[Y]
東湖站,橋和站,2,3536,58.93333333333333,2,840,14.0,東湖站[BR] -> 南港軟體園區站[BR] -> 南港展覽館站[BR] -> 南港展覽館站[BL] -> 南港站[BL] -> 昆陽站[BL] -> 後山埤站[BL] -> 永春站[BL] -> 市政府站[BL] -> 國父紀念館站[BL] -> 忠孝敦化站[BL] -> 忠孝復興站[BL] -> 忠孝新生站[BL] -> 善導寺站[BL] -> 台北車站[BL] -> 西門站[BL] -> 龍山寺站[BL] -> 江子翠站[BL] -> 新埔站[BL] -> 新埔民生站[Y] -> 板橋站[Y] -> 板新站[Y] -> 中原站[Y] -> 橋和站[Y]
東湖站,橋和站,3,3805,63.416666666666664,4,720,12.0,東湖站[BR] -> 南港軟體園區站[BR] -> 南港展覽館站[BR] -> 南港展覽館站[BL] -> 南港站[BL] -> 昆陽站[BL] -> 後山埤站[BL] -> 永春站[BL] -> 市政府站[BL] -> 國父紀念館站[BL] -> 忠孝敦化站[BL] -> 忠孝復興站[BL] -> 忠孝新生站[BL] -> 忠孝新生站[O#4] -> 東門站[O#4] -> 古亭站[O#4] -> 古亭站[G] -> 台電大樓站[G] -> 公館站[G] -> 萬隆站[G] -> 景美站[G] -> 大坪林站[G] -> 大坪林站[Y] -> 十四張站[Y] -> 秀朗橋站[Y] -> 景平站[Y] -> 景安站[Y] -> 中和站[Y] -> 橋和站[Y]
東湖站,橋和站,4,3989,66.48333333333333,3,600,10.0,東湖站[BR] -> 南港軟體園區站[BR] -> 南港展覽館站[BR] -> 南港展覽館站[BL] -> 南港站[BL] -> 昆陽站[BL] -> 後山埤站[BL] -> 永春站[BL] -> 市政府站[BL] -> 國父紀念館站[BL] -> 忠孝敦化站[BL] -> 忠孝復興站[BL] -> 忠孝新生站[BL] -> 善導寺站[BL] -> 台北車站[BL] -> 西門站[BL] -> 西門站[G] -> 小南門站[G] -> 中正紀念堂站[G] -> 古亭站[G] -> 台電大樓站[G] -> 公館站[G] -> 萬隆站[G] -> 景美站[G] -> 大坪林站[G] -> 大坪林站[Y] -> 十四張站[Y] -> 秀朗橋站[Y] -> 景平站[Y] -> 景安站[Y] -> 中和站[Y] -> 橋和站[Y]
東湖站,橋和站,5,4176,69.6,2,480,8.0,東湖站[BR] -> 葫洲站[BR] -> 大湖公園站[BR] -> 內湖站[BR] -> 文德站[BR] -> 港墘站[BR] -> 西湖站[BR] -> 劍南路站[BR] -> 大直站[BR] -> 松山機場站[BR] -> 中山國中站[BR] -> 南京復興站[BR] -> 南京復興站[G] -> 松江南京站[G] -> 中山站[G] -> 北門站[G] -> 西門站[G] -> 小南門站[G] -> 中正紀念堂站[G] -> 古亭站[G] -> 台電大樓站[G] -> 公館站[G] -> 萬隆站[G] -> 景美站[G] -> 大坪林站[G] -> 大坪林站[Y] -> 十四張站[Y] -> 秀朗橋站[Y] -> 景平站[Y] -> 景安站[Y] -> 中和站[Y] -> 橋和站[Y]
東湖站,民權西路站,1,2105,35.083333333333336,2,420,7.0,東湖站[BR] -> 南港軟體園區站[BR] -> 南港展覽館站[BR] -> 南港展覽館站[BL] -> 南港站[BL] -> 昆陽站[BL] -> 後山埤站[BL] -> 永春站[BL] -> 市政府站[BL] -> 國父紀念館站[BL] -> 忠孝敦化站[BL] -> 忠孝復興站[BL] -> 忠孝新生站[BL] -> 忠孝新生站[O#4] -> 松江南京站[O#4] -> 行天宮站[O#4] -> 中山國小站[O#4] -> 民權西路站[O#4]
東湖站,民權西路站,2,2807,46.78333333333333,1,300,5.0,東湖站[BR] -> 葫洲站[BR] -> 大湖公園站[BR] -> 內湖站[BR] -> 文德站[BR] -> 港墘站[BR] -> 西湖站[BR] -> 劍南路站[BR] -> 大直站[BR] -> 松山機場站[BR] -> 中山國中站[BR] -> 南京復興站[BR] -> 忠孝復興站[BR] -> 大安站[BR] -> 大安站[R] -> 大安森林公園站[R] -> 東門站[R] -> 中正紀念堂站[R] -> 台大醫院站[R] -> 台北車站[R] -> 中山站[R] -> 雙連站[R] -> 民權西路站[R]
東湖站,永安市場站,1,2396,39.93333333333333,2,420,7.0,東湖站[BR] -> 南港軟體園區站[BR] -> 南港展覽館站[BR] -> 南港展覽館站[BL] -> 南港站[BL] -> 昆陽站[BL] -> 後山埤站[BL] -> 永春站[BL] -> 市政府站[BL] -> 國父紀念館站[BL] -> 忠孝敦化站[BL] -> 忠孝復興站[BL] -> 忠孝新生站[BL] -> 忠孝新生站[O#4] -> 東門站[O#4] -> 古亭站[O#4] -> 頂溪站[O#4] -> 永安市場站[O#4]
東湖站,永寧站,1,3135,52.25,1,300,5.0,東湖站[BR] -> 南港軟體園區站[BR] -> 南港展覽館站[BR] -> 南港展覽館站[BL] -> 南港站[BL] -> 昆陽站[BL] -> 後山埤站[BL] -> 永春站[BL] -> 市政府站[BL] -> 國父紀念館站[BL] -> 忠孝敦化站[BL] -> 忠孝復興站[BL] -> 忠孝新生站[BL] -> 善導寺站[BL] -> 台北車站[BL] -> 西門站[BL] -> 龍山寺站[BL] -> 江子翠站[BL] -> 新埔站[BL] -> 板橋站[BL] -> 府中站[BL] -> 亞東醫院站[BL] -> 海山站[BL] -> 土城站[BL] -> 永寧站[BL]
東湖站,永春站,1,970,16.166666666666668,1,300,5.0,東湖站[BR] -> 南港軟體園區站[BR] -> 南港展覽館站[BR] -> 南港展覽館站[BL] -> 南港站[BL] -> 昆陽站[BL] -> 後山埤站[BL] -> 永春站[BL]
東湖站,江子翠站,1,2249,37.483333333333334,1,300,5.0,東湖站[BR] -> 南港軟體園區站[BR] -> 南港展覽館站[BR] -> 南港展覽館站[BL] -> 南港站[BL] -> 昆陽站[BL] -> 後山埤站[BL] -> 永春站[BL] -> 市政府站[BL] -> 國父紀念館站[BL] -> 忠孝敦化站[BL] -> 忠孝復興站[BL] -> 忠孝新生站[BL] -> 善導寺站[BL] -> 台北車站[BL] -> 西門站[BL] -> 龍山寺站[BL] -> 江子翠站[BL]
東湖站,海山站,1,2882,48.03333333333333,1,300,5.0,東湖站[BR] -> 南港軟體園區站[BR] -> 南港展覽館站[BR] -> 南港展覽館站[BL] -> 南港站[BL] -> 昆陽站[BL] -> 後山埤站[BL] -> 永春站[BL] -> 市政府站[BL] -> 國父紀念館站[BL] -> 忠孝敦化站[BL] -> 忠孝復興站[BL] -> 忠孝新生站[BL] -> 善導寺站[BL] -> 台北車站[BL] -> 西門站[BL] -> 龍山寺站[BL] -> 江子翠站[BL] -> 新埔站[BL] -> 板橋站[BL] -> 府中站[BL] -> 亞東醫院站[BL] -> 海山站[BL]
東湖站,淡水站,1,4269,71.15,2,540,9.0,東湖站[BR] -> 南港軟體園區站[BR] -> 南港展覽館站[BR] -> 南港展覽館站[BL] -> 南港站[BL] -> 昆陽站[BL] -> 後山埤站[BL] -> 永春站[BL] -> 市政府站[BL] -> 國父紀念館站[BL] -> 忠孝敦化站[BL] -> 忠孝復興站[BL] -> 忠孝新生站[BL] -> 善導寺站[BL] -> 台北車站[BL] -> 台北車站[R] -> 中山站[R] -> 雙連站[R] -> 民權西路站[R] -> 圓山站[R] -> 劍潭站[R] -> 士林站[R] -> 芝山站[R] -> 明德站[R] -> 石牌站[R] -> 唭哩岸站[R] -> 奇岩站[R] -> 北投站[R] -> 復興崗站[R] -> 忠義站[R] -> 關渡站[R] -> 竹圍站[R] -> 紅樹林站[R] -> 淡水站[R]
東湖站,淡水站,2,4310,71.83333333333333,2,480,8.0,東湖站[BR] -> 葫洲站[BR] -> 大湖公園站[BR] -> 內湖站[BR] -> 文德站[BR] -> 港墘站[BR] -> 西湖站[BR] -> 劍南路站[BR] -> 大直站[BR] -> 松山機場站[BR] -> 中山國中站[BR] -> 南京復興站[BR] -> 南京復興站[G] -> 松江南京站[G] -> 中山站[G] -> 中山站[R] -> 雙連站[R] -> 民權西路站[R] -> 圓山站[R] -> 劍潭站[R] -> 士林站[R] -> 芝山站[R] -> 明德站[R] -> 石牌站[R] -> 唭哩岸站[R] -> 奇岩站[R] -> 北投站[R] -> 復興崗站[R] -> 忠義站[R] -> 關渡站[R] -> 竹圍站[R] -> 紅樹林站[R] -> 淡水站[R]
東湖站,淡水站,3,4830,80.5,1,300,5.0,東湖站[BR] -> 葫洲站[BR] -> 大湖公園站[BR] -> 內湖站[BR] -> 文德站[BR] -> 港墘站[BR] -> 西湖站[BR] -> 劍南路站[BR] -> 大直站[BR] -> 松山機場站[BR] -> 中山國中站[BR] -> 南京復興站[BR] -> 忠孝復興站[BR] -> 大安站[BR] -> 大安站[R] -> 大安森林公園站[R] -> 東門站[R] -> 中正紀念堂站[R] -> 台大醫院站[R] -> 台北車站[R] -> 中山站[R] -> 雙連站[R] -> 民權西路站[R] -> 圓山站[R] -> 劍潭站[R] -> 士林站[R] -> 芝山站[R] -> 明德站[R] -> 石牌站[R] -> 唭哩岸站[R] -> 奇岩站[R] -> 北投站[R] -> 復興崗站[R] -> 忠義站[R] -> 關渡站[R] -> 竹圍站[R] -> 紅樹林站[R] -> 淡水站[R]
東湖站,港墘站,1,520,8.666666666666666,0,0,0.0,東湖站[BR] -> 葫洲站[BR] -> 大湖公園站[BR] -> 內湖站[BR] -> 文德站[BR] -> 港墘站[BR]
東湖站,石牌站,1,2952,49.2,2,540,9.0,東湖站[BR] -> 南港軟體園區站[BR] -> 南港展覽館站[BR] -> 南港展覽館站[BL] -> 南港站[BL] -> 昆陽站[BL] -> 後山埤站[BL] -> 永春站[BL] -> 市政府站[BL] -> 國父紀念館站[BL] -> 忠孝敦化站[BL] -> 忠孝復興站[BL] -> 忠孝新生站[BL] -> 善導寺站[BL] -> 台北車站[BL] -> 台北車站[R] -> 中山站[R] -> 雙連站[R] -> 民權西路站[R] -> 圓山站[R] -> 劍潭站[R] -> 士林站[R] -> 芝山站[R] -> 明德站[R] -> 石牌站[R]
東湖站,石牌站,2,2993,49.88333333333333,2,480,8.0,東湖站[BR] -> 葫洲站[BR] -> 大湖公園站[BR] -> 內湖站[BR] -> 文德站[BR] -> 港墘站[BR] -> 西湖站[BR] -> 劍南路站[BR] -> 大直站[BR] -> 松山機場站[BR] -> 中山國中站[BR] -> 南京復興站[BR] -> 南京復興站[G] -> 松江南京站[G] -> 中山站[G] -> 中山站[R] -> 雙連站[R] -> 民權西路站[R] -> 圓山站[R] -> 劍潭站[R] -> 士林站[R] -> 芝山站[R] -> 明德站[R] -> 石牌站[R]
東湖站,石牌站,3,3513,58.55,1,300,5.0,東湖站[BR] -> 葫洲站[BR] -> 大湖公園站[BR] -> 內湖站[BR] -> 文德站[BR] -> 港墘站[BR] -> 西湖站[BR] -> 劍南路站[BR] -> 大直站[BR] -> 松山機場站[BR] -> 中山國中站[BR] -> 南京復興站[BR] -> 忠孝復興站[BR] -> 大安站[BR] -> 大安站[R] -> 大安森林公園站[R] -> 東門站[R] -> 中正紀念堂站[R] -> 台大醫院站[R] -> 台北車站[R] -> 中山站[R] -> 雙連站[R] -> 民權西路站[R] -> 圓山站[R] -> 劍潭站[R] -> 士林站[R] -> 芝山站[R] -> 明德站[R] -> 石牌站[R]
東湖站,秀朗橋站,1,3098,51.63333333333333,3,780,13.0,東湖站[BR] -> 南港軟體園區站[BR] -> 南港展覽館站[BR] -> 南港展覽館站[BL] -> 南港站[BL] -> 昆陽站[BL] -> 後山埤站[BL] -> 永春站[BL] -> 市政府站[BL] -> 國父紀念館站[BL] -> 忠孝敦化站[BL] -> 忠孝復興站[BL] -> 忠孝新生站[BL] -> 忠孝新生站[O#4] -> 東門站[O#4] -> 古亭站[O#4] -> 頂溪站[O#4] -> 永安市場站[O#4] -> 景安站[O#4] -> 景安站[Y] -> 景平站[Y] -> 秀朗橋站[Y]
東湖站,秀朗橋站,2,3236,53.93333333333333,4,720,12.0,東湖站[BR] -> 南港軟體園區站[BR] -> 南港展覽館站[BR] -> 南港展覽館站[BL] -> 南港站[BL] -> 昆陽站[BL] -> 後山埤站[BL] -> 永春站[BL] -> 市政府站[BL] -> 國父紀念館站[BL] -> 忠孝敦化站[BL] -> 忠孝復興站[BL] -> 忠孝新生站[BL] -> 忠孝新生站[O#4] -> 東門站[O#4] -> 古亭站[O#4] -> 古亭站[G] -> 台電大樓站[G] -> 公館站[G] -> 萬隆站[G] -> 景美站[G] -> 大坪林站[G] -> 大坪林站[Y] -> 十四張站[Y] -> 秀朗橋站[Y]
東湖站,秀朗橋站,3,3420,57.0,3,600,10.0,東湖站[BR] -> 南港軟體園區站[BR] -> 南港展覽館站[BR] -> 南港展覽館站[BL] -> 南港站[BL] -> 昆陽站[BL] -> 後山埤站[BL] -> 永春站[BL] -> 市政府站[BL] -> 國父紀念館站[BL] -> 忠孝敦化站[BL] -> 忠孝復興站[BL] -> 忠孝新生站[BL] -> 善導寺站[BL] -> 台北車站[BL] -> 西門站[BL] -> 西門站[G] -> 小南門站[G] -> 中正紀念堂站[G] -> 古亭站[G] -> 台電大樓站[G] -> 公館站[G] -> 萬隆站[G] -> 景美站[G] -> 大坪林站[G] -> 大坪林站[Y] -> 十四張站[Y] -> 秀朗橋站[Y]
東湖站,秀朗橋站,4,3607,60.11666666666667,2,480,8.0,東湖站[BR] -> 葫洲站[BR] -> 大湖公園站[BR] -> 內湖站[BR] -> 文德站[BR] -> 港墘站[BR] -> 西湖站[BR] -> 劍南路站[BR] -> 大直站[BR] -> 松山機場站[BR] -> 中山國中站[BR] -> 南京復興站[BR] -> 南京復興站[G] -> 松江南京站[G] -> 中山站[G] -> 北門站[G] -> 西門站[G] -> 小南門站[G] -> 中正紀念堂站[G] -> 古亭站[G] -> 台電大樓站[G] -> 公館站[G] -> 萬隆站[G] -> 景美站[G] -> 大坪林站[G] -> 大坪林站[Y] -> 十四張站[Y] -> 秀朗橋站[Y]
東湖站,科技大樓站,1,1696,28.266666666666666,0,0,0.0,東湖站[BR] -> 葫洲站[BR] -> 大湖公園站[BR] -> 內湖站[BR] -> 文德站[BR] -> 港墘站[BR] -> 西湖站[BR] -> 劍南路站[BR] -> 大直站[BR] -> 松山機場站[BR] -> 中山國中站[BR] -> 南京復興站[BR] -> 忠孝復興站[BR] -> 大安站[BR] -> 科技大樓站[BR]
東湖站,竹圍站,1,3898,64.96666666666667,2,540,9.0,東湖站[BR] -> 南港軟體園區站[BR] -> 南港展覽館站[BR] -> 南港展覽館站[BL] -> 南港站[BL] -> 昆陽站[BL] -> 後山埤站[BL] -> 永春站[BL] -> 市政府站[BL] -> 國父紀念館站[BL] -> 忠孝敦化站[BL] -> 忠孝復興站[BL] -> 忠孝新生站[BL] -> 善導寺站[BL] -> 台北車站[BL] -> 台北車站[R] -> 中山站[R] -> 雙連站[R] -> 民權西路站[R] -> 圓山站[R] -> 劍潭站[R] -> 士林站[R] -> 芝山站[R] -> 明德站[R] -> 石牌站[R] -> 唭哩岸站[R] -> 奇岩站[R] -> 北投站[R] -> 復興崗站[R] -> 忠義站[R] -> 關渡站[R] -> 竹圍站[R]
東湖站,竹圍站,2,3939,65.65,2,480,8.0,東湖站[BR] -> 葫洲站[BR] -> 大湖公園站[BR] -> 內湖站[BR] -> 文德站[BR] -> 港墘站[BR] -> 西湖站[BR] -> 劍南路站[BR] -> 大直站[BR] -> 松山機場站[BR] -> 中山國中站[BR] -> 南京復興站[BR] -> 南京復興站[G] -> 松江南京站[G] -> 中山站[G] -> 中山站[R] -> 雙連站[R] -> 民權西路站[R] -> 圓山站[R] -> 劍潭站[R] -> 士林站[R] -> 芝山站[R] -> 明德站[R] -> 石牌站[R] -> 唭哩岸站[R] -> 奇岩站[R] -> 北投站[R] -> 復興崗站[R] -> 忠義站[R] -> 關渡站[R] -> 竹圍站[R]
東湖站,竹圍站,3,4459,74.31666666666666,1,300,5.0,東湖站[BR] -> 葫洲站[BR] -> 大湖公園站[BR] -> 內湖站[BR] -> 文德站[BR] -> 港墘站[BR] -> 西湖站[BR] -> 劍南路站[BR] -> 大直站[BR] -> 松山機場站[BR] -> 中山國中站[BR] -> 南京復興站[BR] -> 忠孝復興站[BR] -> 大安站[BR] -> 大安站[R] -> 大安森林公園站[R] -> 東門站[R] -> 中正紀念堂站[R] -> 台大醫院站[R] -> 台北車站[R] -> 中山站[R] -> 雙連站[R] -> 民權西路站[R] -> 圓山站[R] -> 劍潭站[R] -> 士林站[R] -> 芝山站[R] -> 明德站[R] -> 石牌站[R] -> 唭哩岸站[R] -> 奇岩站[R] -> 北投站[R] -> 復興崗站[R] -> 忠義站[R] -> 關渡站[R] -> 竹圍站[R]
東湖站,紅樹林站,1,4067,67.78333333333333,2,540,9.0,東湖站[BR] -> 南港軟體園區站[BR] -> 南港展覽館站[BR] -> 南港展覽館站[BL] -> 南港站[BL] -> 昆陽站[BL] -> 後山埤站[BL] -> 永春站[BL] -> 市政府站[BL] -> 國父紀念館站[BL] -> 忠孝敦化站[BL] -> 忠孝復興站[BL] -> 忠孝新生站[BL] -> 善導寺站[BL] -> 台北車站[BL] -> 台北車站[R] -> 中山站[R] -> 雙連站[R] -> 民權西路站[R] -> 圓山站[R] -> 劍潭站[R] -> 士林站[R] -> 芝山站[R] -> 明德站[R] -> 石牌站[R] -> 唭哩岸站[R] -> 奇岩站[R] -> 北投站[R] -> 復興崗站[R] -> 忠義站[R] -> 關渡站[R] -> 竹圍站[R] -> 紅樹林站[R]
東湖站,紅樹林站,2,4108,68.46666666666667,2,480,8.0,東湖站[BR] -> 葫洲站[BR] -> 大湖公園站[BR] -> 內湖站[BR] -> 文德站[BR] -> 港墘站[BR] -> 西湖站[BR] -> 劍南路站[BR] -> 大直站[BR] -> 松山機場站[BR] -> 中山國中站[BR] -> 南京復興站[BR] -> 南京復興站[G] -> 松江南京站[G] -> 中山站[G] -> 中山站[R] -> 雙連站[R] -> 民權西路站[R] -> 圓山站[R] -> 劍潭站[R] -> 士林站[R] -> 芝山站[R] -> 明德站[R] -> 石牌站[R] -> 唭哩岸站[R] -> 奇岩站[R] -> 北投站[R] -> 復興崗站[R] -> 忠義站[R] -> 關渡站[R] -> 竹圍站[R] -> 紅樹林站[R]
東湖站,紅樹林站,3,4628,77.13333333333334,1,300,5.0,東湖站[BR] -> 葫洲站[BR] -> 大湖公園站[BR] -> 內湖站[BR] -> 文德站[BR] -> 港墘站[BR] -> 西湖站[BR] -> 劍南路站[BR] -> 大直站[BR] -> 松山機場站[BR] -> 中山國中站[BR] -> 南京復興站[BR] -> 忠孝復興站[BR] -> 大安站[BR] -> 大安站[R] -> 大安森林公園站[R] -> 東門站[R] -> 中正紀念堂站[R] -> 台大醫院站[R] -> 台北車站[R] -> 中山站[R] -> 雙連站[R] -> 民權西路站[R] -> 圓山站[R] -> 劍潭站[R] -> 士林站[R] -> 芝山站[R] -> 明德站[R] -> 石牌站[R] -> 唭哩岸站[R] -> 奇岩站[R] -> 北投站[R] -> 復興崗站[R] -> 忠義站[R] -> 關渡站[R] -> 竹圍站[R] -> 紅樹林站[R]
東湖站,芝山站,1,2756,45.93333333333333,2,540,9.0,東湖站[BR] -> 南港軟體園區站[BR] -> 南港展覽館站[BR] -> 南港展覽館站[BL] -> 南港站[BL] -> 昆陽站[BL] -> 後山埤站[BL] -> 永春站[BL] -> 市政府站[BL] -> 國父紀念館站[BL] -> 忠孝敦化站[BL] -> 忠孝復興站[BL] -> 忠孝新生站[BL] -> 善導寺站[BL] -> 台北車站[BL] -> 台北車站[R] -> 中山站[R] -> 雙連站[R] -> 民權西路站[R] -> 圓山站[R] -> 劍潭站[R] -> 士林站[R] -> 芝山站[R]
東湖站,芝山站,2,2797,46.61666666666667,2,480,8.0,東湖站[BR] -> 葫洲站[BR] -> 大湖公園站[BR] -> 內湖站[BR] -> 文德站[BR] -> 港墘站[BR] -> 西湖站[BR] -> 劍南路站[BR] -> 大直站[BR] -> 松山機場站[BR] -> 中山國中站[BR] -> 南京復興站[BR] -> 南京復興站[G] -> 松江南京站[G] -> 中山站[G] -> 中山站[R] -> 雙連站[R] -> 民權西路站[R] -> 圓山站[R] -> 劍潭站[R] -> 士林站[R] -> 芝山站[R]
東湖站,芝山站,3,3317,55.28333333333333,1,300,5.0,東湖站[BR] -> 葫洲站[BR] -> 大湖公園站[BR] -> 內湖站[BR] -> 文德站[BR] -> 港墘站[BR] -> 西湖站[BR] -> 劍南路站[BR] -> 大直站[BR] -> 松山機場站[BR] -> 中山國中站[BR] -> 南京復興站[BR] -> 忠孝復興站[BR] -> 大安站[BR] -> 大安站[R] -> 大安森林公園站[R] -> 東門站[R] -> 中正紀念堂站[R] -> 台大醫院站[R] -> 台北車站[R] -> 中山站[R] -> 雙連站[R] -> 民權西路站[R] -> 圓山站[R] -> 劍潭站[R] -> 士林站[R] -> 芝山站[R]
東湖站,菜寮站,1,2485,41.416666666666664,2,420,7.0,東湖站[BR] -> 南港軟體園區站[BR] -> 南港展覽館站[BR] -> 南港展覽館站[BL] -> 南港站[BL] -> 昆陽站[BL] -> 後山埤站[BL] -> 永春站[BL] -> 市政府站[BL] -> 國父紀念館站[BL] -> 忠孝敦化站[BL] -> 忠孝復興站[BL] -> 忠孝新生站[BL] -> 忠孝新生站[O#4] -> 松江南京站[O#4] -> 行天宮站[O#4] -> 中山國小站[O#4] -> 民權西路站[O#4] -> 大橋頭站[O#4] -> 台北橋站[O] -> 菜寮站[O]
東湖站,萬芳社區站,1,2361,39.35,0,0,0.0,東湖站[BR] -> 葫洲站[BR] -> 大湖公園站[BR] -> 內湖站[BR] -> 文德站[BR] -> 港墘站[BR] -> 西湖站[BR] -> 劍南路站[BR] -> 大直站[BR] -> 松山機場站[BR] -> 中山國中站[BR] -> 南京復興站[BR] -> 忠孝復興站[BR] -> 大安站[BR] -> 科技大樓站[BR] -> 六張犁站[BR] -> 麟光站[BR] -> 辛亥站[BR] -> 萬芳醫院站[BR] -> 萬芳社區站[BR]
東湖站,萬芳醫院站,1,2237,37.28333333333333,0,0,0.0,東湖站[BR] -> 葫洲站[BR] -> 大湖公園站[BR] -> 內湖站[BR] -> 文德站[BR] -> 港墘站[BR] -> 西湖站[BR] -> 劍南路站[BR] -> 大直站[BR] -> 松山機場站[BR] -> 中山國中站[BR] -> 南京復興站[BR] -> 忠孝復興站[BR] -> 大安站[BR] -> 科技大樓站[BR] -> 六張犁站[BR] -> 麟光站[BR] -> 辛亥站[BR] -> 萬芳醫院站[BR]
東湖站,萬隆站,1,2542,42.36666666666667,3,540,9.0,東湖站[BR] -> 南港軟體園區站[BR] -> 南港展覽館站[BR] -> 南港展覽館站[BL] -> 南港站[BL] -> 昆陽站[BL] -> 後山埤站[BL] -> 永春站[BL] -> 市政府站[BL] -> 國父紀念館站[BL] -> 忠孝敦化站[BL] -> 忠孝復興站[BL] -> 忠孝新生站[BL] -> 忠孝新生站[O#4] -> 東門站[O#4] -> 古亭站[O#4] -> 古亭站[G] -> 台電大樓站[G] -> 公館站[G] -> 萬隆站[G]
東湖站,萬隆站,2,2726,45.43333333333333,2,420,7.0,東湖站[BR] -> 南港軟體園區站[BR] -> 南港展覽館站[BR] -> 南港展覽館站[BL] -> 南港站[BL] -> 昆陽站[BL] -> 後山埤站[BL] -> 永春站[BL] -> 市政府站[BL] -> 國父紀念館站[BL] -> 忠孝敦化站[BL] -> 忠孝復興站[BL] -> 忠孝新生站[BL] -> 善導寺站[BL] -> 台北車站[BL] -> 西門站[BL] -> 西門站[G] -> 小南門站[G] -> 中正紀念堂站[G] -> 古亭站[G] -> 台電大樓站[G] -> 公館站[G] -> 萬隆站[G]
東湖站,萬隆站,3,2913,48.55,1,300,5.0,東湖站[BR] -> 葫洲站[BR] -> 大湖公園站[BR] -> 內湖站[BR] -> 文德站[BR] -> 港墘站[BR] -> 西湖站[BR] -> 劍南路站[BR] -> 大直站[BR] -> 松山機場站[BR] -> 中山國中站[BR] -> 南京復興站[BR] -> 南京復興站[G] -> 松江南京站[G] -> 中山站[G] -> 北門站[G] -> 西門站[G] -> 小南門站[G] -> 中正紀念堂站[G] -> 古亭站[G] -> 台電大樓站[G] -> 公館站[G] -> 萬隆站[G]
東湖站,葫洲站,1,78,1.3,0,0,0.0,東湖站[BR] -> 葫洲站[BR]
東湖站,蘆洲站,1,2879,47.983333333333334,2,420,7.0,東湖站[BR] -> 南港軟體園區站[BR] -> 南港展覽館站[BR] -> 南港展覽館站[BL] -> 南港站[BL] -> 昆陽站[BL] -> 後山埤站[BL] -> 永春站[BL] -> 市政府站[BL] -> 國父紀念館站[BL] -> 忠孝敦化站[BL] -> 忠孝復興站[BL] -> 忠孝新生站[BL] -> 忠孝新生站[O#5] -> 松江南京站[O#5] -> 行天宮站[O#5] -> 中山國小站[O#5] -> 民權西路站[O#5] -> 大橋頭站[O#5] -> 三重國小站[O] -> 三和國中站[O] -> 徐匯中學站[O] -> 三民高中站[O] -> 蘆洲站[O]
東湖站,行天宮站,1,1877,31.283333333333335,2,420,7.0,東湖站[BR] -> 南港軟體園區站[BR] -> 南港展覽館站[BR] -> 南港展覽館站[BL] -> 南港站[BL] -> 昆陽站[BL] -> 後山埤站[BL] -> 永春站[BL] -> 市政府站[BL] -> 國父紀念館站[BL] -> 忠孝敦化站[BL] -> 忠孝復興站[BL] -> 忠孝新生站[BL] -> 忠孝新生站[O#4] -> 松江南京站[O#4] -> 行天宮站[O#4]
東湖站,西湖站,1,610,10.166666666666666,0,0,0.0,東湖站[BR] -> 葫洲站[BR] -> 大湖公園站[BR] -> 內湖站[BR] -> 文德站[BR] -> 港墘站[BR] -> 西湖站[BR]
東湖站,西門站,1,1883,31.383333333333333,1,300,5.0,東湖站[BR] -> 南港軟體園區站[BR] -> 南港展覽館站[BR] -> 南港展覽館站[BL] -> 南港站[BL] -> 昆陽站[BL] -> 後山埤站[BL] -> 永春站[BL] -> 市政府站[BL] -> 國父紀念館站[BL] -> 忠孝敦化站[BL] -> 忠孝復興站[BL] -> 忠孝新生站[BL] -> 善導寺站[BL] -> 台北車站[BL] -> 西門站[BL]
東湖站,象山站,1,2218,36.96666666666667,1,300,5.0,東湖站[BR] -> 葫洲站[BR] -> 大湖公園站[BR] -> 內湖站[BR] -> 文德站[BR] -> 港墘站[BR] -> 西湖站[BR] -> 劍南路站[BR] -> 大直站[BR] -> 松山機場站[BR] -> 中山國中站[BR] -> 南京復興站[BR] -> 忠孝復興站[BR] -> 大安站[BR] -> 大安站[R] -> 信義安和站[R] -> 台北101/世貿站[R] -> 象山站[R]
東湖站,輔大站,1,3175,52.916666666666664,2,420,7.0,東湖站[BR] -> 南港軟體園區站[BR] -> 南港展覽館站[BR] -> 南港展覽館站[BL] -> 南港站[BL] -> 昆陽站[BL] -> 後山埤站[BL] -> 永春站[BL] -> 市政府站[BL] -> 國父紀念館站[BL] -> 忠孝敦化站[BL] -> 忠孝復興站[BL] -> 忠孝新生站[BL] -> 忠孝新生站[O#4] -> 松江南京站[O#4] -> 行天宮站[O#4] -> 中山國小站[O#4] -> 民權西路站[O#4] -> 大橋頭站[O#4] -> 台北橋站[O] -> 菜寮站[O] -> 三重站[O] -> 先嗇宮站[O] -> 頭前庄站[O] -> 新莊站[O] -> 輔大站[O]
東湖站,辛亥站,1,2106,35.1,0,0,0.0,東湖站[BR] -> 葫洲站[BR] -> 大湖公園站[BR] -> 內湖站[BR] -> 文德站[BR] -> 港墘站[BR] -> 西湖站[BR] -> 劍南路站[BR] -> 大直站[BR] -> 松山機場站[BR] -> 中山國中站[BR] -> 南京復興站[BR] -> 忠孝復興站[BR] -> 大安站[BR] -> 科技大樓站[BR] -> 六張犁站[BR] -> 麟光站[BR] -> 辛亥站[BR]
東湖站,迴龍站,1,3506,58.43333333333333,2,420,7.0,東湖站[BR] -> 南港軟體園區站[BR] -> 南港展覽館站[BR] -> 南港展覽館站[BL] -> 南港站[BL] -> 昆陽站[BL] -> 後山埤站[BL] -> 永春站[BL] -> 市政府站[BL] -> 國父紀念館站[BL] -> 忠孝敦化站[BL] -> 忠孝復興站[BL] -> 忠孝新生站[BL] -> 忠孝新生站[O#4] -> 松江南京站[O#4] -> 行天宮站[O#4] -> 中山國小站[O#4] -> 民權西路站[O#4] -> 大橋頭站[O#4] -> 台北橋站[O] -> 菜寮站[O] -> 三重站[O] -> 先嗇宮站[O] -> 頭前庄站[O] -> 新莊站[O] -> 輔大站[O] -> 丹鳳站[O] -> 迴龍站[O]
東湖站,關渡站,1,3721,62.016666666666666,2,540,9.0,東湖站[BR] -> 南港軟體園區站[BR] -> 南港展覽館站[BR] -> 南港展覽館站[BL] -> 南港站[BL] -> 昆陽站[BL] -> 後山埤站[BL] -> 永春站[BL] -> 市政府站[BL] -> 國父紀念館站[BL] -> 忠孝敦化站[BL] -> 忠孝復興站[BL] -> 忠孝新生站[BL] -> 善導寺站[BL] -> 台北車站[BL] -> 台北車站[R] -> 中山站[R] -> 雙連站[R] -> 民權西路站[R] -> 圓山站[R] -> 劍潭站[R] -> 士林站[R] -> 芝山站[R] -> 明德站[R] -> 石牌站[R] -> 唭哩岸站[R] -> 奇岩站[R] -> 北投站[R] -> 復興崗站[R] -> 忠義站[R] -> 關渡站[R]
東湖站,關渡站,2,3762,62.7,2,480,8.0,東湖站[BR] -> 葫洲站[BR] -> 大湖公園站[BR] -> 內湖站[BR] -> 文德站[BR] -> 港墘站[BR] -> 西湖站[BR] -> 劍南路站[BR] -> 大直站[BR] -> 松山機場站[BR] -> 中山國中站[BR] -> 南京復興站[BR] -> 南京復興站[G] -> 松江南京站[G] -> 中山站[G] -> 中山站[R] -> 雙連站[R] -> 民權西路站[R] -> 圓山站[R] -> 劍潭站[R] -> 士林站[R] -> 芝山站[R] -> 明德站[R] -> 石牌站[R] -> 唭哩岸站[R] -> 奇岩站[R] -> 北投站[R] -> 復興崗站[R] -> 忠義站[R] -> 關渡站[R]
東湖站,關渡站,3,4282,71.36666666666666,1,300,5.0,東湖站[BR] -> 葫洲站[BR] -> 大湖公園站[BR] -> 內湖站[BR] -> 文德站[BR] -> 港墘站[BR] -> 西湖站[BR] -> 劍南路站[BR] -> 大直站[BR] -> 松山機場站[BR] -> 中山國中站[BR] -> 南京復興站[BR] -> 忠孝復興站[BR] -> 大安站[BR] -> 大安站[R] -> 大安森林公園站[R] -> 東門站[R] -> 中正紀念堂站[R] -> 台大醫院站[R] -> 台北車站[R] -> 中山站[R] -> 雙連站[R] -> 民權西路站[R] -> 圓山站[R] -> 劍潭站[R] -> 士林站[R] -> 芝山站[R] -> 明德站[R] -> 石牌站[R] -> 唭哩岸站[R] -> 奇岩站[R] -> 北投站[R] -> 復興崗站[R] -> 忠義站[R] -> 關渡站[R]
東湖站,雙連站,1,2156,35.93333333333333,2,540,9.0,東湖站[BR] -> 南港軟體園區站[BR] -> 南港展覽館站[BR] -> 南港展覽館站[BL] -> 南港站[BL] -> 昆陽站[BL] -> 後山埤站[BL] -> 永春站[BL] -> 市政府站[BL] -> 國父紀念館站[BL] -> 忠孝敦化站[BL] -> 忠孝復興站[BL] -> 忠孝新生站[BL] -> 善導寺站[BL] -> 台北車站[BL] -> 台北車站[R] -> 中山站[R] -> 雙連站[R]
東湖站,雙連站,2,2197,36.61666666666667,2,480,8.0,東湖站[BR] -> 葫洲站[BR] -> 大湖公園站[BR] -> 內湖站[BR] -> 文德站[BR] -> 港墘站[BR] -> 西湖站[BR] -> 劍南路站[BR] -> 大直站[BR] -> 松山機場站[BR] -> 中山國中站[BR] -> 南京復興站[BR] -> 南京復興站[G] -> 松江南京站[G] -> 中山站[G] -> 中山站[R] -> 雙連站[R]
東湖站,雙連站,3,2717,45.28333333333333,1,300,5.0,東湖站[BR] -> 葫洲站[BR] -> 大湖公園站[BR] -> 內湖站[BR] -> 文德站[BR] -> 港墘站[BR] -> 西湖站[BR] -> 劍南路站[BR] -> 大直站[BR] -> 松山機場站[BR] -> 中山國中站[BR] -> 南京復興站[BR] -> 忠孝復興站[BR] -> 大安站[BR] -> 大安站[R] -> 大安森林公園站[R] -> 東門站[R] -> 中正紀念堂站[R] -> 台大醫院站[R] -> 台北車站[R] -> 中山站[R] -> 雙連站[R]
東湖站,頂埔站,1,3343,55.71666666666667,1,300,5.0,東湖站[BR] -> 南港軟體園區站[BR] -> 南港展覽館站[BR] -> 南港展覽館站[BL] -> 南港站[BL] -> 昆陽站[BL] -> 後山埤站[BL] -> 永春站[BL] -> 市政府站[BL] -> 國父紀念館站[BL] -> 忠孝敦化站[BL] -> 忠孝復興站[BL] -> 忠孝新生站[BL] -> 善導寺站[BL] -> 台北車站[BL] -> 西門站[BL] -> 龍山寺站[BL] -> 江子翠站[BL] -> 新埔站[BL] -> 板橋站[BL] -> 府中站[BL] -> 亞東醫院站[BL] -> 海山站[BL] -> 土城站[BL] -> 永寧站[BL] -> 頂埔站[BL]
東湖站,頂溪站,1,2264,37.733333333333334,2,420,7.0,東湖站[BR] -> 南港軟體園區站[BR] -> 南港展覽館站[BR] -> 南港展覽館站[BL] -> 南港站[BL] -> 昆陽站[BL] -> 後山埤站[BL] -> 永春站[BL] -> 市政府站[BL] -> 國父紀念館站[BL] -> 忠孝敦化站[BL] -> 忠孝復興站[BL] -> 忠孝新生站[BL] -> 忠孝新生站[O#4] -> 東門站[O#4] -> 古亭站[O#4] -> 頂溪站[O#4]
東湖站,頭前庄站,1,2894,48.233333333333334,2,420,7.0,東湖站[BR] -> 南港軟體園區站[BR] -> 南港展覽館站[BR] -> 南港展覽館站[BL] -> 南港站[BL] -> 昆陽站[BL] -> 後山埤站[BL] -> 永春站[BL] -> 市政府站[BL] -> 國父紀念館站[BL] -> 忠孝敦化站[BL] -> 忠孝復興站[BL] -> 忠孝新生站[BL] -> 忠孝新生站[O#4] -> 松江南京站[O#4] -> 行天宮站[O#4] -> 中山國小站[O#4] -> 民權西路站[O#4] -> 大橋頭站[O#4] -> 台北橋站[O] -> 菜寮站[O] -> 三重站[O] -> 先嗇宮站[O] -> 頭前庄站[O]
東湖站,麟光站,1,1940,32.333333333333336,0,0,0.0,東湖站[BR] -> 葫洲站[BR] -> 大湖公園站[BR] -> 內湖站[BR] -> 文德站[BR] -> 港墘站[BR] -> 西湖站[BR] -> 劍南路站[BR] -> 大直站[BR] -> 松山機場站[BR] -> 中山國中站[BR] -> 南京復興站[BR] -> 忠孝復興站[BR] -> 大安站[BR] -> 科技大樓站[BR] -> 六張犁站[BR] -> 麟光站[BR]
東湖站,龍山寺站,1,2028,33.8,1,300,5.0,東湖站[BR] -> 南港軟體園區站[BR] -> 南港展覽館站[BR] -> 南港展覽館站[BL] -> 南港站[BL] -> 昆陽站[BL] -> 後山埤站[BL] -> 永春站[BL] -> 市政府站[BL] -> 國父紀念館站[BL] -> 忠孝敦化站[BL] -> 忠孝復興站[BL] -> 忠孝新生站[BL] -> 善導寺站[BL] -> 台北車站[BL] -> 西門站[BL] -> 龍山寺站[BL]
