destination,origins,mean_pareto_size,max_pareto_size,multi_pareto_od_count,multi_pareto_percentage
七張站,118,1.3898305084745763,3,40,33.89830508474576
三和國中站,118,1.5084745762711864,3,53,44.91525423728814
三民高中站,118,1.5084745762711864,3,53,44.91525423728814
三重國小站,118,1.5084745762711864,3,53,44.91525423728814
三重站,118,1.5254237288135593,3,54,45.76271186440678
中原站,118,2.6610169491525424,5,98,83.05084745762711
中和站,118,2.669491525423729,5,98,83.05084745762711
中山國中站,118,1.3135593220338984,3,30,25.423728813559322
中山國小站,118,1.2627118644067796,2,31,26.27118644067797
中山站,118,1.6779661016949152,5,51,43.22033898305085
中正紀念堂站,118,1.4661016949152543,4,36,30.508474576271187
丹鳳站,118,1.6016949152542372,3,56,47.45762711864407
亞東醫院站,118,1.5169491525423728,4,36,30.508474576271187
信義安和站,118,1.4745762711864407,4,34,28.8135593220339
先嗇宮站,118,1.5423728813559323,3,54,45.76271186440678
內湖站,118,1.305084745762712,3,29,24.576271186440678
公館站,118,1.3644067796610169,3,40,33.89830508474576
六張犁站,118,1.4830508474576272,4,41,34.74576271186441
劍南路站,118,1.305084745762712,3,29,24.576271186440678
劍潭站,118,1.6101694915254237,4,57,48.30508474576271
動物園站,118,1.4830508474576272,4,41,34.74576271186441
北投站,118,1.6101694915254237,4,57,48.30508474576271
北門站,118,1.4152542372881356,3,43,36.440677966101696
十四張站,118,1.7796610169491525,4,55,46.61016949152542
南京三民站,118,1.5084745762711864,4,45,38.13559322033898
南京復興站,118,1.5423728813559323,4,43,36.440677966101696
南勢角站,118,1.576271186440678,3,51,43.22033898305085
南港展覽館站,118,1.6355932203389831,4,40,33.89830508474576
南港站,118,1.5,4,31,26.27118644067797
南港軟體園區站,118,1.9915254237288136,5,60,50.847457627118644
古亭站,118,1.3305084745762712,3,36,30.508474576271187
台北101/世貿站,118,1.4745762711864407,4,34,28.8135593220339
台北小巨蛋站,118,1.5084745762711864,4,45,38.13559322033898
台北橋站,118,1.4576271186440677,3,53,44.91525423728814
台北車站,118,1.38135593220339,4,35,29.66101694915254
台大醫院站,118,1.5338983050847457,4,48,40.67796610169492
台電大樓站,118,1.423728813559322,3,44,37.28813559322034
唭哩岸站,118,1.6101694915254237,4,57,48.30508474576271
善導寺站,118,1.2966101694915255,3,24,20.33898305084746
國父紀念館站,118,1.5,4,31,26.27118644067797
圓山站,118,1.6101694915254237,4,57,48.30508474576271
土城站,118,1.5169491525423728,4,36,30.508474576271187
士林站,118,1.6101694915254237,4,57,48.30508474576271
大坪林站,118,1.38135593220339,3,38,32.20338983050847
大安森林公園站,118,1.3728813559322033,4,34,28.8135593220339
大安站,118,1.5423728813559323,5,32,27.11864406779661
大橋頭站,118,1.4576271186440677,3,53,44.91525423728814
大湖公園站,118,1.305084745762712,3,29,24.576271186440678
大直站,118,1.305084745762712,3,29,24.576271186440678
奇岩站,118,1.6101694915254237,4,57,48.30508474576271
小南門站,118,1.3220338983050848,3,33,27.966101694915253
小碧潭站,118,1.3898305084745763,3,40,33.89830508474576
市政府站,118,1.5,4,31,26.27118644067797
幸福站,118,2.7288135593220337,5,100,84.7457627118644
府中站,118,1.5169491525423728,4,36,30.508474576271187
廣慈/奉天宮站,118,1.4745762711864407,4,34,28.8135593220339
後山埤站,118,1.5,4,31,26.27118644067797
徐匯中學站,118,1.5084745762711864,3,53,44.91525423728814
復興崗站,118,1.6101694915254237,4,57,48.30508474576271
忠孝復興站,118,1.5169491525423728,4,31,26.27118644067797
忠孝敦化站,118,1.5,4,31,26.27118644067797
忠孝新生站,118,1.2796610169491525,3,28,23.728813559322035
忠義站,118,1.6101694915254237,4,57,48.30508474576271
文德站,118,1.305084745762712,3,29,24.576271186440678
新北投站,118,1.6101694915254237,4,57,48.30508474576271
新北產業園區站,118,2.7288135593220337,5,100,84.7457627118644
新埔民生站,118,2.8389830508474576,5,100,84.7457627118644
新埔站,118,1.4491525423728813,3,36,30.508474576271187
新店區公所站,118,1.3898305084745763,3,40,33.89830508474576
新店站,118,1.3898305084745763,3,40,33.89830508474576
新莊站,118,1.6016949152542372,3,56,47.45762711864407
昆陽站,118,1.5,4,31,26.27118644067797
明德站,118,1.6101694915254237,4,57,48.30508474576271
景安站,118,1.6101694915254237,4,42,35.59322033898305
景平站,118,2.194915254237288,4,97,82.20338983050848
景美站,118,1.3389830508474576,3,38,32.20338983050847
木柵站,118,1.4830508474576272,4,41,34.74576271186441
東湖站,118,1.847457627118644,5,44,37.28813559322034
東門站,118,1.11864406779661,3,13,11.016949152542372
松山機場站,118,1.305084745762712,3,29,24.576271186440678
松山站,118,1.5084745762711864,4,45,38.13559322033898
松江南京站,118,1.4322033898305084,4,40,33.89830508474576
板新站,118,2.7203389830508473,5,98,83.05084745762711
板橋站,118,1.271186440677966,3,28,23.728813559322035
橋和站,118,2.7796610169491527,5,98,83.05084745762711
民權西路站,118,1.423728813559322,3,48,40.67796610169492
永安市場站,118,1.5423728813559323,3,47,39.83050847457627
永寧站,118,1.5169491525423728,4,36,30.508474576271187
永春站,118,1.5,4,31,26.27118644067797
江子翠站,118,1.4491525423728813,3,36,30.508474576271187
海山站,118,1.5169491525423728,4,36,30.508474576271187
淡水站,118,1.6101694915254237,4,57,48.30508474576271
港墘站,118,1.305084745762712,3,29,24.576271186440678
石牌站,118,1.6101694915254237,4,57,48.30508474576271
秀朗橋站,118,1.9661016949152543,4,75,63.559322033898304
科技大樓站,118,1.4830508474576272,4,41,34.74576271186441
竹圍站,118,1.6101694915254237,4,57,48.30508474576271
紅樹林站,118,1.6101694915254237,4,57,48.30508474576271
芝山站,118,1.6101694915254237,4,57,48.30508474576271
菜寮站,118,1.5254237288135593,3,53,44.91525423728814
萬芳社區站,118,1.4830508474576272,4,41,34.74576271186441
萬芳醫院站,118,1.4830508474576272,4,41,34.74576271186441
萬隆站,118,1.38135593220339,4,41,34.74576271186441
葫洲站,118,1.4915254237288136,4,40,33.89830508474576
蘆洲站,118,1.5084745762711864,3,53,44.91525423728814
行天宮站,118,1.2457627118644068,3,28,23.728813559322035
西湖站,118,1.305084745762712,3,29,24.576271186440678
西門站,118,1.4491525423728813,3,41,34.74576271186441
象山站,118,1.4745762711864407,4,34,28.8135593220339
輔大站,118,1.6016949152542372,3,56,47.45762711864407
辛亥站,118,1.4830508474576272,4,41,34.74576271186441
迴龍站,118,1.6016949152542372,3,56,47.45762711864407
關渡站,118,1.6101694915254237,4,57,48.30508474576271
雙連站,118,1.576271186440678,4,57,48.30508474576271
頂埔站,118,1.5169491525423728,4,36,30.508474576271187
頂溪站,118,1.5,3,42,35.59322033898305
頭前庄站,118,1.5169491525423728,3,46,38.983050847457626
麟光站,118,1.4830508474576272,4,41,34.74576271186441
龍山寺站,118,1.4322033898305084,3,36,30.508474576271187
