network_id,target_rho,observed_rho,num_edges
0,-0.8,-0.8056764432663797,753
0,-0.4,-0.39137177185698163,753
0,0.0,0.00895078823452707,753
0,0.4,0.39522132417421846,753
0,0.8,0.7964503436551401,753
1,-0.8,-0.8013534085729636,825
1,-0.4,-0.4122618523766386,825
1,0.0,-0.014504614666952612,825
1,0.4,0.38000451167850785,825
1,0.8,0.7746495147545798,825
2,-0.8,-0.80059855888172,829
2,-0.4,-0.40682234867017775,829
2,0.0,-0.004072015364204614,829
2,0.4,0.4032254160524009,829
2,0.8,0.8018382311417875,829
3,-0.8,-0.7761342967180055,814
3,-0.4,-0.3839143194562033,814
3,0.0,-0.031486553278780964,814
3,0.4,0.33393968906429955,814
3,0.8,0.7555926222713115,814
4,-0.8,-0.7811935130653478,772
4,-0.4,-0.372217228195644,772
4,0.0,0.026441495165425034,772
4,0.4,0.40184806798229283,772
4,0.8,0.7874821255751298,772
5,-0.8,-0.7797792469079496,758
5,-0.4,-0.37234567425636944,758
5,0.0,0.02110082731278806,758
5,0.4,0.3997818365676715,758
5,0.8,0.7883757879748916,758
6,-0.8,-0.7848945361930235,795
6,-0.4,-0.36640732356234645,795
6,0.0,0.04290227172984707,795
6,0.4,0.4326163023182971,795
6,0.8,0.8082891314148467,795
7,-0.8,-0.7667881724727666,767
7,-0.4,-0.3484155324351959,767
7,0.0,0.027227806715886312,767
7,0.4,0.3969028338265904,767
7,0.8,0.7932997071034005,767
8,-0.8,-0.7864189435813381,795
8,-0.4,-0.37814859445053495,795
8,0.0,0.004045565999686169,795
8,0.4,0.38748325027375735,795
8,0.8,0.7842503203665168,795
9,-0.8,-0.7827720246623753,777
9,-0.4,-0.3961119676412732,777
9,0.0,-0.013325677643656083,777
9,0.4,0.37910741944721094,777
9,0.8,0.7878380432662209,777
10,-0.8,-0.7994805354130158,821
10,-0.4,-0.40563297594209435,821
10,0.0,-0.026225803622767458,821
10,0.4,0.37413443388807066,821
10,0.8,0.792028576887083,821
11,-0.8,-0.8069540607409436,773
11,-0.4,-0.41954685257842983,773
11,0.0,-0.03668357023690707,773
11,0.4,0.35854255036943394,773
11,0.8,0.7780894564220571,773
12,-0.8,-0.7754076858315536,768
12,-0.4,-0.3634855551303208,768
12,0.0,0.008680944793980835,768
12,0.4,0.3826408473223621,768
12,0.8,0.792726234301599,768
13,-0.8,-0.7763851177684812,781
13,-0.4,-0.36615604369961735,781
13,0.0,0.00805250032959315,781
13,0.4,0.3682436099569561,781
13,0.8,0.7768565278262076,781
14,-0.8,-0.809312455367633,775
14,-0.4,-0.4414311140367069,775
14,0.0,-0.06085256794291132,775
14,0.4,0.35220212237282006,775
14,0.8,0.7906091124245962,775
15,-0.8,-0.7749626191086991,811
15,-0.4,-0.35788466035806676,811
15,0.0,0.03175698508037839,811
15,0.4,0.4028585231799536,811
15,0.8,0.7815618305667913,811
16,-0.8,-0.7922639183991657,810
16,-0.4,-0.3831744270780446,810
16,0.0,0.019115369981259196,810
16,0.4,0.41046610024495217,810
16,0.8,0.7965933984247568,810
17,-0.8,-0.7781841501607834,799
17,-0.4,-0.37111492559529513,799
17,0.0,0.005105442058002344,799
17,0.4,0.3834150303831833,799
17,0.8,0.7872911696003928,799
18,-0.8,-0.7981898015547493,783
18,-0.4,-0.40227801080529896,783
18,0.0,-0.02284212484741149,783
18,0.4,0.3569472016202875,783
18,0.8,0.7683941275093658,783
19,-0.8,-0.7812371430142464,825
19,-0.4,-0.3749985886153958,825
19,0.0,0.003988085588278697,825
19,0.4,0.382013265827489,825
19,0.8,0.786090336641675,825
20,-0.8,-0.8043011411853268,768
20,-0.4,-0.4166145095720592,768
20,0.0,-0.023853002824053962,768
20,0.4,0.3965229212406398,768
20,0.8,0.8099832665782021,768
21,-0.8,-0.7592525085047915,792
21,-0.4,-0.3549663286919635,792
21,0.0,0.017172262911975614,792
21,0.4,0.38743999271460955,792
21,0.8,0.7782348779961195,792
22,-0.8,-0.7656498683767554,772
22,-0.4,-0.3462358455596205,772
22,0.0,0.029476359817346212,772
22,0.4,0.3996654562180038,772
22,0.8,0.7888212890165037,772
23,-0.8,-0.7940445010257291,783
23,-0.4,-0.4185227346331409,783
23,0.0,-0.03538883350466042,783
23,0.4,0.38357454147171316,783
23,0.8,0.7921429103842187,783
24,-0.8,-0.7809568822408816,788
24,-0.4,-0.34882590755723225,788
24,0.0,0.05070840545332109,788
24,0.4,0.408317643294103,788
24,0.8,0.776797438526033,788
25,-0.8,-0.7921734853695406,772
25,-0.4,-0.38069086868593915,772
25,0.0,-0.005900621036291058,772
25,0.4,0.37392855707289874,772
25,0.8,0.7839891591559707,772
26,-0.8,-0.8265000409271903,755
26,-0.4,-0.47106135981355685,755
26,0.0,-0.07570021893848229,755
26,0.4,0.34468349594800973,755
26,0.8,0.7738026205522233,755
27,-0.8,-0.7767650811368426,816
27,-0.4,-0.3856437242938901,816
27,0.0,-0.0025094437381890885,816
27,0.4,0.37902566897348383,816
27,0.8,0.7743971302508315,816
28,-0.8,-0.802062723008087,761
28,-0.4,-0.40189727436127526,761
28,0.0,-0.007770517763501884,761
28,0.4,0.3921894895004064,761
28,0.8,0.8059160272467044,761
29,-0.8,-0.7926944517425303,739
29,-0.4,-0.4112347376036462,739
29,0.0,-0.039722793202014176,739
29,0.4,0.35376997337195526,739
29,0.8,0.7744999712247636,739
30,-0.8,-0.770205175084099,809
30,-0.4,-0.3598085144364632,809
30,0.0,0.02368020399056024,809
30,0.4,0.3988091238044434,809
30,0.8,0.7817931252477679,809
31,-0.8,-0.7721665056838606,807
31,-0.4,-0.3173840139273815,807
31,0.0,0.09462054615890134,807
31,0.4,0.4648839330253775,807
31,0.8,0.8168517124183636,807
32,-0.8,-0.8089638008019949,811
32,-0.4,-0.40442221921153015,811
32,0.0,0.02092932962162113,811
32,0.4,0.4175668630210478,811
32,0.8,0.8002673910461234,811
33,-0.8,-0.786142228463325,818
33,-0.4,-0.38848922416551057,818
33,0.0,-0.0007806848660744403,818
33,0.4,0.37710958731675903,818
33,0.8,0.7793522118259566,818
34,-0.8,-0.7933919513082532,758
34,-0.4,-0.40120648663478503,758
34,0.0,-0.03648156483798243,758
34,0.4,0.343644236609497,758
34,0.8,0.7827809685284837,758
35,-0.8,-0.8135240745834762,785
35,-0.4,-0.4221282842709495,785
35,0.0,-0.006955624644379758,785
35,0.4,0.3952302673400473,785
35,0.8,0.794685669318629,785
36,-0.8,-0.7937422918548717,782
36,-0.4,-0.40559436701756785,782
36,0.0,-0.02869604243665258,782
36,0.4,0.3640308048735011,782
36,0.8,0.790703624356733,782
37,-0.8,-0.7895365428829237,740
37,-0.4,-0.4010940291882286,740
37,0.0,-0.02755042570877011,740
37,0.4,0.3579918237061009,740
37,0.8,0.7767677853663321,740
38,-0.8,-0.7725342465283151,777
38,-0.4,-0.3548725467712953,777
38,0.0,0.04049650315014622,777
38,0.4,0.414599584076133,777
38,0.8,0.7909747382398952,777
39,-0.8,-0.7714495203008418,825
39,-0.4,-0.3570613016493036,825
39,0.0,0.021267308142462343,825
39,0.4,0.395109689029939,825
39,0.8,0.7896893138159108,825
40,-0.8,-0.7854702836976104,796
40,-0.4,-0.39403538975798347,796
40,0.0,-0.027202002550558123,796
40,0.4,0.349244397967461,796
40,0.8,0.7650692676837434,796
41,-0.8,-0.7807207583693565,773
41,-0.4,-0.36765954279786994,773
41,0.0,0.017631290332961926,773
41,0.4,0.38865317640938457,773
41,0.8,0.7844381471656969,773
42,-0.8,-0.7930449787574526,819
42,-0.4,-0.35500173102907856,819
42,0.0,0.05536118147649843,819
42,0.4,0.42753642790775254,819
42,0.8,0.8002383621928332,819
43,-0.8,-0.7867115838168197,776
43,-0.4,-0.3849015790729169,776
43,0.0,-0.017327463808074504,776
43,0.4,0.36277809466571725,776
43,0.8,0.7776701133035616,776
44,-0.8,-0.7912224960965792,781
44,-0.4,-0.3835874207699002,781
44,0.0,0.012636628699704338,781
44,0.4,0.4049063068439781,781
44,0.8,0.7996005705843027,781
45,-0.8,-0.7927112177229793,852
45,-0.4,-0.41471985486683366,852
45,0.0,-0.028808258686236595,852
45,0.4,0.38016750120889636,852
45,0.8,0.7841193329820128,852
46,-0.8,-0.7629466903570262,820
46,-0.4,-0.3489476614105036,820
46,0.0,0.02878475761334208,820
46,0.4,0.3900548132884277,820
46,0.8,0.7719730059124297,820
47,-0.8,-0.8205981662876262,754
47,-0.4,-0.4195737022823916,754
47,0.0,0.0037048502404084514,754
47,0.4,0.40382848839456814,754
47,0.8,0.8044987390520023,754
48,-0.8,-0.7815980327854216,824
48,-0.4,-0.40369923564907206,824
48,0.0,-0.0402901964729289,824
48,0.4,0.3437824554894704,824
48,0.8,0.7615684024702021,824
49,-0.8,-0.7534218470475265,752
49,-0.4,-0.33833481755356,752
49,0.0,0.03286322040134929,752
49,0.4,0.38554864804158206,752
49,0.8,0.7694781126964385,752
